{"type":"FeatureCollection","features":[{"type":"Feature","id":0,"geometry":{"type":"Point","coordinates":[14.250444020115189,57.781063743710291]},"properties":{"FID":0,"objekt_id":"909a6a4f-abe6-90ec-e040-ed8f66444c3f","externid":"0680\u003eSKRÄDDAREN\u003e6\u003e1\u003e\u003e\u003e\u003e1","detaljtyp":"FASTID","kommunkod":"0680","kommunnamn":"JÖNKÖPING","trakt":"SKRÄDDAREN","blockenhet":"6","omrnr":1,"fastighet":"SKRÄDDAREN 6\u003e1","omrtyp":" ","omrinf":" ","adat":1466380800000}},{"type":"Feature","id":1,"geometry":{"type":"Point","coordinates":[14.249470160641957,57.781231393030623]},"properties":{"FID":1,"objekt_id":"909a6a4f-b8ea-90ec-e040-ed8f66444c3f","externid":"0680\u003eSÖMMEN\u003e1\u003e1\u003e\u003e\u003e\u003e1","detaljtyp":"FASTID","kommunkod":"0680","kommunnamn":"JÖNKÖPING","trakt":"SÖMMEN","blockenhet":"1","omrnr":1,"fastighet":"SÖMMEN 1\u003e1","omrtyp":" ","omrinf":" ","adat":1466380800000}},{"type":"Feature","id":2,"geometry":{"type":"Point","coordinates":[14.250885498097547,57.781313422272596]},"properties":{"FID":2,"objekt_id":"909a6a4f-abe5-90ec-e040-ed8f66444c3f","externid":"0680\u003eSKRÄDDAREN\u003e5\u003e1\u003e\u003e\u003e\u003e1","detaljtyp":"FASTID","kommunkod":"0680","kommunnamn":"JÖNKÖPING","trakt":"SKRÄDDAREN","blockenhet":"5","omrnr":1,"fastighet":"SKRÄDDAREN 5\u003e1","omrtyp":" ","omrinf":" ","adat":1466380800000}},{"type":"Feature","id":3,"geometry":{"type":"Point","coordinates":[14.250519124256767,57.781584618293962]},"properties":{"FID":3,"objekt_id":"909a6a4f-b8ec-90ec-e040-ed8f66444c3f","externid":"0680\u003eSÖMMEN\u003e3\u003e1\u003e\u003e\u003e\u003e1","detaljtyp":"FASTID","kommunkod":"0680","kommunnamn":"JÖNKÖPING","trakt":"SÖMMEN","blockenhet":"3","omrnr":1,"fastighet":"SÖMMEN 3\u003e1","omrtyp":" ","omrinf":" ","adat":1466380800000}},{"type":"Feature","id":4,"geometry":{"type":"Point","coordinates":[14.2775818292493,57.767947130029057]},"properties":{"FID":4,"objekt_id":"909a6a4f-d8e7-90ec-e040-ed8f66444c3f","externid":"0680\u003eÖXNEHAGA\u003e2:7\u003e1\u003e\u003e\u003e\u003e1","detaljtyp":"FASTID","kommunkod":"0680","kommunnamn":"JÖNKÖPING","trakt":"ÖXNEHAGA","blockenhet":"2:7","omrnr":1,"fastighet":"ÖXNEHAGA 2:7\u003e1","omrtyp":" ","omrinf":" ","adat":1107734400000}},{"type":"Feature","id":5,"geometry":{"type":"Point","coordinates":[14.277264785395683,57.768927526119938]},"properties":{"FID":5,"objekt_id":"909a6a4f-d8e6-90ec-e040-ed8f66444c3f","externid":"0680\u003eÖXNEHAGA\u003e2:6\u003e1\u003e\u003e\u003e\u003e1","detaljtyp":"FASTID","kommunkod":"0680","kommunnamn":"JÖNKÖPING","trakt":"ÖXNEHAGA","blockenhet":"2:6","omrnr":1,"fastighet":"ÖXNEHAGA 2:6\u003e1","omrtyp":" ","omrinf":" ","adat":1107734400000}},{"type":"Feature","id":6,"geometry":{"type":"Point","coordinates":[14.277167345271748,57.769125712527419]},"properties":{"FID":6,"objekt_id":"909a6a4f-d8e4-90ec-e040-ed8f66444c3f","externid":"0680\u003eÖXNEHAGA\u003e2:4\u003e1\u003e\u003e\u003e\u003e1","detaljtyp":"FASTID","kommunkod":"0680","kommunnamn":"JÖNKÖPING","trakt":"ÖXNEHAGA","blockenhet":"2:4","omrnr":1,"fastighet":"ÖXNEHAGA 2:4\u003e1","omrtyp":" ","omrinf":" ","adat":1107734400000}},{"type":"Feature","id":7,"geometry":{"type":"Point","coordinates":[14.266109623247187,57.779343204506389]},"properties":{"FID":7,"objekt_id":"909a6a4f-aea1-90ec-e040-ed8f66444c3f","externid":"0680\u003eSMULTRONBLADET\u003e7\u003e1\u003e\u003e\u003e\u003e1","detaljtyp":"FASTID","kommunkod":"0680","kommunnamn":"JÖNKÖPING","trakt":"SMULTRONBLADET","blockenhet":"7","omrnr":1,"fastighet":"SMULTRONBLADET 7\u003e1","omrtyp":" ","omrinf":" ","adat":1100217600000}},{"type":"Feature","id":8,"geometry":{"type":"Point","coordinates":[14.269867969633026,57.773984159689071]},"properties":{"FID":8,"objekt_id":"909a6a4f-ad37-90ec-e040-ed8f66444c3f","externid":"0680\u003eSLÅTTERRÄFSAN\u003e1\u003e1\u003e\u003e\u003e\u003e1","detaljtyp":"FASTID","kommunkod":"0680","kommunnamn":"JÖNKÖPING","trakt":"SLÅTTERRÄFSAN","blockenhet":"1","omrnr":1,"fastighet":"SLÅTTERRÄFSAN 1\u003e1","omrtyp":" ","omrinf":" ","adat":1681344000000}},{"type":"Feature","id":9,"geometry":{"type":"Point","coordinates":[14.255842195369448,57.770347743922621]},"properties":{"FID":9,"objekt_id":"909a6a4f-d8e1-90ec-e040-ed8f66444c3f","externid":"0680\u003eÖXNEHAGA\u003e2:1\u003e1","detaljtyp":"FASTID","kommunkod":"0680","kommunnamn":"JÖNKÖPING","trakt":"ÖXNEHAGA","blockenhet":"2:1","omrnr":1,"fastighet":"ÖXNEHAGA 2:1\u003e1","omrtyp":" ","omrinf":" ","adat":1681344000000}},{"type":"Feature","id":10,"geometry":{"type":"Point","coordinates":[14.268824474086477,57.773067407676194]},"properties":{"FID":10,"objekt_id":"909a6a4f-ad38-90ec-e040-ed8f66444c3f","externid":"0680\u003eSLÅTTERTIDEN\u003e1\u003e1\u003e\u003e\u003e\u003e1","detaljtyp":"FASTID","kommunkod":"0680","kommunnamn":"JÖNKÖPING","trakt":"SLÅTTERTIDEN","blockenhet":"1","omrnr":1,"fastighet":"SLÅTTERTIDEN 1\u003e1","omrtyp":" ","omrinf":" ","adat":1681344000000}},{"type":"Feature","id":11,"geometry":{"type":"Point","coordinates":[14.256258299784431,57.779236575394876]},"properties":{"FID":11,"objekt_id":"909a6a4f-adba-90ec-e040-ed8f66444c3f","externid":"0680\u003eSLÖJDLÄRAREN\u003e9\u003e1\u003e\u003e\u003e\u003e1","detaljtyp":"FASTID","kommunkod":"0680","kommunnamn":"JÖNKÖPING","trakt":"SLÖJDLÄRAREN","blockenhet":"9","omrnr":1,"fastighet":"SLÖJDLÄRAREN 9\u003e1","omrtyp":" ","omrinf":" ","adat":1100217600000}},{"type":"Feature","id":12,"geometry":{"type":"Point","coordinates":[14.256881305190909,57.779330406190184]},"properties":{"FID":12,"objekt_id":"909a6a4f-adbc-90ec-e040-ed8f66444c3f","externid":"0680\u003eSLÖJDLÄRAREN\u003e11\u003e1\u003e\u003e\u003e\u003e1","detaljtyp":"FASTID","kommunkod":"0680","kommunnamn":"JÖNKÖPING","trakt":"SLÖJDLÄRAREN","blockenhet":"11","omrnr":1,"fastighet":"SLÖJDLÄRAREN 11\u003e1","omrtyp":" ","omrinf":" ","adat":1100217600000}},{"type":"Feature","id":13,"geometry":{"type":"Point","coordinates":[14.257076479759498,57.779797069281642]},"properties":{"FID":13,"objekt_id":"909a6a4f-ad9a-90ec-e040-ed8f66444c3f","externid":"0680\u003eSLÖJDKNIVEN\u003e24\u003e1\u003e\u003e\u003e\u003e1","detaljtyp":"FASTID","kommunkod":"0680","kommunnamn":"JÖNKÖPING","trakt":"SLÖJDKNIVEN","blockenhet":"24","omrnr":1,"fastighet":"SLÖJDKNIVEN 24\u003e1","omrtyp":" ","omrinf":" ","adat":1100217600000}},{"type":"Feature","id":14,"geometry":{"type":"Point","coordinates":[14.252930396549816,57.77926318759323]},"properties":{"FID":14,"objekt_id":"909a6a4f-ad7f-90ec-e040-ed8f66444c3f","externid":"0680\u003eSLÖJDBÄNKEN\u003e5\u003e1\u003e\u003e\u003e\u003e1","detaljtyp":"FASTID","kommunkod":"0680","kommunnamn":"JÖNKÖPING","trakt":"SLÖJDBÄNKEN","blockenhet":"5","omrnr":1,"fastighet":"SLÖJDBÄNKEN 5\u003e1","omrtyp":" ","omrinf":" ","adat":1100217600000}},{"type":"Feature","id":15,"geometry":{"type":"Point","coordinates":[14.253088709264629,57.779647681644668]},"properties":{"FID":15,"objekt_id":"909a6a4f-ad7c-90ec-e040-ed8f66444c3f","externid":"0680\u003eSLÖJDBÄNKEN\u003e2\u003e1\u003e\u003e\u003e\u003e1","detaljtyp":"FASTID","kommunkod":"0680","kommunnamn":"JÖNKÖPING","trakt":"SLÖJDBÄNKEN","blockenhet":"2","omrnr":1,"fastighet":"SLÖJDBÄNKEN 2\u003e1","omrtyp":" ","omrinf":" ","adat":1100217600000}},{"type":"Feature","id":16,"geometry":{"type":"Point","coordinates":[14.253371066925842,57.779414070100458]},"properties":{"FID":16,"objekt_id":"909a6a4f-ad80-90ec-e040-ed8f66444c3f","externid":"0680\u003eSLÖJDBÄNKEN\u003e6\u003e1\u003e\u003e\u003e\u003e1","detaljtyp":"FASTID","kommunkod":"0680","kommunnamn":"JÖNKÖPING","trakt":"SLÖJDBÄNKEN","blockenhet":"6","omrnr":1,"fastighet":"SLÖJDBÄNKEN 6\u003e1","omrtyp":" ","omrinf":" ","adat":1100217600000}},{"type":"Feature","id":17,"geometry":{"type":"Point","coordinates":[14.253793873621079,57.779589871705404]},"properties":{"FID":17,"objekt_id":"909a6a4f-ad81-90ec-e040-ed8f66444c3f","externid":"0680\u003eSLÖJDBÄNKEN\u003e7\u003e1\u003e\u003e\u003e\u003e1","detaljtyp":"FASTID","kommunkod":"0680","kommunnamn":"JÖNKÖPING","trakt":"SLÖJDBÄNKEN","blockenhet":"7","omrnr":1,"fastighet":"SLÖJDBÄNKEN 7\u003e1","omrtyp":" ","omrinf":" ","adat":1100217600000}},{"type":"Feature","id":18,"geometry":{"type":"Point","coordinates":[14.254275795813745,57.779328167061507]},"properties":{"FID":18,"objekt_id":"909a6a4f-ae51-90ec-e040-ed8f66444c3f","externid":"0680\u003eSLÖJDYXAN\u003e4\u003e1\u003e\u003e\u003e\u003e1","detaljtyp":"FASTID","kommunkod":"0680","kommunnamn":"JÖNKÖPING","trakt":"SLÖJDYXAN","blockenhet":"4","omrnr":1,"fastighet":"SLÖJDYXAN 4\u003e1","omrtyp":" ","omrinf":" ","adat":1100217600000}},{"type":"Feature","id":19,"geometry":{"type":"Point","coordinates":[14.254541375159986,57.778231351715348]},"properties":{"FID":19,"objekt_id":"909a6a4f-ae1b-90ec-e040-ed8f66444c3f","externid":"0680\u003eSLÖJDVIRKET\u003e2\u003e1\u003e\u003e\u003e\u003e1","detaljtyp":"FASTID","kommunkod":"0680","kommunnamn":"JÖNKÖPING","trakt":"SLÖJDVIRKET","blockenhet":"2","omrnr":1,"fastighet":"SLÖJDVIRKET 2\u003e1","omrtyp":" ","omrinf":" ","adat":1100217600000}},{"type":"Feature","id":20,"geometry":{"type":"Point","coordinates":[14.254666108913378,57.779477518180407]},"properties":{"FID":20,"objekt_id":"909a6a4f-ae52-90ec-e040-ed8f66444c3f","externid":"0680\u003eSLÖJDYXAN\u003e5\u003e1\u003e\u003e\u003e\u003e1","detaljtyp":"FASTID","kommunkod":"0680","kommunnamn":"JÖNKÖPING","trakt":"SLÖJDYXAN","blockenhet":"5","omrnr":1,"fastighet":"SLÖJDYXAN 5\u003e1","omrtyp":" ","omrinf":" ","adat":1100217600000}},{"type":"Feature","id":21,"geometry":{"type":"Point","coordinates":[14.254693615057391,57.778248478599004]},"properties":{"FID":21,"objekt_id":"909a6a4f-ae1c-90ec-e040-ed8f66444c3f","externid":"0680\u003eSLÖJDVIRKET\u003e3\u003e1\u003e\u003e\u003e\u003e1","detaljtyp":"FASTID","kommunkod":"0680","kommunnamn":"JÖNKÖPING","trakt":"SLÖJDVIRKET","blockenhet":"3","omrnr":1,"fastighet":"SLÖJDVIRKET 3\u003e1","omrtyp":" ","omrinf":" ","adat":1100217600000}},{"type":"Feature","id":22,"geometry":{"type":"Point","coordinates":[14.254827029018088,57.778273462291367]},"properties":{"FID":22,"objekt_id":"909a6a4f-ae1d-90ec-e040-ed8f66444c3f","externid":"0680\u003eSLÖJDVIRKET\u003e4\u003e1\u003e\u003e\u003e\u003e1","detaljtyp":"FASTID","kommunkod":"0680","kommunnamn":"JÖNKÖPING","trakt":"SLÖJDVIRKET","blockenhet":"4","omrnr":1,"fastighet":"SLÖJDVIRKET 4\u003e1","omrtyp":" ","omrinf":" ","adat":1100217600000}},{"type":"Feature","id":23,"geometry":{"type":"Point","coordinates":[14.254887394888636,57.77792396796805]},"properties":{"FID":23,"objekt_id":"909a6a4f-ae31-90ec-e040-ed8f66444c3f","externid":"0680\u003eSLÖJDVIRKET\u003e24\u003e1\u003e\u003e\u003e\u003e1","detaljtyp":"FASTID","kommunkod":"0680","kommunnamn":"JÖNKÖPING","trakt":"SLÖJDVIRKET","blockenhet":"24","omrnr":1,"fastighet":"SLÖJDVIRKET 24\u003e1","omrtyp":" ","omrinf":" ","adat":1100217600000}},{"type":"Feature","id":24,"geometry":{"type":"Point","coordinates":[14.254942570657906,57.779028310730695]},"properties":{"FID":24,"objekt_id":"909a6a4f-adb3-90ec-e040-ed8f66444c3f","externid":"0680\u003eSLÖJDLÄRAREN\u003e2\u003e1\u003e\u003e\u003e\u003e1","detaljtyp":"FASTID","kommunkod":"0680","kommunnamn":"JÖNKÖPING","trakt":"SLÖJDLÄRAREN","blockenhet":"2","omrnr":1,"fastighet":"SLÖJDLÄRAREN 2\u003e1","omrtyp":" ","omrinf":" ","adat":1100217600000}},{"type":"Feature","id":25,"geometry":{"type":"Point","coordinates":[14.254988010616481,57.778713662386217]},"properties":{"FID":25,"objekt_id":"909a6a4f-add2-90ec-e040-ed8f66444c3f","externid":"0680\u003eSLÖJDLÄRAREN\u003e33\u003e1\u003e\u003e\u003e\u003e1","detaljtyp":"FASTID","kommunkod":"0680","kommunnamn":"JÖNKÖPING","trakt":"SLÖJDLÄRAREN","blockenhet":"33","omrnr":1,"fastighet":"SLÖJDLÄRAREN 33\u003e1","omrtyp":" ","omrinf":" ","adat":1100217600000}},{"type":"Feature","id":26,"geometry":{"type":"Point","coordinates":[14.254996935361209,57.778309664113074]},"properties":{"FID":26,"objekt_id":"909a6a4f-ae1e-90ec-e040-ed8f66444c3f","externid":"0680\u003eSLÖJDVIRKET\u003e5\u003e1\u003e\u003e\u003e\u003e1","detaljtyp":"FASTID","kommunkod":"0680","kommunnamn":"JÖNKÖPING","trakt":"SLÖJDVIRKET","blockenhet":"5","omrnr":1,"fastighet":"SLÖJDVIRKET 5\u003e1","omrtyp":" ","omrinf":" ","adat":1100217600000}},{"type":"Feature","id":27,"geometry":{"type":"Point","coordinates":[14.255141944422652,57.777985459333252]},"properties":{"FID":27,"objekt_id":"909a6a4f-ae32-90ec-e040-ed8f66444c3f","externid":"0680\u003eSLÖJDVIRKET\u003e25\u003e1\u003e\u003e\u003e\u003e1","detaljtyp":"FASTID","kommunkod":"0680","kommunnamn":"JÖNKÖPING","trakt":"SLÖJDVIRKET","blockenhet":"25","omrnr":1,"fastighet":"SLÖJDVIRKET 25\u003e1","omrtyp":" ","omrinf":" ","adat":1100217600000}},{"type":"Feature","id":28,"geometry":{"type":"Point","coordinates":[14.255213452798877,57.779062159335574]},"properties":{"FID":28,"objekt_id":"909a6a4f-adb4-90ec-e040-ed8f66444c3f","externid":"0680\u003eSLÖJDLÄRAREN\u003e3\u003e1\u003e\u003e\u003e\u003e1","detaljtyp":"FASTID","kommunkod":"0680","kommunnamn":"JÖNKÖPING","trakt":"SLÖJDLÄRAREN","blockenhet":"3","omrnr":1,"fastighet":"SLÖJDLÄRAREN 3\u003e1","omrtyp":" ","omrinf":" ","adat":1100217600000}},{"type":"Feature","id":29,"geometry":{"type":"Point","coordinates":[14.25347852772745,57.779808711009878]},"properties":{"FID":29,"objekt_id":"909a6a4f-ad7d-90ec-e040-ed8f66444c3f","externid":"0680\u003eSLÖJDBÄNKEN\u003e3\u003e1\u003e\u003e\u003e\u003e1","detaljtyp":"FASTID","kommunkod":"0680","kommunnamn":"JÖNKÖPING","trakt":"SLÖJDBÄNKEN","blockenhet":"3","omrnr":1,"fastighet":"SLÖJDBÄNKEN 3\u003e1","omrtyp":" ","omrinf":" ","adat":1100217600000}},{"type":"Feature","id":30,"geometry":{"type":"Point","coordinates":[14.254200946271549,57.77974033794117]},"properties":{"FID":30,"objekt_id":"909a6a4f-ad82-90ec-e040-ed8f66444c3f","externid":"0680\u003eSLÖJDBÄNKEN\u003e8\u003e1\u003e\u003e\u003e\u003e1","detaljtyp":"FASTID","kommunkod":"0680","kommunnamn":"JÖNKÖPING","trakt":"SLÖJDBÄNKEN","blockenhet":"8","omrnr":1,"fastighet":"SLÖJDBÄNKEN 8\u003e1","omrtyp":" ","omrinf":" ","adat":1100217600000}},{"type":"Feature","id":31,"geometry":{"type":"Point","coordinates":[14.257902989388651,57.771288601875035]},"properties":{"FID":31,"objekt_id":"909a6a51-41cb-90ec-e040-ed8f66444c3f","externid":"0680\u003eÖXNEHAGA\u003e2:11\u003e1\u003e\u003e\u003e\u003e1","detaljtyp":"FASTID","kommunkod":"0680","kommunnamn":"JÖNKÖPING","trakt":"ÖXNEHAGA","blockenhet":"2:11","omrnr":1,"fastighet":"ÖXNEHAGA 2:11\u003e1","omrtyp":" ","omrinf":" ","adat":1100217600000}},{"type":"Feature","id":32,"geometry":{"type":"Point","coordinates":[14.258471633654581,57.771196767016818]},"properties":{"FID":32,"objekt_id":"909a6a4f-af00-90ec-e040-ed8f66444c3f","externid":"0680\u003eSNÖDROPPEN\u003e1\u003e1\u003e\u003e\u003e\u003e1","detaljtyp":"FASTID","kommunkod":"0680","kommunnamn":"JÖNKÖPING","trakt":"SNÖDROPPEN","blockenhet":"1","omrnr":1,"fastighet":"SNÖDROPPEN 1\u003e1","omrtyp":" ","omrinf":" ","adat":1100217600000}},{"type":"Feature","id":33,"geometry":{"type":"Point","coordinates":[14.258786440497849,57.769219592405392]},"properties":{"FID":33,"objekt_id":"909a6a4f-ab2c-90ec-e040-ed8f66444c3f","externid":"0680\u003eSKATNÄVAN\u003e2\u003e1\u003e\u003e\u003e\u003e1","detaljtyp":"FASTID","kommunkod":"0680","kommunnamn":"JÖNKÖPING","trakt":"SKATNÄVAN","blockenhet":"2","omrnr":1,"fastighet":"SKATNÄVAN 2\u003e1","omrtyp":" ","omrinf":" ","adat":1100217600000}},{"type":"Feature","id":34,"geometry":{"type":"Point","coordinates":[14.258995799530775,57.770493737873416]},"properties":{"FID":34,"objekt_id":"909a6a4f-af50-90ec-e040-ed8f66444c3f","externid":"0680\u003eSOLROSEN\u003e2\u003e1\u003e\u003e\u003e\u003e1","detaljtyp":"FASTID","kommunkod":"0680","kommunnamn":"JÖNKÖPING","trakt":"SOLROSEN","blockenhet":"2","omrnr":1,"fastighet":"SOLROSEN 2\u003e1","omrtyp":" ","omrinf":" ","adat":1100217600000}},{"type":"Feature","id":35,"geometry":{"type":"Point","coordinates":[14.259046366721527,57.7695864568012]},"properties":{"FID":35,"objekt_id":"909a6a4f-a90d-90ec-e040-ed8f66444c3f","externid":"0680\u003eSANDNEJLIKAN\u003e6\u003e1\u003e\u003e\u003e\u003e1","detaljtyp":"FASTID","kommunkod":"0680","kommunnamn":"JÖNKÖPING","trakt":"SANDNEJLIKAN","blockenhet":"6","omrnr":1,"fastighet":"SANDNEJLIKAN 6\u003e1","omrtyp":" ","omrinf":" ","adat":1100217600000}},{"type":"Feature","id":36,"geometry":{"type":"Point","coordinates":[14.254092167824442,57.775028011295511]},"properties":{"FID":36,"objekt_id":"909a6a4f-d8de-90ec-e040-ed8f66444c3f","externid":"0680\u003eÖXNEGÅRDEN\u003e1\u003e1\u003e\u003e\u003e\u003e1","detaljtyp":"FASTID","kommunkod":"0680","kommunnamn":"JÖNKÖPING","trakt":"ÖXNEGÅRDEN","blockenhet":"1","omrnr":1,"fastighet":"ÖXNEGÅRDEN 1\u003e1","omrtyp":" ","omrinf":" ","adat":1109894400000}},{"type":"Feature","id":37,"geometry":{"type":"Point","coordinates":[14.269563901752942,57.767003329025087]},"properties":{"FID":37,"objekt_id":"909a6a4f-b938-90ec-e040-ed8f66444c3f","externid":"0680\u003eSÖTVEDELN\u003e28\u003e1\u003e\u003e\u003e\u003e1","detaljtyp":"FASTID","kommunkod":"0680","kommunnamn":"JÖNKÖPING","trakt":"SÖTVEDELN","blockenhet":"28","omrnr":1,"fastighet":"SÖTVEDELN 28\u003e1","omrtyp":" ","omrinf":" ","adat":1100217600000}},{"type":"Feature","id":38,"geometry":{"type":"Point","coordinates":[14.269818888728988,57.766301479692515]},"properties":{"FID":38,"objekt_id":"909a6a4f-b916-90ec-e040-ed8f66444c3f","externid":"0680\u003eSÖTBLOMSTRET\u003e34\u003e2","detaljtyp":"FASTID","kommunkod":"0680","kommunnamn":"JÖNKÖPING","trakt":"SÖTBLOMSTRET","blockenhet":"34","omrnr":2,"fastighet":"SÖTBLOMSTRET 34\u003e2","omrtyp":" ","omrinf":" ","adat":1100217600000}},{"type":"Feature","id":39,"geometry":{"type":"Point","coordinates":[14.269862014239802,57.76675010866461]},"properties":{"FID":39,"objekt_id":"909a6a4f-b8ff-90ec-e040-ed8f66444c3f","externid":"0680\u003eSÖTBLOMSTRET\u003e11\u003e1\u003e\u003e\u003e\u003e1","detaljtyp":"FASTID","kommunkod":"0680","kommunnamn":"JÖNKÖPING","trakt":"SÖTBLOMSTRET","blockenhet":"11","omrnr":1,"fastighet":"SÖTBLOMSTRET 11\u003e1","omrtyp":" ","omrinf":" ","adat":1107734400000}},{"type":"Feature","id":40,"geometry":{"type":"Point","coordinates":[14.269862207877917,57.767576284689227]},"properties":{"FID":40,"objekt_id":"909a6a4f-b941-90ec-e040-ed8f66444c3f","externid":"0680\u003eSÖTVEDELN\u003e37\u003e1\u003e\u003e\u003e\u003e1","detaljtyp":"FASTID","kommunkod":"0680","kommunnamn":"JÖNKÖPING","trakt":"SÖTVEDELN","blockenhet":"37","omrnr":1,"fastighet":"SÖTVEDELN 37\u003e1","omrtyp":" ","omrinf":" ","adat":1107734400000}},{"type":"Feature","id":41,"geometry":{"type":"Point","coordinates":[14.269963247163936,57.76674056829183]},"properties":{"FID":41,"objekt_id":"909a6a4f-b8fe-90ec-e040-ed8f66444c3f","externid":"0680\u003eSÖTBLOMSTRET\u003e10\u003e1\u003e\u003e\u003e\u003e1","detaljtyp":"FASTID","kommunkod":"0680","kommunnamn":"JÖNKÖPING","trakt":"SÖTBLOMSTRET","blockenhet":"10","omrnr":1,"fastighet":"SÖTBLOMSTRET 10\u003e1","omrtyp":" ","omrinf":" ","adat":1107734400000}},{"type":"Feature","id":42,"geometry":{"type":"Point","coordinates":[14.270047054623141,57.767576729578472]},"properties":{"FID":42,"objekt_id":"909a6a4f-b940-90ec-e040-ed8f66444c3f","externid":"0680\u003eSÖTVEDELN\u003e36\u003e1\u003e\u003e\u003e\u003e1","detaljtyp":"FASTID","kommunkod":"0680","kommunnamn":"JÖNKÖPING","trakt":"SÖTVEDELN","blockenhet":"36","omrnr":1,"fastighet":"SÖTVEDELN 36\u003e1","omrtyp":" ","omrinf":" ","adat":1100217600000}},{"type":"Feature","id":43,"geometry":{"type":"Point","coordinates":[14.270195280193436,57.767450109651769]},"properties":{"FID":43,"objekt_id":"909a6a4f-b93f-90ec-e040-ed8f66444c3f","externid":"0680\u003eSÖTVEDELN\u003e35\u003e1\u003e\u003e\u003e\u003e1","detaljtyp":"FASTID","kommunkod":"0680","kommunnamn":"JÖNKÖPING","trakt":"SÖTVEDELN","blockenhet":"35","omrnr":1,"fastighet":"SÖTVEDELN 35\u003e1","omrtyp":" ","omrinf":" ","adat":1100217600000}},{"type":"Feature","id":44,"geometry":{"type":"Point","coordinates":[14.270274817159656,57.76727865668763]},"properties":{"FID":44,"objekt_id":"909a6a4f-b93d-90ec-e040-ed8f66444c3f","externid":"0680\u003eSÖTVEDELN\u003e33\u003e1\u003e\u003e\u003e\u003e1","detaljtyp":"FASTID","kommunkod":"0680","kommunnamn":"JÖNKÖPING","trakt":"SÖTVEDELN","blockenhet":"33","omrnr":1,"fastighet":"SÖTVEDELN 33\u003e1","omrtyp":" ","omrinf":" ","adat":1107734400000}},{"type":"Feature","id":45,"geometry":{"type":"Point","coordinates":[14.270308094569346,57.767207220223113]},"properties":{"FID":45,"objekt_id":"909a6a4f-b93c-90ec-e040-ed8f66444c3f","externid":"0680\u003eSÖTVEDELN\u003e32\u003e1\u003e\u003e\u003e\u003e1","detaljtyp":"FASTID","kommunkod":"0680","kommunnamn":"JÖNKÖPING","trakt":"SÖTVEDELN","blockenhet":"32","omrnr":1,"fastighet":"SÖTVEDELN 32\u003e1","omrtyp":" ","omrinf":" ","adat":1107734400000}},{"type":"Feature","id":46,"geometry":{"type":"Point","coordinates":[14.270322273247347,57.767070899547029]},"properties":{"FID":46,"objekt_id":"909a6a4f-b93a-90ec-e040-ed8f66444c3f","externid":"0680\u003eSÖTVEDELN\u003e30\u003e1\u003e\u003e\u003e\u003e1","detaljtyp":"FASTID","kommunkod":"0680","kommunnamn":"JÖNKÖPING","trakt":"SÖTVEDELN","blockenhet":"30","omrnr":1,"fastighet":"SÖTVEDELN 30\u003e1","omrtyp":" ","omrinf":" ","adat":1107734400000}},{"type":"Feature","id":47,"geometry":{"type":"Point","coordinates":[14.270422751247963,57.766208222440461]},"properties":{"FID":47,"objekt_id":"909a6a4f-b8f7-90ec-e040-ed8f66444c3f","externid":"0680\u003eSÖTBLOMSTRET\u003e3\u003e1\u003e\u003e\u003e\u003e1","detaljtyp":"FASTID","kommunkod":"0680","kommunnamn":"JÖNKÖPING","trakt":"SÖTBLOMSTRET","blockenhet":"3","omrnr":1,"fastighet":"SÖTBLOMSTRET 3\u003e1","omrtyp":" ","omrinf":" ","adat":1100217600000}},{"type":"Feature","id":48,"geometry":{"type":"Point","coordinates":[14.270474948958322,57.766324696173371]},"properties":{"FID":48,"objekt_id":"909a6a4f-b8f6-90ec-e040-ed8f66444c3f","externid":"0680\u003eSÖTBLOMSTRET\u003e2\u003e1\u003e\u003e\u003e\u003e1","detaljtyp":"FASTID","kommunkod":"0680","kommunnamn":"JÖNKÖPING","trakt":"SÖTBLOMSTRET","blockenhet":"2","omrnr":1,"fastighet":"SÖTBLOMSTRET 2\u003e1","omrtyp":" ","omrinf":" ","adat":1100217600000}},{"type":"Feature","id":49,"geometry":{"type":"Point","coordinates":[14.270833107490443,57.767428206908427]},"properties":{"FID":49,"objekt_id":"909a6a4f-aba6-90ec-e040-ed8f66444c3f","externid":"0680\u003eSKOGSSTJÄRNAN\u003e4\u003e1\u003e\u003e\u003e\u003e1","detaljtyp":"FASTID","kommunkod":"0680","kommunnamn":"JÖNKÖPING","trakt":"SKOGSSTJÄRNAN","blockenhet":"4","omrnr":1,"fastighet":"SKOGSSTJÄRNAN 4\u003e1","omrtyp":" ","omrinf":" ","adat":1100217600000}},{"type":"Feature","id":50,"geometry":{"type":"Point","coordinates":[14.271077743972596,57.766177542437958]},"properties":{"FID":50,"objekt_id":"909a6a4f-b00a-90ec-e040-ed8f66444c3f","externid":"0680\u003eSPRINGKORNET\u003e3\u003e1\u003e\u003e\u003e\u003e1","detaljtyp":"FASTID","kommunkod":"0680","kommunnamn":"JÖNKÖPING","trakt":"SPRINGKORNET","blockenhet":"3","omrnr":1,"fastighet":"SPRINGKORNET 3\u003e1","omrtyp":" ","omrinf":" ","adat":1100217600000}},{"type":"Feature","id":51,"geometry":{"type":"Point","coordinates":[14.271153829235542,57.766681352567566]},"properties":{"FID":51,"objekt_id":"909a6a4f-b008-90ec-e040-ed8f66444c3f","externid":"0680\u003eSPRINGKORNET\u003e1\u003e1\u003e\u003e\u003e\u003e1","detaljtyp":"FASTID","kommunkod":"0680","kommunnamn":"JÖNKÖPING","trakt":"SPRINGKORNET","blockenhet":"1","omrnr":1,"fastighet":"SPRINGKORNET 1\u003e1","omrtyp":" ","omrinf":" ","adat":1100217600000}},{"type":"Feature","id":52,"geometry":{"type":"Point","coordinates":[14.266924122688962,57.770118829285487]},"properties":{"FID":52,"objekt_id":"909a6a51-7df6-90ec-e040-ed8f66444c3f","externid":"0680\u003eSTENSÖTAN\u003e4\u003e1\u003e\u003e\u003e\u003e1","detaljtyp":"FASTID","kommunkod":"0680","kommunnamn":"JÖNKÖPING","trakt":"STENSÖTAN","blockenhet":"4","omrnr":1,"fastighet":"STENSÖTAN 4\u003e1","omrtyp":" ","omrinf":" ","adat":1140480000000}},{"type":"Feature","id":53,"geometry":{"type":"Point","coordinates":[14.261993684271681,57.779400881995102]},"properties":{"FID":53,"objekt_id":"909a6a4f-ade9-90ec-e040-ed8f66444c3f","externid":"0680\u003eSLÖJDLÄRAREN\u003e56\u003e1\u003e\u003e\u003e\u003e1","detaljtyp":"FASTID","kommunkod":"0680","kommunnamn":"JÖNKÖPING","trakt":"SLÖJDLÄRAREN","blockenhet":"56","omrnr":1,"fastighet":"SLÖJDLÄRAREN 56\u003e1","omrtyp":" ","omrinf":" ","adat":1100217600000}},{"type":"Feature","id":54,"geometry":{"type":"Point","coordinates":[14.261657335070645,57.779403962766658]},"properties":{"FID":54,"objekt_id":"909a6a4f-ade7-90ec-e040-ed8f66444c3f","externid":"0680\u003eSLÖJDLÄRAREN\u003e54\u003e1\u003e\u003e\u003e\u003e1","detaljtyp":"FASTID","kommunkod":"0680","kommunnamn":"JÖNKÖPING","trakt":"SLÖJDLÄRAREN","blockenhet":"54","omrnr":1,"fastighet":"SLÖJDLÄRAREN 54\u003e1","omrtyp":" ","omrinf":" ","adat":1100217600000}},{"type":"Feature","id":55,"geometry":{"type":"Point","coordinates":[14.261174659685919,57.779684545562773]},"properties":{"FID":55,"objekt_id":"909a6a4f-adcd-90ec-e040-ed8f66444c3f","externid":"0680\u003eSLÖJDLÄRAREN\u003e28\u003e1\u003e\u003e\u003e\u003e1","detaljtyp":"FASTID","kommunkod":"0680","kommunnamn":"JÖNKÖPING","trakt":"SLÖJDLÄRAREN","blockenhet":"28","omrnr":1,"fastighet":"SLÖJDLÄRAREN 28\u003e1","omrtyp":" ","omrinf":" ","adat":1100217600000}},{"type":"Feature","id":56,"geometry":{"type":"Point","coordinates":[14.261023338309018,57.779685397234225]},"properties":{"FID":56,"objekt_id":"909a6a4f-adcc-90ec-e040-ed8f66444c3f","externid":"0680\u003eSLÖJDLÄRAREN\u003e27\u003e1\u003e\u003e\u003e\u003e1","detaljtyp":"FASTID","kommunkod":"0680","kommunnamn":"JÖNKÖPING","trakt":"SLÖJDLÄRAREN","blockenhet":"27","omrnr":1,"fastighet":"SLÖJDLÄRAREN 27\u003e1","omrtyp":" ","omrinf":" ","adat":1100217600000}},{"type":"Feature","id":57,"geometry":{"type":"Point","coordinates":[14.261291972194851,57.779693160918818]},"properties":{"FID":57,"objekt_id":"909a6a4f-adce-90ec-e040-ed8f66444c3f","externid":"0680\u003eSLÖJDLÄRAREN\u003e29\u003e1\u003e\u003e\u003e\u003e1","detaljtyp":"FASTID","kommunkod":"0680","kommunnamn":"JÖNKÖPING","trakt":"SLÖJDLÄRAREN","blockenhet":"29","omrnr":1,"fastighet":"SLÖJDLÄRAREN 29\u003e1","omrtyp":" ","omrinf":" ","adat":1100217600000}},{"type":"Feature","id":58,"geometry":{"type":"Point","coordinates":[14.263317010427997,57.780023156482002]},"properties":{"FID":58,"objekt_id":"909a6a4f-aeb5-90ec-e040-ed8f66444c3f","externid":"0680\u003eSMULTRONTIDEN\u003e1\u003e1\u003e\u003e\u003e\u003e1","detaljtyp":"FASTID","kommunkod":"0680","kommunnamn":"JÖNKÖPING","trakt":"SMULTRONTIDEN","blockenhet":"1","omrnr":1,"fastighet":"SMULTRONTIDEN 1\u003e1","omrtyp":" ","omrinf":" ","adat":1100217600000}},{"type":"Feature","id":59,"geometry":{"type":"Point","coordinates":[14.261267566837667,57.78010685124292]},"properties":{"FID":59,"objekt_id":"909a6a4f-adae-90ec-e040-ed8f66444c3f","externid":"0680\u003eSLÖJDKNIVEN\u003e44\u003e1\u003e\u003e\u003e\u003e1","detaljtyp":"FASTID","kommunkod":"0680","kommunnamn":"JÖNKÖPING","trakt":"SLÖJDKNIVEN","blockenhet":"44","omrnr":1,"fastighet":"SLÖJDKNIVEN 44\u003e1","omrtyp":" ","omrinf":" ","adat":1100217600000}},{"type":"Feature","id":60,"geometry":{"type":"Point","coordinates":[14.261032237719443,57.780106674411705]},"properties":{"FID":60,"objekt_id":"909a6a4f-adad-90ec-e040-ed8f66444c3f","externid":"0680\u003eSLÖJDKNIVEN\u003e43\u003e1\u003e\u003e\u003e\u003e1","detaljtyp":"FASTID","kommunkod":"0680","kommunnamn":"JÖNKÖPING","trakt":"SLÖJDKNIVEN","blockenhet":"43","omrnr":1,"fastighet":"SLÖJDKNIVEN 43\u003e1","omrtyp":" ","omrinf":" ","adat":1100217600000}},{"type":"Feature","id":61,"geometry":{"type":"Point","coordinates":[14.261889021321764,57.78011981305773]},"properties":{"FID":61,"objekt_id":"909a6a4f-adb0-90ec-e040-ed8f66444c3f","externid":"0680\u003eSLÖJDKNIVEN\u003e46\u003e1\u003e\u003e\u003e\u003e1","detaljtyp":"FASTID","kommunkod":"0680","kommunnamn":"JÖNKÖPING","trakt":"SLÖJDKNIVEN","blockenhet":"46","omrnr":1,"fastighet":"SLÖJDKNIVEN 46\u003e1","omrtyp":" ","omrinf":" ","adat":1100217600000}},{"type":"Feature","id":62,"geometry":{"type":"Point","coordinates":[14.263003564445436,57.780356092490749]},"properties":{"FID":62,"objekt_id":"909a6a4f-aea6-90ec-e040-ed8f66444c3f","externid":"0680\u003eSMULTRONBLOMMAN\u003e5\u003e1\u003e\u003e\u003e\u003e1","detaljtyp":"FASTID","kommunkod":"0680","kommunnamn":"JÖNKÖPING","trakt":"SMULTRONBLOMMAN","blockenhet":"5","omrnr":1,"fastighet":"SMULTRONBLOMMAN 5\u003e1","omrtyp":" ","omrinf":" ","adat":1100217600000}},{"type":"Feature","id":63,"geometry":{"type":"Point","coordinates":[14.261711282010978,57.780463380990099]},"properties":{"FID":63,"objekt_id":"909a6a4f-ad97-90ec-e040-ed8f66444c3f","externid":"0680\u003eSLÖJDKNIVEN\u003e21\u003e1\u003e\u003e\u003e\u003e1","detaljtyp":"FASTID","kommunkod":"0680","kommunnamn":"JÖNKÖPING","trakt":"SLÖJDKNIVEN","blockenhet":"21","omrnr":1,"fastighet":"SLÖJDKNIVEN 21\u003e1","omrtyp":" ","omrinf":" ","adat":1100217600000}},{"type":"Feature","id":64,"geometry":{"type":"Point","coordinates":[14.263494903004878,57.780542581007396]},"properties":{"FID":64,"objekt_id":"909a6a4f-aea3-90ec-e040-ed8f66444c3f","externid":"0680\u003eSMULTRONBLOMMAN\u003e2\u003e1\u003e\u003e\u003e\u003e1","detaljtyp":"FASTID","kommunkod":"0680","kommunnamn":"JÖNKÖPING","trakt":"SMULTRONBLOMMAN","blockenhet":"2","omrnr":1,"fastighet":"SMULTRONBLOMMAN 2\u003e1","omrtyp":" ","omrinf":" ","adat":1100217600000}},{"type":"Feature","id":65,"geometry":{"type":"Point","coordinates":[14.259183741842785,57.779265139605499]},"properties":{"FID":65,"objekt_id":"909a6a4f-addf-90ec-e040-ed8f66444c3f","externid":"0680\u003eSLÖJDLÄRAREN\u003e46\u003e1\u003e\u003e\u003e\u003e1","detaljtyp":"FASTID","kommunkod":"0680","kommunnamn":"JÖNKÖPING","trakt":"SLÖJDLÄRAREN","blockenhet":"46","omrnr":1,"fastighet":"SLÖJDLÄRAREN 46\u003e1","omrtyp":" ","omrinf":" ","adat":1100217600000}},{"type":"Feature","id":66,"geometry":{"type":"Point","coordinates":[14.259341422554122,57.779587650326029]},"properties":{"FID":66,"objekt_id":"909a6a4f-adc6-90ec-e040-ed8f66444c3f","externid":"0680\u003eSLÖJDLÄRAREN\u003e21\u003e1\u003e\u003e\u003e\u003e1","detaljtyp":"FASTID","kommunkod":"0680","kommunnamn":"JÖNKÖPING","trakt":"SLÖJDLÄRAREN","blockenhet":"21","omrnr":1,"fastighet":"SLÖJDLÄRAREN 21\u003e1","omrtyp":" ","omrinf":" ","adat":1100217600000}},{"type":"Feature","id":67,"geometry":{"type":"Point","coordinates":[14.259372145677922,57.780323503294625]},"properties":{"FID":67,"objekt_id":"909a6a4f-ad90-90ec-e040-ed8f66444c3f","externid":"0680\u003eSLÖJDKNIVEN\u003e14\u003e1\u003e\u003e\u003e\u003e1","detaljtyp":"FASTID","kommunkod":"0680","kommunnamn":"JÖNKÖPING","trakt":"SLÖJDKNIVEN","blockenhet":"14","omrnr":1,"fastighet":"SLÖJDKNIVEN 14\u003e1","omrtyp":" ","omrinf":" ","adat":1100217600000}},{"type":"Feature","id":68,"geometry":{"type":"Point","coordinates":[14.259495272638841,57.778859441893019]},"properties":{"FID":68,"objekt_id":"909a6a4f-ae2c-90ec-e040-ed8f66444c3f","externid":"0680\u003eSLÖJDVIRKET\u003e19\u003e1\u003e\u003e\u003e\u003e1","detaljtyp":"FASTID","kommunkod":"0680","kommunnamn":"JÖNKÖPING","trakt":"SLÖJDVIRKET","blockenhet":"19","omrnr":1,"fastighet":"SLÖJDVIRKET 19\u003e1","omrtyp":" ","omrinf":" ","adat":1100217600000}},{"type":"Feature","id":69,"geometry":{"type":"Point","coordinates":[14.259524396705601,57.78034062439702]},"properties":{"FID":69,"objekt_id":"909a6a4f-ad91-90ec-e040-ed8f66444c3f","externid":"0680\u003eSLÖJDKNIVEN\u003e15\u003e1\u003e\u003e\u003e\u003e1","detaljtyp":"FASTID","kommunkod":"0680","kommunnamn":"JÖNKÖPING","trakt":"SLÖJDKNIVEN","blockenhet":"15","omrnr":1,"fastighet":"SLÖJDKNIVEN 15\u003e1","omrtyp":" ","omrinf":" ","adat":1100217600000}},{"type":"Feature","id":70,"geometry":{"type":"Point","coordinates":[14.259618973457771,57.780015796752927]},"properties":{"FID":70,"objekt_id":"909a6a4f-ada5-90ec-e040-ed8f66444c3f","externid":"0680\u003eSLÖJDKNIVEN\u003e35\u003e1\u003e\u003e\u003e\u003e1","detaljtyp":"FASTID","kommunkod":"0680","kommunnamn":"JÖNKÖPING","trakt":"SLÖJDKNIVEN","blockenhet":"35","omrnr":1,"fastighet":"SLÖJDKNIVEN 35\u003e1","omrtyp":" ","omrinf":" ","adat":1100217600000}},{"type":"Feature","id":71,"geometry":{"type":"Point","coordinates":[14.259696672310255,57.778867292311212]},"properties":{"FID":71,"objekt_id":"909a6a4f-ae2d-90ec-e040-ed8f66444c3f","externid":"0680\u003eSLÖJDVIRKET\u003e20\u003e1\u003e\u003e\u003e\u003e1","detaljtyp":"FASTID","kommunkod":"0680","kommunnamn":"JÖNKÖPING","trakt":"SLÖJDVIRKET","blockenhet":"20","omrnr":1,"fastighet":"SLÖJDVIRKET 20\u003e1","omrtyp":" ","omrinf":" ","adat":1100217600000}},{"type":"Feature","id":72,"geometry":{"type":"Point","coordinates":[14.259830810886093,57.778875216812445]},"properties":{"FID":72,"objekt_id":"909a6a4f-ae2e-90ec-e040-ed8f66444c3f","externid":"0680\u003eSLÖJDVIRKET\u003e21\u003e1\u003e\u003e\u003e\u003e1","detaljtyp":"FASTID","kommunkod":"0680","kommunnamn":"JÖNKÖPING","trakt":"SLÖJDVIRKET","blockenhet":"21","omrnr":1,"fastighet":"SLÖJDVIRKET 21\u003e1","omrtyp":" ","omrinf":" ","adat":1100217600000}},{"type":"Feature","id":73,"geometry":{"type":"Point","coordinates":[14.259923385404234,57.779304698822493]},"properties":{"FID":73,"objekt_id":"909a6a4f-ade3-90ec-e040-ed8f66444c3f","externid":"0680\u003eSLÖJDLÄRAREN\u003e50\u003e1\u003e\u003e\u003e\u003e1","detaljtyp":"FASTID","kommunkod":"0680","kommunnamn":"JÖNKÖPING","trakt":"SLÖJDLÄRAREN","blockenhet":"50","omrnr":1,"fastighet":"SLÖJDLÄRAREN 50\u003e1","omrtyp":" ","omrinf":" ","adat":1100217600000}},{"type":"Feature","id":74,"geometry":{"type":"Point","coordinates":[14.26012569825828,57.779330510281888]},"properties":{"FID":74,"objekt_id":"909a6a4f-ade4-90ec-e040-ed8f66444c3f","externid":"0680\u003eSLÖJDLÄRAREN\u003e51\u003e1\u003e\u003e\u003e\u003e1","detaljtyp":"FASTID","kommunkod":"0680","kommunnamn":"JÖNKÖPING","trakt":"SLÖJDLÄRAREN","blockenhet":"51","omrnr":1,"fastighet":"SLÖJDLÄRAREN 51\u003e1","omrtyp":" ","omrinf":" ","adat":1100217600000}},{"type":"Feature","id":75,"geometry":{"type":"Point","coordinates":[14.260375023542723,57.780065437843113]},"properties":{"FID":75,"objekt_id":"909a6a4f-ada9-90ec-e040-ed8f66444c3f","externid":"0680\u003eSLÖJDKNIVEN\u003e39\u003e1\u003e\u003e\u003e\u003e1","detaljtyp":"FASTID","kommunkod":"0680","kommunnamn":"JÖNKÖPING","trakt":"SLÖJDKNIVEN","blockenhet":"39","omrnr":1,"fastighet":"SLÖJDKNIVEN 39\u003e1","omrtyp":" ","omrinf":" ","adat":1100217600000}},{"type":"Feature","id":76,"geometry":{"type":"Point","coordinates":[14.260678597014815,57.780081706665037]},"properties":{"FID":76,"objekt_id":"909a6a4f-adab-90ec-e040-ed8f66444c3f","externid":"0680\u003eSLÖJDKNIVEN\u003e41\u003e1\u003e\u003e\u003e\u003e1","detaljtyp":"FASTID","kommunkod":"0680","kommunnamn":"JÖNKÖPING","trakt":"SLÖJDKNIVEN","blockenhet":"41","omrnr":1,"fastighet":"SLÖJDKNIVEN 41\u003e1","omrtyp":" ","omrinf":" ","adat":1100217600000}},{"type":"Feature","id":77,"geometry":{"type":"Point","coordinates":[14.260855539130679,57.779677960438335]},"properties":{"FID":77,"objekt_id":"909a6a4f-adcb-90ec-e040-ed8f66444c3f","externid":"0680\u003eSLÖJDLÄRAREN\u003e26\u003e1\u003e\u003e\u003e\u003e1","detaljtyp":"FASTID","kommunkod":"0680","kommunnamn":"JÖNKÖPING","trakt":"SLÖJDLÄRAREN","blockenhet":"26","omrnr":1,"fastighet":"SLÖJDLÄRAREN 26\u003e1","omrtyp":" ","omrinf":" ","adat":1100217600000}},{"type":"Feature","id":78,"geometry":{"type":"Point","coordinates":[14.262270909761888,57.770385503280515]},"properties":{"FID":78,"objekt_id":"909a6a4f-ab97-90ec-e040-ed8f66444c3f","externid":"0680\u003eSKOGSLINDEN\u003e3\u003e1\u003e\u003e\u003e\u003e1","detaljtyp":"FASTID","kommunkod":"0680","kommunnamn":"JÖNKÖPING","trakt":"SKOGSLINDEN","blockenhet":"3","omrnr":1,"fastighet":"SKOGSLINDEN 3\u003e1","omrtyp":" ","omrinf":" ","adat":1100217600000}},{"type":"Feature","id":79,"geometry":{"type":"Point","coordinates":[14.260725139367601,57.770376542015732]},"properties":{"FID":79,"objekt_id":"909a6a4f-af54-90ec-e040-ed8f66444c3f","externid":"0680\u003eSOLROSEN\u003e6\u003e1\u003e\u003e\u003e\u003e1","detaljtyp":"FASTID","kommunkod":"0680","kommunnamn":"JÖNKÖPING","trakt":"SOLROSEN","blockenhet":"6","omrnr":1,"fastighet":"SOLROSEN 6\u003e1","omrtyp":" ","omrinf":" ","adat":1100217600000}},{"type":"Feature","id":80,"geometry":{"type":"Point","coordinates":[14.261312742740335,57.770390890779495]},"properties":{"FID":80,"objekt_id":"909a6a4f-ab95-90ec-e040-ed8f66444c3f","externid":"0680\u003eSKOGSLINDEN\u003e1\u003e1\u003e\u003e\u003e\u003e1","detaljtyp":"FASTID","kommunkod":"0680","kommunnamn":"JÖNKÖPING","trakt":"SKOGSLINDEN","blockenhet":"1","omrnr":1,"fastighet":"SKOGSLINDEN 1\u003e1","omrtyp":" ","omrinf":" ","adat":1100217600000}},{"type":"Feature","id":81,"geometry":{"type":"Point","coordinates":[14.259818829220968,57.770426550310638]},"properties":{"FID":81,"objekt_id":"909a6a4f-af52-90ec-e040-ed8f66444c3f","externid":"0680\u003eSOLROSEN\u003e4\u003e1\u003e\u003e\u003e\u003e1","detaljtyp":"FASTID","kommunkod":"0680","kommunnamn":"JÖNKÖPING","trakt":"SOLROSEN","blockenhet":"4","omrnr":1,"fastighet":"SOLROSEN 4\u003e1","omrtyp":" ","omrinf":" ","adat":1100217600000}},{"type":"Feature","id":82,"geometry":{"type":"Point","coordinates":[14.260260959850058,57.770738172350924]},"properties":{"FID":82,"objekt_id":"909a6a4f-af74-90ec-e040-ed8f66444c3f","externid":"0680\u003eSOLVÄNDAN\u003e5\u003e1\u003e\u003e\u003e\u003e1","detaljtyp":"FASTID","kommunkod":"0680","kommunnamn":"JÖNKÖPING","trakt":"SOLVÄNDAN","blockenhet":"5","omrnr":1,"fastighet":"SOLVÄNDAN 5\u003e1","omrtyp":" ","omrinf":" ","adat":1100217600000}},{"type":"Feature","id":83,"geometry":{"type":"Point","coordinates":[14.262345998370575,57.770752811821701]},"properties":{"FID":83,"objekt_id":"909a6a4f-ab89-90ec-e040-ed8f66444c3f","externid":"0680\u003eSKOGSKLÖVERN\u003e3\u003e1\u003e\u003e\u003e\u003e1","detaljtyp":"FASTID","kommunkod":"0680","kommunnamn":"JÖNKÖPING","trakt":"SKOGSKLÖVERN","blockenhet":"3","omrnr":1,"fastighet":"SKOGSKLÖVERN 3\u003e1","omrtyp":" ","omrinf":" ","adat":1100217600000}},{"type":"Feature","id":84,"geometry":{"type":"Point","coordinates":[14.261354557634862,57.770749706008587]},"properties":{"FID":84,"objekt_id":"909a6a4f-ab87-90ec-e040-ed8f66444c3f","externid":"0680\u003eSKOGSKLÖVERN\u003e1\u003e1\u003e\u003e\u003e\u003e1","detaljtyp":"FASTID","kommunkod":"0680","kommunnamn":"JÖNKÖPING","trakt":"SKOGSKLÖVERN","blockenhet":"1","omrnr":1,"fastighet":"SKOGSKLÖVERN 1\u003e1","omrtyp":" ","omrinf":" ","adat":1100217600000}},{"type":"Feature","id":85,"geometry":{"type":"Point","coordinates":[14.261791777536141,57.770782875156804]},"properties":{"FID":85,"objekt_id":"909a6a4f-ab88-90ec-e040-ed8f66444c3f","externid":"0680\u003eSKOGSKLÖVERN\u003e2\u003e1\u003e\u003e\u003e\u003e1","detaljtyp":"FASTID","kommunkod":"0680","kommunnamn":"JÖNKÖPING","trakt":"SKOGSKLÖVERN","blockenhet":"2","omrnr":1,"fastighet":"SKOGSKLÖVERN 2\u003e1","omrtyp":" ","omrinf":" ","adat":1100217600000}},{"type":"Feature","id":86,"geometry":{"type":"Point","coordinates":[14.259792104501939,57.770776450242622]},"properties":{"FID":86,"objekt_id":"909a6a4f-af73-90ec-e040-ed8f66444c3f","externid":"0680\u003eSOLVÄNDAN\u003e4\u003e1\u003e\u003e\u003e\u003e1","detaljtyp":"FASTID","kommunkod":"0680","kommunnamn":"JÖNKÖPING","trakt":"SOLVÄNDAN","blockenhet":"4","omrnr":1,"fastighet":"SOLVÄNDAN 4\u003e1","omrtyp":" ","omrinf":" ","adat":1100217600000}},{"type":"Feature","id":87,"geometry":{"type":"Point","coordinates":[14.25935516454472,57.770815119497485]},"properties":{"FID":87,"objekt_id":"909a6a4f-af72-90ec-e040-ed8f66444c3f","externid":"0680\u003eSOLVÄNDAN\u003e3\u003e1\u003e\u003e\u003e\u003e1","detaljtyp":"FASTID","kommunkod":"0680","kommunnamn":"JÖNKÖPING","trakt":"SOLVÄNDAN","blockenhet":"3","omrnr":1,"fastighet":"SOLVÄNDAN 3\u003e1","omrtyp":" ","omrinf":" ","adat":1100217600000}},{"type":"Feature","id":88,"geometry":{"type":"Point","coordinates":[14.260318259516499,57.77108819441257]},"properties":{"FID":88,"objekt_id":"909a6a4f-af04-90ec-e040-ed8f66444c3f","externid":"0680\u003eSNÖDROPPEN\u003e5\u003e1\u003e\u003e\u003e\u003e1","detaljtyp":"FASTID","kommunkod":"0680","kommunnamn":"JÖNKÖPING","trakt":"SNÖDROPPEN","blockenhet":"5","omrnr":1,"fastighet":"SNÖDROPPEN 5\u003e1","omrtyp":" ","omrinf":" ","adat":1100217600000}},{"type":"Feature","id":89,"geometry":{"type":"Point","coordinates":[14.25981490882277,57.77110809908767]},"properties":{"FID":89,"objekt_id":"909a6a4f-af03-90ec-e040-ed8f66444c3f","externid":"0680\u003eSNÖDROPPEN\u003e4\u003e1\u003e\u003e\u003e\u003e1","detaljtyp":"FASTID","kommunkod":"0680","kommunnamn":"JÖNKÖPING","trakt":"SNÖDROPPEN","blockenhet":"4","omrnr":1,"fastighet":"SNÖDROPPEN 4\u003e1","omrtyp":" ","omrinf":" ","adat":1100217600000}},{"type":"Feature","id":90,"geometry":{"type":"Point","coordinates":[14.261948710522931,57.771122445888601]},"properties":{"FID":90,"objekt_id":"909a6a4f-aa01-90ec-e040-ed8f66444c3f","externid":"0680\u003eSILESHÅRET\u003e2\u003e1\u003e\u003e\u003e\u003e1","detaljtyp":"FASTID","kommunkod":"0680","kommunnamn":"JÖNKÖPING","trakt":"SILESHÅRET","blockenhet":"2","omrnr":1,"fastighet":"SILESHÅRET 2\u003e1","omrtyp":" ","omrinf":" ","adat":1100217600000}},{"type":"Feature","id":91,"geometry":{"type":"Point","coordinates":[14.262521514679372,57.771129417859463]},"properties":{"FID":91,"objekt_id":"909a6a4f-aa02-90ec-e040-ed8f66444c3f","externid":"0680\u003eSILESHÅRET\u003e3\u003e1\u003e\u003e\u003e\u003e1","detaljtyp":"FASTID","kommunkod":"0680","kommunnamn":"JÖNKÖPING","trakt":"SILESHÅRET","blockenhet":"3","omrnr":1,"fastighet":"SILESHÅRET 3\u003e1","omrtyp":" ","omrinf":" ","adat":1100217600000}},{"type":"Feature","id":92,"geometry":{"type":"Point","coordinates":[14.259378367217689,57.771137788056564]},"properties":{"FID":92,"objekt_id":"909a6a4f-af02-90ec-e040-ed8f66444c3f","externid":"0680\u003eSNÖDROPPEN\u003e3\u003e1\u003e\u003e\u003e\u003e1","detaljtyp":"FASTID","kommunkod":"0680","kommunnamn":"JÖNKÖPING","trakt":"SNÖDROPPEN","blockenhet":"3","omrnr":1,"fastighet":"SNÖDROPPEN 3\u003e1","omrtyp":" ","omrinf":" ","adat":1100217600000}},{"type":"Feature","id":93,"geometry":{"type":"Point","coordinates":[14.260644726867861,57.771472034659269]},"properties":{"FID":93,"objekt_id":"909a6a4f-aec9-90ec-e040-ed8f66444c3f","externid":"0680\u003eSMÖRBOLLEN\u003e4\u003e1\u003e\u003e\u003e\u003e1","detaljtyp":"FASTID","kommunkod":"0680","kommunnamn":"JÖNKÖPING","trakt":"SMÖRBOLLEN","blockenhet":"4","omrnr":1,"fastighet":"SMÖRBOLLEN 4\u003e1","omrtyp":" ","omrinf":" ","adat":1100217600000}},{"type":"Feature","id":94,"geometry":{"type":"Point","coordinates":[14.259704600079029,57.771486605824755]},"properties":{"FID":94,"objekt_id":"909a6a4f-aec7-90ec-e040-ed8f66444c3f","externid":"0680\u003eSMÖRBOLLEN\u003e2\u003e1\u003e\u003e\u003e\u003e1","detaljtyp":"FASTID","kommunkod":"0680","kommunnamn":"JÖNKÖPING","trakt":"SMÖRBOLLEN","blockenhet":"2","omrnr":1,"fastighet":"SMÖRBOLLEN 2\u003e1","omrtyp":" ","omrinf":" ","adat":1100217600000}},{"type":"Feature","id":95,"geometry":{"type":"Point","coordinates":[14.261115937685844,57.771496637252518]},"properties":{"FID":95,"objekt_id":"909a6a4f-aeca-90ec-e040-ed8f66444c3f","externid":"0680\u003eSMÖRBOLLEN\u003e5\u003e1\u003e\u003e\u003e\u003e1","detaljtyp":"FASTID","kommunkod":"0680","kommunnamn":"JÖNKÖPING","trakt":"SMÖRBOLLEN","blockenhet":"5","omrnr":1,"fastighet":"SMÖRBOLLEN 5\u003e1","omrtyp":" ","omrinf":" ","adat":1100217600000}},{"type":"Feature","id":96,"geometry":{"type":"Point","coordinates":[14.261621166873072,57.771511779857505]},"properties":{"FID":96,"objekt_id":"909a6a4f-aecb-90ec-e040-ed8f66444c3f","externid":"0680\u003eSMÖRBOLLEN\u003e6\u003e1\u003e\u003e\u003e\u003e1","detaljtyp":"FASTID","kommunkod":"0680","kommunnamn":"JÖNKÖPING","trakt":"SMÖRBOLLEN","blockenhet":"6","omrnr":1,"fastighet":"SMÖRBOLLEN 6\u003e1","omrtyp":" ","omrinf":" ","adat":1100217600000}},{"type":"Feature","id":97,"geometry":{"type":"Point","coordinates":[14.260902517544142,57.769134953975346]},"properties":{"FID":97,"objekt_id":"909a6a4f-b728-90ec-e040-ed8f66444c3f","externid":"0680\u003eSVINGELN\u003e2\u003e1\u003e\u003e\u003e\u003e1","detaljtyp":"FASTID","kommunkod":"0680","kommunnamn":"JÖNKÖPING","trakt":"SVINGELN","blockenhet":"2","omrnr":1,"fastighet":"SVINGELN 2\u003e1","omrtyp":" ","omrinf":" ","adat":1100217600000}},{"type":"Feature","id":98,"geometry":{"type":"Point","coordinates":[14.259860420191774,57.769177918634895]},"properties":{"FID":98,"objekt_id":"909a6a4f-ab2e-90ec-e040-ed8f66444c3f","externid":"0680\u003eSKATNÄVAN\u003e4\u003e1\u003e\u003e\u003e\u003e1","detaljtyp":"FASTID","kommunkod":"0680","kommunnamn":"JÖNKÖPING","trakt":"SKATNÄVAN","blockenhet":"4","omrnr":1,"fastighet":"SKATNÄVAN 4\u003e1","omrtyp":" ","omrinf":" ","adat":1100217600000}},{"type":"Feature","id":99,"geometry":{"type":"Point","coordinates":[14.260925401382357,57.769504321516052]},"properties":{"FID":99,"objekt_id":"909a6a4f-aba1-90ec-e040-ed8f66444c3f","externid":"0680\u003eSKOGSNÄVAN\u003e6\u003e1\u003e\u003e\u003e\u003e1","detaljtyp":"FASTID","kommunkod":"0680","kommunnamn":"JÖNKÖPING","trakt":"SKOGSNÄVAN","blockenhet":"6","omrnr":1,"fastighet":"SKOGSNÄVAN 6\u003e1","omrtyp":" ","omrinf":" ","adat":1100217600000}},{"type":"Feature","id":100,"geometry":{"type":"Point","coordinates":[14.260422406314026,57.769516146168762]},"properties":{"FID":100,"objekt_id":"909a6a4f-aba0-90ec-e040-ed8f66444c3f","externid":"0680\u003eSKOGSNÄVAN\u003e5\u003e1\u003e\u003e\u003e\u003e1","detaljtyp":"FASTID","kommunkod":"0680","kommunnamn":"JÖNKÖPING","trakt":"SKOGSNÄVAN","blockenhet":"5","omrnr":1,"fastighet":"SKOGSNÄVAN 5\u003e1","omrtyp":" ","omrinf":" ","adat":1100217600000}},{"type":"Feature","id":101,"geometry":{"type":"Point","coordinates":[14.259919025745313,57.769536940298821]},"properties":{"FID":101,"objekt_id":"909a6a4f-a90f-90ec-e040-ed8f66444c3f","externid":"0680\u003eSANDNEJLIKAN\u003e8\u003e1\u003e\u003e\u003e\u003e1","detaljtyp":"FASTID","kommunkod":"0680","kommunnamn":"JÖNKÖPING","trakt":"SANDNEJLIKAN","blockenhet":"8","omrnr":1,"fastighet":"SANDNEJLIKAN 8\u003e1","omrtyp":" ","omrinf":" ","adat":1100217600000}},{"type":"Feature","id":102,"geometry":{"type":"Point","coordinates":[14.26447219452138,57.769565482973441]},"properties":{"FID":102,"objekt_id":"909a6a4f-b7a2-90ec-e040-ed8f66444c3f","externid":"0680\u003eSYSKAN\u003e12\u003e1\u003e\u003e\u003e\u003e1","detaljtyp":"FASTID","kommunkod":"0680","kommunnamn":"JÖNKÖPING","trakt":"SYSKAN","blockenhet":"12","omrnr":1,"fastighet":"SYSKAN 12\u003e1","omrtyp":" ","omrinf":" ","adat":1100217600000}},{"type":"Feature","id":103,"geometry":{"type":"Point","coordinates":[14.260947952760365,57.76976321778961]},"properties":{"FID":103,"objekt_id":"909a6a4f-ab9d-90ec-e040-ed8f66444c3f","externid":"0680\u003eSKOGSNÄVAN\u003e2\u003e1\u003e\u003e\u003e\u003e1","detaljtyp":"FASTID","kommunkod":"0680","kommunnamn":"JÖNKÖPING","trakt":"SKOGSNÄVAN","blockenhet":"2","omrnr":1,"fastighet":"SKOGSNÄVAN 2\u003e1","omrtyp":" ","omrinf":" ","adat":1100217600000}},{"type":"Feature","id":104,"geometry":{"type":"Point","coordinates":[14.264243331882433,57.769808753662808]},"properties":{"FID":104,"objekt_id":"909a6a4f-b79f-90ec-e040-ed8f66444c3f","externid":"0680\u003eSYSKAN\u003e9\u003e1\u003e\u003e\u003e\u003e1","detaljtyp":"FASTID","kommunkod":"0680","kommunnamn":"JÖNKÖPING","trakt":"SYSKAN","blockenhet":"9","omrnr":1,"fastighet":"SYSKAN 9\u003e1","omrtyp":" ","omrinf":" ","adat":1100217600000}},{"type":"Feature","id":105,"geometry":{"type":"Point","coordinates":[14.262248241821235,57.77008978652362]},"properties":{"FID":105,"objekt_id":"909a6a4f-ab9a-90ec-e040-ed8f66444c3f","externid":"0680\u003eSKOGSLINDEN\u003e6\u003e1\u003e\u003e\u003e\u003e1","detaljtyp":"FASTID","kommunkod":"0680","kommunnamn":"JÖNKÖPING","trakt":"SKOGSLINDEN","blockenhet":"6","omrnr":1,"fastighet":"SKOGSLINDEN 6\u003e1","omrtyp":" ","omrinf":" ","adat":1100217600000}},{"type":"Feature","id":106,"geometry":{"type":"Point","coordinates":[14.261762080774558,57.770100924021278]},"properties":{"FID":106,"objekt_id":"909a6a4f-ab99-90ec-e040-ed8f66444c3f","externid":"0680\u003eSKOGSLINDEN\u003e5\u003e1\u003e\u003e\u003e\u003e1","detaljtyp":"FASTID","kommunkod":"0680","kommunnamn":"JÖNKÖPING","trakt":"SKOGSLINDEN","blockenhet":"5","omrnr":1,"fastighet":"SKOGSLINDEN 5\u003e1","omrtyp":" ","omrinf":" ","adat":1100217600000}},{"type":"Feature","id":107,"geometry":{"type":"Point","coordinates":[14.260250077576236,57.770127383752829]},"properties":{"FID":107,"objekt_id":"909a6a4f-af59-90ec-e040-ed8f66444c3f","externid":"0680\u003eSOLROSEN\u003e11\u003e1\u003e\u003e\u003e\u003e1","detaljtyp":"FASTID","kommunkod":"0680","kommunnamn":"JÖNKÖPING","trakt":"SOLROSEN","blockenhet":"11","omrnr":1,"fastighet":"SOLROSEN 11\u003e1","omrtyp":" ","omrinf":" ","adat":1100217600000}},{"type":"Feature","id":108,"geometry":{"type":"Point","coordinates":[14.259091211413949,57.778834759009747]},"properties":{"FID":108,"objekt_id":"909a6a4f-ae2a-90ec-e040-ed8f66444c3f","externid":"0680\u003eSLÖJDVIRKET\u003e17\u003e1\u003e\u003e\u003e\u003e1","detaljtyp":"FASTID","kommunkod":"0680","kommunnamn":"JÖNKÖPING","trakt":"SLÖJDVIRKET","blockenhet":"17","omrnr":1,"fastighet":"SLÖJDVIRKET 17\u003e1","omrtyp":" ","omrinf":" ","adat":1100217600000}},{"type":"Feature","id":109,"geometry":{"type":"Point","coordinates":[14.259217176461823,57.774946095480388]},"properties":{"FID":109,"objekt_id":"909a6a4f-ae19-90ec-e040-ed8f66444c3f","externid":"0680\u003eSLÖJDTIMMEN\u003e1\u003e1\u003e\u003e\u003e\u003e1","detaljtyp":"FASTID","kommunkod":"0680","kommunnamn":"JÖNKÖPING","trakt":"SLÖJDTIMMEN","blockenhet":"1","omrnr":1,"fastighet":"SLÖJDTIMMEN 1\u003e1","omrtyp":" ","omrinf":" ","adat":1109894400000}},{"type":"Feature","id":110,"geometry":{"type":"Point","coordinates":[14.259607145606171,57.778562669369443]},"properties":{"FID":110,"objekt_id":"909a6a4f-ae46-90ec-e040-ed8f66444c3f","externid":"0680\u003eSLÖJDVIRKET\u003e45\u003e1\u003e\u003e\u003e\u003e1","detaljtyp":"FASTID","kommunkod":"0680","kommunnamn":"JÖNKÖPING","trakt":"SLÖJDVIRKET","blockenhet":"45","omrnr":1,"fastighet":"SLÖJDVIRKET 45\u003e1","omrtyp":" ","omrinf":" ","adat":1100217600000}},{"type":"Feature","id":111,"geometry":{"type":"Point","coordinates":[14.260381325350396,57.778619710370705]},"properties":{"FID":111,"objekt_id":"909a6a4f-ae49-90ec-e040-ed8f66444c3f","externid":"0680\u003eSLÖJDVIRKET\u003e48\u003e1\u003e\u003e\u003e\u003e1","detaljtyp":"FASTID","kommunkod":"0680","kommunnamn":"JÖNKÖPING","trakt":"SLÖJDVIRKET","blockenhet":"48","omrnr":1,"fastighet":"SLÖJDVIRKET 48\u003e1","omrtyp":" ","omrinf":" ","adat":1100217600000}},{"type":"Feature","id":112,"geometry":{"type":"Point","coordinates":[14.260708684831386,57.773043446254562]},"properties":{"FID":112,"objekt_id":"909a6a4f-ad32-90ec-e040-ed8f66444c3f","externid":"0680\u003eSLÅTTERGILLET\u003e1\u003e1\u003e\u003e\u003e\u003e1","detaljtyp":"FASTID","kommunkod":"0680","kommunnamn":"JÖNKÖPING","trakt":"SLÅTTERGILLET","blockenhet":"1","omrnr":1,"fastighet":"SLÅTTERGILLET 1\u003e1","omrtyp":" ","omrinf":" ","adat":1109894400000}},{"type":"Feature","id":113,"geometry":{"type":"Point","coordinates":[14.260862338040294,57.772279312641714]},"properties":{"FID":113,"objekt_id":"909a6a4f-ad33-90ec-e040-ed8f66444c3f","externid":"0680\u003eSLÅTTERGILLET\u003e2\u003e1\u003e\u003e\u003e\u003e1","detaljtyp":"FASTID","kommunkod":"0680","kommunnamn":"JÖNKÖPING","trakt":"SLÅTTERGILLET","blockenhet":"2","omrnr":1,"fastighet":"SLÅTTERGILLET 2\u003e1","omrtyp":" ","omrinf":" ","adat":1109894400000}},{"type":"Feature","id":114,"geometry":{"type":"Point","coordinates":[14.260903044028508,57.778644931448554]},"properties":{"FID":114,"objekt_id":"909a6a4f-ae4c-90ec-e040-ed8f66444c3f","externid":"0680\u003eSLÖJDVIRKET\u003e51\u003e1\u003e\u003e\u003e\u003e1","detaljtyp":"FASTID","kommunkod":"0680","kommunnamn":"JÖNKÖPING","trakt":"SLÖJDVIRKET","blockenhet":"51","omrnr":1,"fastighet":"SLÖJDVIRKET 51\u003e1","omrtyp":" ","omrinf":" ","adat":1100217600000}},{"type":"Feature","id":115,"geometry":{"type":"Point","coordinates":[14.264071663277266,57.773994099009364]},"properties":{"FID":115,"objekt_id":"909a6a4f-b546-90ec-e040-ed8f66444c3f","externid":"0680\u003eSTORSKOLAN\u003e1\u003e1\u003e\u003e\u003e\u003e1","detaljtyp":"FASTID","kommunkod":"0680","kommunnamn":"JÖNKÖPING","trakt":"STORSKOLAN","blockenhet":"1","omrnr":1,"fastighet":"STORSKOLAN 1\u003e1","omrtyp":" ","omrinf":" ","adat":1109894400000}},{"type":"Feature","id":116,"geometry":{"type":"Point","coordinates":[14.265436540936784,57.778411861620299]},"properties":{"FID":116,"objekt_id":"909a6a4f-aeb2-90ec-e040-ed8f66444c3f","externid":"0680\u003eSMULTRONPLANTAN\u003e1\u003e1\u003e\u003e\u003e\u003e1","detaljtyp":"FASTID","kommunkod":"0680","kommunnamn":"JÖNKÖPING","trakt":"SMULTRONPLANTAN","blockenhet":"1","omrnr":1,"fastighet":"SMULTRONPLANTAN 1\u003e1","omrtyp":" ","omrinf":" ","adat":1109894400000}},{"type":"Feature","id":117,"geometry":{"type":"Point","coordinates":[14.265718436050484,57.776489950536437]},"properties":{"FID":117,"objekt_id":"909a6a4f-aeb0-90ec-e040-ed8f66444c3f","externid":"0680\u003eSMULTRONKORGEN\u003e1\u003e1\u003e\u003e\u003e\u003e1","detaljtyp":"FASTID","kommunkod":"0680","kommunnamn":"JÖNKÖPING","trakt":"SMULTRONKORGEN","blockenhet":"1","omrnr":1,"fastighet":"SMULTRONKORGEN 1\u003e1","omrtyp":" ","omrinf":" ","adat":1109894400000}},{"type":"Feature","id":118,"geometry":{"type":"Point","coordinates":[14.266201394058065,57.77201562878664]},"properties":{"FID":118,"objekt_id":"909a6a4f-ad3b-90ec-e040-ed8f66444c3f","externid":"0680\u003eSLÅTTERVALLEN\u003e3\u003e1\u003e\u003e\u003e\u003e1","detaljtyp":"FASTID","kommunkod":"0680","kommunnamn":"JÖNKÖPING","trakt":"SLÅTTERVALLEN","blockenhet":"3","omrnr":1,"fastighet":"SLÅTTERVALLEN 3\u003e1","omrtyp":" ","omrinf":" ","adat":1109894400000}},{"type":"Feature","id":119,"geometry":{"type":"Point","coordinates":[14.266407237184831,57.775669453219898]},"properties":{"FID":119,"objekt_id":"909a6a4f-aeb1-90ec-e040-ed8f66444c3f","externid":"0680\u003eSMULTRONKORGEN\u003e2\u003e1\u003e\u003e\u003e\u003e1","detaljtyp":"FASTID","kommunkod":"0680","kommunnamn":"JÖNKÖPING","trakt":"SMULTRONKORGEN","blockenhet":"2","omrnr":1,"fastighet":"SMULTRONKORGEN 2\u003e1","omrtyp":" ","omrinf":" ","adat":1109894400000}},{"type":"Feature","id":120,"geometry":{"type":"Point","coordinates":[14.257202538480966,57.779365767317472]},"properties":{"FID":120,"objekt_id":"909a6a4f-adbd-90ec-e040-ed8f66444c3f","externid":"0680\u003eSLÖJDLÄRAREN\u003e12\u003e1\u003e\u003e\u003e\u003e1","detaljtyp":"FASTID","kommunkod":"0680","kommunnamn":"JÖNKÖPING","trakt":"SLÖJDLÄRAREN","blockenhet":"12","omrnr":1,"fastighet":"SLÖJDLÄRAREN 12\u003e1","omrtyp":" ","omrinf":" ","adat":1100217600000}},{"type":"Feature","id":121,"geometry":{"type":"Point","coordinates":[14.257313523002955,57.779051017191691]},"properties":{"FID":121,"objekt_id":"909a6a4f-adda-90ec-e040-ed8f66444c3f","externid":"0680\u003eSLÖJDLÄRAREN\u003e41\u003e1\u003e\u003e\u003e\u003e1","detaljtyp":"FASTID","kommunkod":"0680","kommunnamn":"JÖNKÖPING","trakt":"SLÖJDLÄRAREN","blockenhet":"41","omrnr":1,"fastighet":"SLÖJDLÄRAREN 41\u003e1","omrtyp":" ","omrinf":" ","adat":1100217600000}},{"type":"Feature","id":122,"geometry":{"type":"Point","coordinates":[14.257516741480842,57.779094812504965]},"properties":{"FID":122,"objekt_id":"909a6a4f-addb-90ec-e040-ed8f66444c3f","externid":"0680\u003eSLÖJDLÄRAREN\u003e42\u003e1\u003e\u003e\u003e\u003e1","detaljtyp":"FASTID","kommunkod":"0680","kommunnamn":"JÖNKÖPING","trakt":"SLÖJDLÄRAREN","blockenhet":"42","omrnr":1,"fastighet":"SLÖJDLÄRAREN 42\u003e1","omrtyp":" ","omrinf":" ","adat":1100217600000}},{"type":"Feature","id":123,"geometry":{"type":"Point","coordinates":[14.257521757611986,57.779409173308409]},"properties":{"FID":123,"objekt_id":"909a6a4f-adbe-90ec-e040-ed8f66444c3f","externid":"0680\u003eSLÖJDLÄRAREN\u003e13\u003e1\u003e\u003e\u003e\u003e1","detaljtyp":"FASTID","kommunkod":"0680","kommunnamn":"JÖNKÖPING","trakt":"SLÖJDLÄRAREN","blockenhet":"13","omrnr":1,"fastighet":"SLÖJDLÄRAREN 13\u003e1","omrtyp":" ","omrinf":" ","adat":1100217600000}},{"type":"Feature","id":124,"geometry":{"type":"Point","coordinates":[14.257687050696601,57.77837578399307]},"properties":{"FID":124,"objekt_id":"909a6a4f-ae3d-90ec-e040-ed8f66444c3f","externid":"0680\u003eSLÖJDVIRKET\u003e36\u003e1\u003e\u003e\u003e\u003e1","detaljtyp":"FASTID","kommunkod":"0680","kommunnamn":"JÖNKÖPING","trakt":"SLÖJDVIRKET","blockenhet":"36","omrnr":1,"fastighet":"SLÖJDVIRKET 36\u003e1","omrtyp":" ","omrinf":" ","adat":1100217600000}},{"type":"Feature","id":125,"geometry":{"type":"Point","coordinates":[14.257718125378373,57.77910265698813]},"properties":{"FID":125,"objekt_id":"909a6a4f-addc-90ec-e040-ed8f66444c3f","externid":"0680\u003eSLÖJDLÄRAREN\u003e43\u003e1\u003e\u003e\u003e\u003e1","detaljtyp":"FASTID","kommunkod":"0680","kommunnamn":"JÖNKÖPING","trakt":"SLÖJDLÄRAREN","blockenhet":"43","omrnr":1,"fastighet":"SLÖJDLÄRAREN 43\u003e1","omrtyp":" ","omrinf":" ","adat":1100217600000}},{"type":"Feature","id":126,"geometry":{"type":"Point","coordinates":[14.257807758067111,57.779443203702954]},"properties":{"FID":126,"objekt_id":"909a6a4f-adbf-90ec-e040-ed8f66444c3f","externid":"0680\u003eSLÖJDLÄRAREN\u003e14\u003e1\u003e\u003e\u003e\u003e1","detaljtyp":"FASTID","kommunkod":"0680","kommunnamn":"JÖNKÖPING","trakt":"SLÖJDLÄRAREN","blockenhet":"14","omrnr":1,"fastighet":"SLÖJDLÄRAREN 14\u003e1","omrtyp":" ","omrinf":" ","adat":1100217600000}},{"type":"Feature","id":127,"geometry":{"type":"Point","coordinates":[14.257869984472135,57.779128760501024]},"properties":{"FID":127,"objekt_id":"909a6a4f-addd-90ec-e040-ed8f66444c3f","externid":"0680\u003eSLÖJDLÄRAREN\u003e44\u003e1\u003e\u003e\u003e\u003e1","detaljtyp":"FASTID","kommunkod":"0680","kommunnamn":"JÖNKÖPING","trakt":"SLÖJDLÄRAREN","blockenhet":"44","omrnr":1,"fastighet":"SLÖJDLÄRAREN 44\u003e1","omrtyp":" ","omrinf":" ","adat":1100217600000}},{"type":"Feature","id":128,"geometry":{"type":"Point","coordinates":[14.25826281689667,57.779494562237545]},"properties":{"FID":128,"objekt_id":"909a6a4f-adc1-90ec-e040-ed8f66444c3f","externid":"0680\u003eSLÖJDLÄRAREN\u003e16\u003e1\u003e\u003e\u003e\u003e1","detaljtyp":"FASTID","kommunkod":"0680","kommunnamn":"JÖNKÖPING","trakt":"SLÖJDLÄRAREN","blockenhet":"16","omrnr":1,"fastighet":"SLÖJDLÄRAREN 16\u003e1","omrtyp":" ","omrinf":" ","adat":1100217600000}},{"type":"Feature","id":129,"geometry":{"type":"Point","coordinates":[14.258309890329784,57.778433685051944]},"properties":{"FID":129,"objekt_id":"909a6a4f-ae40-90ec-e040-ed8f66444c3f","externid":"0680\u003eSLÖJDVIRKET\u003e39\u003e1\u003e\u003e\u003e\u003e1","detaljtyp":"FASTID","kommunkod":"0680","kommunnamn":"JÖNKÖPING","trakt":"SLÖJDVIRKET","blockenhet":"39","omrnr":1,"fastighet":"SLÖJDVIRKET 39\u003e1","omrtyp":" ","omrinf":" ","adat":1100217600000}},{"type":"Feature","id":130,"geometry":{"type":"Point","coordinates":[14.258445251957689,57.778452397415961]},"properties":{"FID":130,"objekt_id":"909a6a4f-ae41-90ec-e040-ed8f66444c3f","externid":"0680\u003eSLÖJDVIRKET\u003e40\u003e1\u003e\u003e\u003e\u003e1","detaljtyp":"FASTID","kommunkod":"0680","kommunnamn":"JÖNKÖPING","trakt":"SLÖJDVIRKET","blockenhet":"40","omrnr":1,"fastighet":"SLÖJDVIRKET 40\u003e1","omrtyp":" ","omrinf":" ","adat":1100217600000}},{"type":"Feature","id":131,"geometry":{"type":"Point","coordinates":[14.258597108857549,57.778478500055364]},"properties":{"FID":131,"objekt_id":"909a6a4f-ae42-90ec-e040-ed8f66444c3f","externid":"0680\u003eSLÖJDVIRKET\u003e41\u003e1\u003e\u003e\u003e\u003e1","detaljtyp":"FASTID","kommunkod":"0680","kommunnamn":"JÖNKÖPING","trakt":"SLÖJDVIRKET","blockenhet":"41","omrnr":1,"fastighet":"SLÖJDVIRKET 41\u003e1","omrtyp":" ","omrinf":" ","adat":1100217600000}},{"type":"Feature","id":132,"geometry":{"type":"Point","coordinates":[14.2587854916145,57.779536864698031]},"properties":{"FID":132,"objekt_id":"909a6a4f-adc4-90ec-e040-ed8f66444c3f","externid":"0680\u003eSLÖJDLÄRAREN\u003e19\u003e1\u003e\u003e\u003e\u003e1","detaljtyp":"FASTID","kommunkod":"0680","kommunnamn":"JÖNKÖPING","trakt":"SLÖJDLÄRAREN","blockenhet":"19","omrnr":1,"fastighet":"SLÖJDLÄRAREN 19\u003e1","omrtyp":" ","omrinf":" ","adat":1100217600000}},{"type":"Feature","id":133,"geometry":{"type":"Point","coordinates":[14.258923468621598,57.778826421700309]},"properties":{"FID":133,"objekt_id":"909a6a4f-ae29-90ec-e040-ed8f66444c3f","externid":"0680\u003eSLÖJDVIRKET\u003e16\u003e1\u003e\u003e\u003e\u003e1","detaljtyp":"FASTID","kommunkod":"0680","kommunnamn":"JÖNKÖPING","trakt":"SLÖJDVIRKET","blockenhet":"16","omrnr":1,"fastighet":"SLÖJDVIRKET 16\u003e1","omrtyp":" ","omrinf":" ","adat":1100217600000}},{"type":"Feature","id":134,"geometry":{"type":"Point","coordinates":[14.257113421412992,57.7783068141282]},"properties":{"FID":134,"objekt_id":"909a6a4f-ae3b-90ec-e040-ed8f66444c3f","externid":"0680\u003eSLÖJDVIRKET\u003e34\u003e1\u003e\u003e\u003e\u003e1","detaljtyp":"FASTID","kommunkod":"0680","kommunnamn":"JÖNKÖPING","trakt":"SLÖJDVIRKET","blockenhet":"34","omrnr":1,"fastighet":"SLÖJDVIRKET 34\u003e1","omrtyp":" ","omrinf":" ","adat":1100217600000}},{"type":"Feature","id":135,"geometry":{"type":"Point","coordinates":[14.256226228489407,57.778454910640242]},"properties":{"FID":135,"objekt_id":"909a6a4f-ae1f-90ec-e040-ed8f66444c3f","externid":"0680\u003eSLÖJDVIRKET\u003e6\u003e1\u003e\u003e\u003e\u003e1","detaljtyp":"FASTID","kommunkod":"0680","kommunnamn":"JÖNKÖPING","trakt":"SLÖJDVIRKET","blockenhet":"6","omrnr":1,"fastighet":"SLÖJDVIRKET 6\u003e1","omrtyp":" ","omrinf":" ","adat":1100217600000}},{"type":"Feature","id":136,"geometry":{"type":"Point","coordinates":[14.256377697412972,57.778489996364144]},"properties":{"FID":136,"objekt_id":"909a6a4f-ae20-90ec-e040-ed8f66444c3f","externid":"0680\u003eSLÖJDVIRKET\u003e7\u003e1\u003e\u003e\u003e\u003e1","detaljtyp":"FASTID","kommunkod":"0680","kommunnamn":"JÖNKÖPING","trakt":"SLÖJDVIRKET","blockenhet":"7","omrnr":1,"fastighet":"SLÖJDVIRKET 7\u003e1","omrtyp":" ","omrinf":" ","adat":1100217600000}},{"type":"Feature","id":137,"geometry":{"type":"Point","coordinates":[14.256527872054738,57.77851607365352]},"properties":{"FID":137,"objekt_id":"909a6a4f-ae21-90ec-e040-ed8f66444c3f","externid":"0680\u003eSLÖJDVIRKET\u003e8\u003e1\u003e\u003e\u003e\u003e1","detaljtyp":"FASTID","kommunkod":"0680","kommunnamn":"JÖNKÖPING","trakt":"SLÖJDVIRKET","blockenhet":"8","omrnr":1,"fastighet":"SLÖJDVIRKET 8\u003e1","omrtyp":" ","omrinf":" ","adat":1100217600000}},{"type":"Feature","id":138,"geometry":{"type":"Point","coordinates":[14.256935057040096,57.778585714482141]},"properties":{"FID":138,"objekt_id":"909a6a4f-ae23-90ec-e040-ed8f66444c3f","externid":"0680\u003eSLÖJDVIRKET\u003e10\u003e1\u003e\u003e\u003e\u003e1","detaljtyp":"FASTID","kommunkod":"0680","kommunnamn":"JÖNKÖPING","trakt":"SLÖJDVIRKET","blockenhet":"10","omrnr":1,"fastighet":"SLÖJDVIRKET 10\u003e1","omrtyp":" ","omrinf":" ","adat":1100217600000}},{"type":"Feature","id":139,"geometry":{"type":"Point","coordinates":[14.257102412235927,57.778603025870204]},"properties":{"FID":139,"objekt_id":"909a6a4f-ae24-90ec-e040-ed8f66444c3f","externid":"0680\u003eSLÖJDVIRKET\u003e11\u003e1\u003e\u003e\u003e\u003e1","detaljtyp":"FASTID","kommunkod":"0680","kommunnamn":"JÖNKÖPING","trakt":"SLÖJDVIRKET","blockenhet":"11","omrnr":1,"fastighet":"SLÖJDVIRKET 11\u003e1","omrtyp":" ","omrinf":" ","adat":1100217600000}},{"type":"Feature","id":140,"geometry":{"type":"Point","coordinates":[14.256656196116808,57.778973838794229]},"properties":{"FID":140,"objekt_id":"909a6a4f-add6-90ec-e040-ed8f66444c3f","externid":"0680\u003eSLÖJDLÄRAREN\u003e37\u003e1\u003e\u003e\u003e\u003e1","detaljtyp":"FASTID","kommunkod":"0680","kommunnamn":"JÖNKÖPING","trakt":"SLÖJDLÄRAREN","blockenhet":"37","omrnr":1,"fastighet":"SLÖJDLÄRAREN 37\u003e1","omrtyp":" ","omrinf":" ","adat":1100217600000}},{"type":"Feature","id":141,"geometry":{"type":"Point","coordinates":[14.25684211534251,57.778989579607391]},"properties":{"FID":141,"objekt_id":"909a6a4f-add7-90ec-e040-ed8f66444c3f","externid":"0680\u003eSLÖJDLÄRAREN\u003e38\u003e1\u003e\u003e\u003e\u003e1","detaljtyp":"FASTID","kommunkod":"0680","kommunnamn":"JÖNKÖPING","trakt":"SLÖJDLÄRAREN","blockenhet":"38","omrnr":1,"fastighet":"SLÖJDLÄRAREN 38\u003e1","omrtyp":" ","omrinf":" ","adat":1100217600000}},{"type":"Feature","id":142,"geometry":{"type":"Point","coordinates":[14.256977127313647,57.779016375908697]},"properties":{"FID":142,"objekt_id":"909a6a4f-add8-90ec-e040-ed8f66444c3f","externid":"0680\u003eSLÖJDLÄRAREN\u003e39\u003e1\u003e\u003e\u003e\u003e1","detaljtyp":"FASTID","kommunkod":"0680","kommunnamn":"JÖNKÖPING","trakt":"SLÖJDLÄRAREN","blockenhet":"39","omrnr":1,"fastighet":"SLÖJDLÄRAREN 39\u003e1","omrtyp":" ","omrinf":" ","adat":1100217600000}},{"type":"Feature","id":143,"geometry":{"type":"Point","coordinates":[14.257110844561858,57.779034172800465]},"properties":{"FID":143,"objekt_id":"909a6a4f-add9-90ec-e040-ed8f66444c3f","externid":"0680\u003eSLÖJDLÄRAREN\u003e40\u003e1\u003e\u003e\u003e\u003e1","detaljtyp":"FASTID","kommunkod":"0680","kommunnamn":"JÖNKÖPING","trakt":"SLÖJDLÄRAREN","blockenhet":"40","omrnr":1,"fastighet":"SLÖJDLÄRAREN 40\u003e1","omrtyp":" ","omrinf":" ","adat":1100217600000}},{"type":"Feature","id":144,"geometry":{"type":"Point","coordinates":[14.255650497714917,57.779141142047052]},"properties":{"FID":144,"objekt_id":"909a6a4f-adb6-90ec-e040-ed8f66444c3f","externid":"0680\u003eSLÖJDLÄRAREN\u003e5\u003e1\u003e\u003e\u003e\u003e1","detaljtyp":"FASTID","kommunkod":"0680","kommunnamn":"JÖNKÖPING","trakt":"SLÖJDLÄRAREN","blockenhet":"5","omrnr":1,"fastighet":"SLÖJDLÄRAREN 5\u003e1","omrtyp":" ","omrinf":" ","adat":1100217600000}},{"type":"Feature","id":145,"geometry":{"type":"Point","coordinates":[14.255802338644788,57.779167247934765]},"properties":{"FID":145,"objekt_id":"909a6a4f-adb7-90ec-e040-ed8f66444c3f","externid":"0680\u003eSLÖJDLÄRAREN\u003e6\u003e1\u003e\u003e\u003e\u003e1","detaljtyp":"FASTID","kommunkod":"0680","kommunnamn":"JÖNKÖPING","trakt":"SLÖJDLÄRAREN","blockenhet":"6","omrnr":1,"fastighet":"SLÖJDLÄRAREN 6\u003e1","omrtyp":" ","omrinf":" ","adat":1100217600000}},{"type":"Feature","id":146,"geometry":{"type":"Point","coordinates":[14.255938697419342,57.779202137674247]},"properties":{"FID":146,"objekt_id":"909a6a4f-adb8-90ec-e040-ed8f66444c3f","externid":"0680\u003eSLÖJDLÄRAREN\u003e7\u003e1\u003e\u003e\u003e\u003e1","detaljtyp":"FASTID","kommunkod":"0680","kommunnamn":"JÖNKÖPING","trakt":"SLÖJDLÄRAREN","blockenhet":"7","omrnr":1,"fastighet":"SLÖJDLÄRAREN 7\u003e1","omrtyp":" ","omrinf":" ","adat":1100217600000}},{"type":"Feature","id":147,"geometry":{"type":"Point","coordinates":[14.256072485398217,57.779218139536191]},"properties":{"FID":147,"objekt_id":"909a6a4f-adb9-90ec-e040-ed8f66444c3f","externid":"0680\u003eSLÖJDLÄRAREN\u003e8\u003e1\u003e\u003e\u003e\u003e1","detaljtyp":"FASTID","kommunkod":"0680","kommunnamn":"JÖNKÖPING","trakt":"SLÖJDLÄRAREN","blockenhet":"8","omrnr":1,"fastighet":"SLÖJDLÄRAREN 8\u003e1","omrtyp":" ","omrinf":" ","adat":1100217600000}},{"type":"Feature","id":148,"geometry":{"type":"Point","coordinates":[14.267040473965464,57.770899721371073]},"properties":{"FID":148,"objekt_id":"909a6a51-7de3-90ec-e040-ed8f66444c3f","externid":"0680\u003eSPARVNÄVAN\u003e20\u003e1\u003e\u003e\u003e\u003e1","detaljtyp":"FASTID","kommunkod":"0680","kommunnamn":"JÖNKÖPING","trakt":"SPARVNÄVAN","blockenhet":"20","omrnr":1,"fastighet":"SPARVNÄVAN 20\u003e1","omrtyp":" ","omrinf":" ","adat":1140480000000}},{"type":"Feature","id":149,"geometry":{"type":"Point","coordinates":[14.267241667640025,57.770871627978423]},"properties":{"FID":149,"objekt_id":"909a6a51-7de4-90ec-e040-ed8f66444c3f","externid":"0680\u003eSPARVNÄVAN\u003e21\u003e1\u003e\u003e\u003e\u003e1","detaljtyp":"FASTID","kommunkod":"0680","kommunnamn":"JÖNKÖPING","trakt":"SPARVNÄVAN","blockenhet":"21","omrnr":1,"fastighet":"SPARVNÄVAN 21\u003e1","omrtyp":" ","omrinf":" ","adat":1140480000000}},{"type":"Feature","id":150,"geometry":{"type":"Point","coordinates":[14.267266486881704,57.770643835497751]},"properties":{"FID":150,"objekt_id":"909a6a4f-afc1-90ec-e040-ed8f66444c3f","externid":"0680\u003eSPARVNÄVAN\u003e1\u003e1\u003e\u003e\u003e\u003e1","detaljtyp":"FASTID","kommunkod":"0680","kommunnamn":"JÖNKÖPING","trakt":"SPARVNÄVAN","blockenhet":"1","omrnr":1,"fastighet":"SPARVNÄVAN 1\u003e1","omrtyp":" ","omrinf":" ","adat":1109894400000}},{"type":"Feature","id":151,"geometry":{"type":"Point","coordinates":[14.267408349725466,57.770825162809707]},"properties":{"FID":151,"objekt_id":"909a6a51-7e17-90ec-e040-ed8f66444c3f","externid":"0680\u003eSPARVNÄVAN\u003e22\u003e1\u003e\u003e\u003e\u003e1","detaljtyp":"FASTID","kommunkod":"0680","kommunnamn":"JÖNKÖPING","trakt":"SPARVNÄVAN","blockenhet":"22","omrnr":1,"fastighet":"SPARVNÄVAN 22\u003e1","omrtyp":" ","omrinf":" ","adat":1140480000000}},{"type":"Feature","id":152,"geometry":{"type":"Point","coordinates":[14.267879392320481,57.770023564658857]},"properties":{"FID":152,"objekt_id":"909a6a51-7d93-90ec-e040-ed8f66444c3f","externid":"0680\u003eSTENSÖTAN\u003e38\u003e1\u003e\u003e\u003e\u003e1","detaljtyp":"FASTID","kommunkod":"0680","kommunnamn":"JÖNKÖPING","trakt":"STENSÖTAN","blockenhet":"38","omrnr":1,"fastighet":"STENSÖTAN 38\u003e1","omrtyp":" ","omrinf":" ","adat":1140480000000}},{"type":"Feature","id":153,"geometry":{"type":"Point","coordinates":[14.267977747679312,57.770714435081146]},"properties":{"FID":153,"objekt_id":"909a6a51-7e1a-90ec-e040-ed8f66444c3f","externid":"0680\u003eSPARVNÄVAN\u003e25\u003e1\u003e\u003e\u003e\u003e1","detaljtyp":"FASTID","kommunkod":"0680","kommunnamn":"JÖNKÖPING","trakt":"SPARVNÄVAN","blockenhet":"25","omrnr":1,"fastighet":"SPARVNÄVAN 25\u003e1","omrtyp":" ","omrinf":" ","adat":1140480000000}},{"type":"Feature","id":154,"geometry":{"type":"Point","coordinates":[14.268145838411991,57.770713779855278]},"properties":{"FID":154,"objekt_id":"909a6a51-7e1b-90ec-e040-ed8f66444c3f","externid":"0680\u003eSPARVNÄVAN\u003e26\u003e1\u003e\u003e\u003e\u003e1","detaljtyp":"FASTID","kommunkod":"0680","kommunnamn":"JÖNKÖPING","trakt":"SPARVNÄVAN","blockenhet":"26","omrnr":1,"fastighet":"SPARVNÄVAN 26\u003e1","omrtyp":" ","omrinf":" ","adat":1140480000000}},{"type":"Feature","id":155,"geometry":{"type":"Point","coordinates":[14.26822096276678,57.77029083211476]},"properties":{"FID":155,"objekt_id":"909a6a51-7e26-90ec-e040-ed8f66444c3f","externid":"0680\u003eSPARVNÄVAN\u003e37\u003e1\u003e\u003e\u003e\u003e1","detaljtyp":"FASTID","kommunkod":"0680","kommunnamn":"JÖNKÖPING","trakt":"SPARVNÄVAN","blockenhet":"37","omrnr":1,"fastighet":"SPARVNÄVAN 37\u003e1","omrtyp":" ","omrinf":" ","adat":1140480000000}},{"type":"Feature","id":156,"geometry":{"type":"Point","coordinates":[14.26823279211543,57.77001258948107]},"properties":{"FID":156,"objekt_id":"909a6a51-7d95-90ec-e040-ed8f66444c3f","externid":"0680\u003eSTENSÖTAN\u003e40\u003e1\u003e\u003e\u003e\u003e1","detaljtyp":"FASTID","kommunkod":"0680","kommunnamn":"JÖNKÖPING","trakt":"STENSÖTAN","blockenhet":"40","omrnr":1,"fastighet":"STENSÖTAN 40\u003e1","omrtyp":" ","omrinf":" ","adat":1140480000000}},{"type":"Feature","id":157,"geometry":{"type":"Point","coordinates":[14.268312483648938,57.770668211559929]},"properties":{"FID":157,"objekt_id":"909a6a51-7e1c-90ec-e040-ed8f66444c3f","externid":"0680\u003eSPARVNÄVAN\u003e27\u003e1\u003e\u003e\u003e\u003e1","detaljtyp":"FASTID","kommunkod":"0680","kommunnamn":"JÖNKÖPING","trakt":"SPARVNÄVAN","blockenhet":"27","omrnr":1,"fastighet":"SPARVNÄVAN 27\u003e1","omrtyp":" ","omrinf":" ","adat":1140480000000}},{"type":"Feature","id":158,"geometry":{"type":"Point","coordinates":[14.268338996165294,57.770281488811456]},"properties":{"FID":158,"objekt_id":"909a6a51-7e25-90ec-e040-ed8f66444c3f","externid":"0680\u003eSPARVNÄVAN\u003e36\u003e1\u003e\u003e\u003e\u003e1","detaljtyp":"FASTID","kommunkod":"0680","kommunnamn":"JÖNKÖPING","trakt":"SPARVNÄVAN","blockenhet":"36","omrnr":1,"fastighet":"SPARVNÄVAN 36\u003e1","omrtyp":" ","omrinf":" ","adat":1140480000000}},{"type":"Feature","id":159,"geometry":{"type":"Point","coordinates":[14.268457046312678,57.770272145495085]},"properties":{"FID":159,"objekt_id":"909a6a51-7e24-90ec-e040-ed8f66444c3f","externid":"0680\u003eSPARVNÄVAN\u003e35\u003e1\u003e\u003e\u003e\u003e1","detaljtyp":"FASTID","kommunkod":"0680","kommunnamn":"JÖNKÖPING","trakt":"SPARVNÄVAN","blockenhet":"35","omrnr":1,"fastighet":"SPARVNÄVAN 35\u003e1","omrtyp":" ","omrinf":" ","adat":1140480000000}},{"type":"Feature","id":160,"geometry":{"type":"Point","coordinates":[14.268591538265829,57.770271080182773]},"properties":{"FID":160,"objekt_id":"909a6a51-7e23-90ec-e040-ed8f66444c3f","externid":"0680\u003eSPARVNÄVAN\u003e34\u003e1\u003e\u003e\u003e\u003e1","detaljtyp":"FASTID","kommunkod":"0680","kommunnamn":"JÖNKÖPING","trakt":"SPARVNÄVAN","blockenhet":"34","omrnr":1,"fastighet":"SPARVNÄVAN 34\u003e1","omrtyp":" ","omrinf":" ","adat":1140480000000}},{"type":"Feature","id":161,"geometry":{"type":"Point","coordinates":[14.268913217074948,57.770413272657819]},"properties":{"FID":161,"objekt_id":"909a6a51-7e20-90ec-e040-ed8f66444c3f","externid":"0680\u003eSPARVNÄVAN\u003e31\u003e1\u003e\u003e\u003e\u003e1","detaljtyp":"FASTID","kommunkod":"0680","kommunnamn":"JÖNKÖPING","trakt":"SPARVNÄVAN","blockenhet":"31","omrnr":1,"fastighet":"SPARVNÄVAN 31\u003e1","omrtyp":" ","omrinf":" ","adat":1140480000000}},{"type":"Feature","id":162,"geometry":{"type":"Point","coordinates":[14.26893035585049,57.770484424642078]},"properties":{"FID":162,"objekt_id":"909a6a51-7e1f-90ec-e040-ed8f66444c3f","externid":"0680\u003eSPARVNÄVAN\u003e30\u003e1\u003e\u003e\u003e\u003e1","detaljtyp":"FASTID","kommunkod":"0680","kommunnamn":"JÖNKÖPING","trakt":"SPARVNÄVAN","blockenhet":"30","omrnr":1,"fastighet":"SPARVNÄVAN 30\u003e1","omrtyp":" ","omrinf":" ","adat":1140480000000}},{"type":"Feature","id":163,"geometry":{"type":"Point","coordinates":[14.266926254952532,57.766157712653872]},"properties":{"FID":163,"objekt_id":"909a6a4f-b82a-90ec-e040-ed8f66444c3f","externid":"0680\u003eSÄVEN\u003e17\u003e1\u003e\u003e\u003e\u003e1","detaljtyp":"FASTID","kommunkod":"0680","kommunnamn":"JÖNKÖPING","trakt":"SÄVEN","blockenhet":"17","omrnr":1,"fastighet":"SÄVEN 17\u003e1","omrtyp":" ","omrinf":" ","adat":1100217600000}},{"type":"Feature","id":164,"geometry":{"type":"Point","coordinates":[14.267885787668224,57.76619720451523]},"properties":{"FID":164,"objekt_id":"909a6a4f-b913-90ec-e040-ed8f66444c3f","externid":"0680\u003eSÖTBLOMSTRET\u003e31\u003e1\u003e\u003e\u003e\u003e1","detaljtyp":"FASTID","kommunkod":"0680","kommunnamn":"JÖNKÖPING","trakt":"SÖTBLOMSTRET","blockenhet":"31","omrnr":1,"fastighet":"SÖTBLOMSTRET 31\u003e1","omrtyp":" ","omrinf":" ","adat":1107734400000}},{"type":"Feature","id":165,"geometry":{"type":"Point","coordinates":[14.267886465789474,57.766260078375218]},"properties":{"FID":165,"objekt_id":"909a6a4f-b912-90ec-e040-ed8f66444c3f","externid":"0680\u003eSÖTBLOMSTRET\u003e30\u003e1\u003e\u003e\u003e\u003e1","detaljtyp":"FASTID","kommunkod":"0680","kommunnamn":"JÖNKÖPING","trakt":"SÖTBLOMSTRET","blockenhet":"30","omrnr":1,"fastighet":"SÖTBLOMSTRET 30\u003e1","omrtyp":" ","omrinf":" ","adat":1107734400000}},{"type":"Feature","id":166,"geometry":{"type":"Point","coordinates":[14.266946308626826,57.76631869989518]},"properties":{"FID":166,"objekt_id":"909a6a4f-b828-90ec-e040-ed8f66444c3f","externid":"0680\u003eSÄVEN\u003e15\u003e1\u003e\u003e\u003e\u003e1","detaljtyp":"FASTID","kommunkod":"0680","kommunnamn":"JÖNKÖPING","trakt":"SÄVEN","blockenhet":"15","omrnr":1,"fastighet":"SÄVEN 15\u003e1","omrtyp":" ","omrinf":" ","adat":1100217600000}},{"type":"Feature","id":167,"geometry":{"type":"Point","coordinates":[14.26889711529396,57.766362143883164]},"properties":{"FID":167,"objekt_id":"909a6a4f-b907-90ec-e040-ed8f66444c3f","externid":"0680\u003eSÖTBLOMSTRET\u003e19\u003e1\u003e\u003e\u003e\u003e1","detaljtyp":"FASTID","kommunkod":"0680","kommunnamn":"JÖNKÖPING","trakt":"SÖTBLOMSTRET","blockenhet":"19","omrnr":1,"fastighet":"SÖTBLOMSTRET 19\u003e1","omrtyp":" ","omrinf":" ","adat":1100217600000}},{"type":"Feature","id":168,"geometry":{"type":"Point","coordinates":[14.267939272843241,57.766401708268816]},"properties":{"FID":168,"objekt_id":"909a6a4f-b910-90ec-e040-ed8f66444c3f","externid":"0680\u003eSÖTBLOMSTRET\u003e28\u003e1\u003e\u003e\u003e\u003e1","detaljtyp":"FASTID","kommunkod":"0680","kommunnamn":"JÖNKÖPING","trakt":"SÖTBLOMSTRET","blockenhet":"28","omrnr":1,"fastighet":"SÖTBLOMSTRET 28\u003e1","omrtyp":" ","omrinf":" ","adat":1100217600000}},{"type":"Feature","id":169,"geometry":{"type":"Point","coordinates":[14.266916790838543,57.766498847973423]},"properties":{"FID":169,"objekt_id":"909a6a4f-b826-90ec-e040-ed8f66444c3f","externid":"0680\u003eSÄVEN\u003e13\u003e1\u003e\u003e\u003e\u003e1","detaljtyp":"FASTID","kommunkod":"0680","kommunnamn":"JÖNKÖPING","trakt":"SÄVEN","blockenhet":"13","omrnr":1,"fastighet":"SÄVEN 13\u003e1","omrtyp":" ","omrinf":" ","adat":1107734400000}},{"type":"Feature","id":170,"geometry":{"type":"Point","coordinates":[14.267943240836832,57.766545436474345]},"properties":{"FID":170,"objekt_id":"909a6a4f-b90f-90ec-e040-ed8f66444c3f","externid":"0680\u003eSÖTBLOMSTRET\u003e27\u003e1\u003e\u003e\u003e\u003e1","detaljtyp":"FASTID","kommunkod":"0680","kommunnamn":"JÖNKÖPING","trakt":"SÖTBLOMSTRET","blockenhet":"27","omrnr":1,"fastighet":"SÖTBLOMSTRET 27\u003e1","omrtyp":" ","omrinf":" ","adat":1100217600000}},{"type":"Feature","id":171,"geometry":{"type":"Point","coordinates":[14.268984531041635,57.766558974040542]},"properties":{"FID":171,"objekt_id":"909a6a4f-b908-90ec-e040-ed8f66444c3f","externid":"0680\u003eSÖTBLOMSTRET\u003e20\u003e1\u003e\u003e\u003e\u003e1","detaljtyp":"FASTID","kommunkod":"0680","kommunnamn":"JÖNKÖPING","trakt":"SÖTBLOMSTRET","blockenhet":"20","omrnr":1,"fastighet":"SÖTBLOMSTRET 20\u003e1","omrtyp":" ","omrinf":" ","adat":1100217600000}},{"type":"Feature","id":172,"geometry":{"type":"Point","coordinates":[14.26831235840789,57.766598410003752]},"properties":{"FID":172,"objekt_id":"909a6a4f-b90d-90ec-e040-ed8f66444c3f","externid":"0680\u003eSÖTBLOMSTRET\u003e25\u003e1\u003e\u003e\u003e\u003e1","detaljtyp":"FASTID","kommunkod":"0680","kommunnamn":"JÖNKÖPING","trakt":"SÖTBLOMSTRET","blockenhet":"25","omrnr":1,"fastighet":"SÖTBLOMSTRET 25\u003e1","omrtyp":" ","omrinf":" ","adat":1100217600000}},{"type":"Feature","id":173,"geometry":{"type":"Point","coordinates":[14.266986219309487,57.766604760366747]},"properties":{"FID":173,"objekt_id":"909a6a4f-b825-90ec-e040-ed8f66444c3f","externid":"0680\u003eSÄVEN\u003e12\u003e1\u003e\u003e\u003e\u003e1","detaljtyp":"FASTID","kommunkod":"0680","kommunnamn":"JÖNKÖPING","trakt":"SÄVEN","blockenhet":"12","omrnr":1,"fastighet":"SÄVEN 12\u003e1","omrtyp":" ","omrinf":" ","adat":1100217600000}},{"type":"Feature","id":174,"geometry":{"type":"Point","coordinates":[14.26885404195801,57.766782788914938]},"properties":{"FID":174,"objekt_id":"909a6a4f-b932-90ec-e040-ed8f66444c3f","externid":"0680\u003eSÖTVEDELN\u003e22\u003e1\u003e\u003e\u003e\u003e1","detaljtyp":"FASTID","kommunkod":"0680","kommunnamn":"JÖNKÖPING","trakt":"SÖTVEDELN","blockenhet":"22","omrnr":1,"fastighet":"SÖTVEDELN 22\u003e1","omrtyp":" ","omrinf":" ","adat":1100217600000}},{"type":"Feature","id":175,"geometry":{"type":"Point","coordinates":[14.268131656880687,57.76689614935443]},"properties":{"FID":175,"objekt_id":"909a6a4f-b929-90ec-e040-ed8f66444c3f","externid":"0680\u003eSÖTVEDELN\u003e13\u003e1\u003e\u003e\u003e\u003e1","detaljtyp":"FASTID","kommunkod":"0680","kommunnamn":"JÖNKÖPING","trakt":"SÖTVEDELN","blockenhet":"13","omrnr":1,"fastighet":"SÖTVEDELN 13\u003e1","omrtyp":" ","omrinf":" ","adat":1100217600000}},{"type":"Feature","id":176,"geometry":{"type":"Point","coordinates":[14.266965679745546,57.768984240248258]},"properties":{"FID":176,"objekt_id":"909a6a4f-abb1-90ec-e040-ed8f66444c3f","externid":"0680\u003eSKOGSVIOLEN\u003e9\u003e1\u003e\u003e\u003e\u003e1","detaljtyp":"FASTID","kommunkod":"0680","kommunnamn":"JÖNKÖPING","trakt":"SKOGSVIOLEN","blockenhet":"9","omrnr":1,"fastighet":"SKOGSVIOLEN 9\u003e1","omrtyp":" ","omrinf":" ","adat":1100217600000}},{"type":"Feature","id":177,"geometry":{"type":"Point","coordinates":[14.267065768823716,57.76979187871494]},"properties":{"FID":177,"objekt_id":"909a6a4f-b354-90ec-e040-ed8f66444c3f","externid":"0680\u003eSTENSÖTAN\u003e1\u003e1\u003e\u003e\u003e\u003e1","detaljtyp":"FASTID","kommunkod":"0680","kommunnamn":"JÖNKÖPING","trakt":"STENSÖTAN","blockenhet":"1","omrnr":1,"fastighet":"STENSÖTAN 1\u003e1","omrtyp":" ","omrinf":" ","adat":1109894400000}},{"type":"Feature","id":178,"geometry":{"type":"Point","coordinates":[14.267121377958846,57.76923488662257]},"properties":{"FID":178,"objekt_id":"909a6a4f-abaa-90ec-e040-ed8f66444c3f","externid":"0680\u003eSKOGSVIOLEN\u003e2\u003e1\u003e\u003e\u003e\u003e1","detaljtyp":"FASTID","kommunkod":"0680","kommunnamn":"JÖNKÖPING","trakt":"SKOGSVIOLEN","blockenhet":"2","omrnr":1,"fastighet":"SKOGSVIOLEN 2\u003e1","omrtyp":" ","omrinf":" ","adat":1100217600000}},{"type":"Feature","id":179,"geometry":{"type":"Point","coordinates":[14.267294318421596,57.768606576435936]},"properties":{"FID":179,"objekt_id":"909a6a4f-aee8-90ec-e040-ed8f66444c3f","externid":"0680\u003eSNÅRVINDAN\u003e1\u003e1\u003e\u003e\u003e\u003e1","detaljtyp":"FASTID","kommunkod":"0680","kommunnamn":"JÖNKÖPING","trakt":"SNÅRVINDAN","blockenhet":"1","omrnr":1,"fastighet":"SNÅRVINDAN 1\u003e1","omrtyp":" ","omrinf":" ","adat":1100217600000}},{"type":"Feature","id":180,"geometry":{"type":"Point","coordinates":[14.267418465169033,57.768927778827809]},"properties":{"FID":180,"objekt_id":"909a6a4f-abb2-90ec-e040-ed8f66444c3f","externid":"0680\u003eSKOGSVIOLEN\u003e10\u003e1\u003e\u003e\u003e\u003e1","detaljtyp":"FASTID","kommunkod":"0680","kommunnamn":"JÖNKÖPING","trakt":"SKOGSVIOLEN","blockenhet":"10","omrnr":1,"fastighet":"SKOGSVIOLEN 10\u003e1","omrtyp":" ","omrinf":" ","adat":1100217600000}},{"type":"Feature","id":181,"geometry":{"type":"Point","coordinates":[14.267490611053987,57.769207036767263]},"properties":{"FID":181,"objekt_id":"909a6a4f-abab-90ec-e040-ed8f66444c3f","externid":"0680\u003eSKOGSVIOLEN\u003e3\u003e1\u003e\u003e\u003e\u003e1","detaljtyp":"FASTID","kommunkod":"0680","kommunnamn":"JÖNKÖPING","trakt":"SKOGSVIOLEN","blockenhet":"3","omrnr":1,"fastighet":"SKOGSVIOLEN 3\u003e1","omrtyp":" ","omrinf":" ","adat":1100217600000}},{"type":"Feature","id":182,"geometry":{"type":"Point","coordinates":[14.267729961019489,57.768557991455594]},"properties":{"FID":182,"objekt_id":"909a6a4f-aee9-90ec-e040-ed8f66444c3f","externid":"0680\u003eSNÅRVINDAN\u003e2\u003e1\u003e\u003e\u003e\u003e1","detaljtyp":"FASTID","kommunkod":"0680","kommunnamn":"JÖNKÖPING","trakt":"SNÅRVINDAN","blockenhet":"2","omrnr":1,"fastighet":"SNÅRVINDAN 2\u003e1","omrtyp":" ","omrinf":" ","adat":1100217600000}},{"type":"Feature","id":183,"geometry":{"type":"Point","coordinates":[14.267856148092839,57.769700897622236]},"properties":{"FID":183,"objekt_id":"909a6a51-7d91-90ec-e040-ed8f66444c3f","externid":"0680\u003eSTENSÖTAN\u003e36\u003e1\u003e\u003e\u003e\u003e1","detaljtyp":"FASTID","kommunkod":"0680","kommunnamn":"JÖNKÖPING","trakt":"STENSÖTAN","blockenhet":"36","omrnr":1,"fastighet":"STENSÖTAN 36\u003e1","omrtyp":" ","omrinf":" ","adat":1140480000000}},{"type":"Feature","id":184,"geometry":{"type":"Point","coordinates":[14.267891919147271,57.769808195973155]},"properties":{"FID":184,"objekt_id":"909a6a51-7d92-90ec-e040-ed8f66444c3f","externid":"0680\u003eSTENSÖTAN\u003e37\u003e1\u003e\u003e\u003e\u003e1","detaljtyp":"FASTID","kommunkod":"0680","kommunnamn":"JÖNKÖPING","trakt":"STENSÖTAN","blockenhet":"37","omrnr":1,"fastighet":"STENSÖTAN 37\u003e1","omrtyp":" ","omrinf":" ","adat":1140480000000}},{"type":"Feature","id":185,"geometry":{"type":"Point","coordinates":[14.267926260628061,57.769158451132853]},"properties":{"FID":185,"objekt_id":"909a6a4f-abac-90ec-e040-ed8f66444c3f","externid":"0680\u003eSKOGSVIOLEN\u003e4\u003e1\u003e\u003e\u003e\u003e1","detaljtyp":"FASTID","kommunkod":"0680","kommunnamn":"JÖNKÖPING","trakt":"SKOGSVIOLEN","blockenhet":"4","omrnr":1,"fastighet":"SKOGSVIOLEN 4\u003e1","omrtyp":" ","omrinf":" ","adat":1100217600000}},{"type":"Feature","id":186,"geometry":{"type":"Point","coordinates":[14.268183271003627,57.768528469470304]},"properties":{"FID":186,"objekt_id":"909a6a4f-aeea-90ec-e040-ed8f66444c3f","externid":"0680\u003eSNÅRVINDAN\u003e3\u003e1\u003e\u003e\u003e\u003e1","detaljtyp":"FASTID","kommunkod":"0680","kommunnamn":"JÖNKÖPING","trakt":"SNÅRVINDAN","blockenhet":"3","omrnr":1,"fastighet":"SNÅRVINDAN 3\u003e1","omrtyp":" ","omrinf":" ","adat":1100217600000}},{"type":"Feature","id":187,"geometry":{"type":"Point","coordinates":[14.268205794175145,57.769501291124037]},"properties":{"FID":187,"objekt_id":"909a6a51-7d8e-90ec-e040-ed8f66444c3f","externid":"0680\u003eSTENSÖTAN\u003e33\u003e1\u003e\u003e\u003e\u003e1","detaljtyp":"FASTID","kommunkod":"0680","kommunnamn":"JÖNKÖPING","trakt":"STENSÖTAN","blockenhet":"33","omrnr":1,"fastighet":"STENSÖTAN 33\u003e1","omrtyp":" ","omrinf":" ","adat":1140480000000}},{"type":"Feature","id":188,"geometry":{"type":"Point","coordinates":[14.268306554284608,57.768870308227939]},"properties":{"FID":188,"objekt_id":"909a6a4f-abb4-90ec-e040-ed8f66444c3f","externid":"0680\u003eSKOGSVIOLEN\u003e12\u003e1\u003e\u003e\u003e\u003e1","detaljtyp":"FASTID","kommunkod":"0680","kommunnamn":"JÖNKÖPING","trakt":"SKOGSVIOLEN","blockenhet":"12","omrnr":1,"fastighet":"SKOGSVIOLEN 12\u003e1","omrtyp":" ","omrinf":" ","adat":1100217600000}},{"type":"Feature","id":189,"geometry":{"type":"Point","coordinates":[14.268339735265901,57.769473283794952]},"properties":{"FID":189,"objekt_id":"909a6a51-7d8d-90ec-e040-ed8f66444c3f","externid":"0680\u003eSTENSÖTAN\u003e32\u003e1\u003e\u003e\u003e\u003e1","detaljtyp":"FASTID","kommunkod":"0680","kommunnamn":"JÖNKÖPING","trakt":"STENSÖTAN","blockenhet":"32","omrnr":1,"fastighet":"STENSÖTAN 32\u003e1","omrtyp":" ","omrinf":" ","adat":1140480000000}},{"type":"Feature","id":190,"geometry":{"type":"Point","coordinates":[14.268575047151286,57.769472548931823]},"properties":{"FID":190,"objekt_id":"909a6a51-7d8b-90ec-e040-ed8f66444c3f","externid":"0680\u003eSTENSÖTAN\u003e30\u003e1\u003e\u003e\u003e\u003e1","detaljtyp":"FASTID","kommunkod":"0680","kommunnamn":"JÖNKÖPING","trakt":"STENSÖTAN","blockenhet":"30","omrnr":1,"fastighet":"STENSÖTAN 30\u003e1","omrtyp":" ","omrinf":" ","adat":1140480000000}},{"type":"Feature","id":191,"geometry":{"type":"Point","coordinates":[14.268730279060154,57.769695344209765]},"properties":{"FID":191,"objekt_id":"909a6a51-7d88-90ec-e040-ed8f66444c3f","externid":"0680\u003eSTENSÖTAN\u003e27\u003e1\u003e\u003e\u003e\u003e1","detaljtyp":"FASTID","kommunkod":"0680","kommunnamn":"JÖNKÖPING","trakt":"STENSÖTAN","blockenhet":"27","omrnr":1,"fastighet":"STENSÖTAN 27\u003e1","omrtyp":" ","omrinf":" ","adat":1140480000000}},{"type":"Feature","id":192,"geometry":{"type":"Point","coordinates":[14.2695613632806,57.768566744353329]},"properties":{"FID":192,"objekt_id":"909a6a4f-aeed-90ec-e040-ed8f66444c3f","externid":"0680\u003eSNÅRVINDAN\u003e6\u003e1\u003e\u003e\u003e\u003e1","detaljtyp":"FASTID","kommunkod":"0680","kommunnamn":"JÖNKÖPING","trakt":"SNÅRVINDAN","blockenhet":"6","omrnr":1,"fastighet":"SNÅRVINDAN 6\u003e1","omrtyp":" ","omrinf":" ","adat":1100217600000}},{"type":"Feature","id":193,"geometry":{"type":"Point","coordinates":[14.268969757647897,57.764968411371967]},"properties":{"FID":193,"objekt_id":"909a6a4f-b41a-90ec-e040-ed8f66444c3f","externid":"0680\u003eSTJÄRNBLOMMAN\u003e5\u003e1\u003e\u003e\u003e\u003e1","detaljtyp":"FASTID","kommunkod":"0680","kommunnamn":"JÖNKÖPING","trakt":"STJÄRNBLOMMAN","blockenhet":"5","omrnr":1,"fastighet":"STJÄRNBLOMMAN 5\u003e1","omrtyp":" ","omrinf":" ","adat":1100217600000}},{"type":"Feature","id":194,"geometry":{"type":"Point","coordinates":[14.26745870517828,57.764977903680865]},"properties":{"FID":194,"objekt_id":"909a6a4f-b41c-90ec-e040-ed8f66444c3f","externid":"0680\u003eSTJÄRNBLOMMAN\u003e7\u003e1\u003e\u003e\u003e\u003e1","detaljtyp":"FASTID","kommunkod":"0680","kommunnamn":"JÖNKÖPING","trakt":"STJÄRNBLOMMAN","blockenhet":"7","omrnr":1,"fastighet":"STJÄRNBLOMMAN 7\u003e1","omrtyp":" ","omrinf":" ","adat":1100217600000}},{"type":"Feature","id":195,"geometry":{"type":"Point","coordinates":[14.268568752977279,57.765033575858496]},"properties":{"FID":195,"objekt_id":"909a6a4f-b419-90ec-e040-ed8f66444c3f","externid":"0680\u003eSTJÄRNBLOMMAN\u003e4\u003e1\u003e\u003e\u003e\u003e1","detaljtyp":"FASTID","kommunkod":"0680","kommunnamn":"JÖNKÖPING","trakt":"STJÄRNBLOMMAN","blockenhet":"4","omrnr":1,"fastighet":"STJÄRNBLOMMAN 4\u003e1","omrtyp":" ","omrinf":" ","adat":1100217600000}},{"type":"Feature","id":196,"geometry":{"type":"Point","coordinates":[14.266989893311772,57.76509613631621]},"properties":{"FID":196,"objekt_id":"909a6a4f-b41b-90ec-e040-ed8f66444c3f","externid":"0680\u003eSTJÄRNBLOMMAN\u003e6\u003e1\u003e\u003e\u003e\u003e1","detaljtyp":"FASTID","kommunkod":"0680","kommunnamn":"JÖNKÖPING","trakt":"STJÄRNBLOMMAN","blockenhet":"6","omrnr":1,"fastighet":"STJÄRNBLOMMAN 6\u003e1","omrtyp":" ","omrinf":" ","adat":1100217600000}},{"type":"Feature","id":197,"geometry":{"type":"Point","coordinates":[14.270317683305402,57.765159866209515]},"properties":{"FID":197,"objekt_id":"909a6a4f-b0c3-90ec-e040-ed8f66444c3f","externid":"0680\u003eSTENBÄRET\u003e5\u003e1\u003e\u003e\u003e\u003e1","detaljtyp":"FASTID","kommunkod":"0680","kommunnamn":"JÖNKÖPING","trakt":"STENBÄRET","blockenhet":"5","omrnr":1,"fastighet":"STENBÄRET 5\u003e1","omrtyp":" ","omrinf":" ","adat":1100217600000}},{"type":"Feature","id":198,"geometry":{"type":"Point","coordinates":[14.269848544554184,57.765207162118685]},"properties":{"FID":198,"objekt_id":"909a6a4f-b0c2-90ec-e040-ed8f66444c3f","externid":"0680\u003eSTENBÄRET\u003e4\u003e1\u003e\u003e\u003e\u003e1","detaljtyp":"FASTID","kommunkod":"0680","kommunnamn":"JÖNKÖPING","trakt":"STENBÄRET","blockenhet":"4","omrnr":1,"fastighet":"STENBÄRET 4\u003e1","omrtyp":" ","omrinf":" ","adat":1100217600000}},{"type":"Feature","id":199,"geometry":{"type":"Point","coordinates":[14.267613109537926,57.765219550489888]},"properties":{"FID":199,"objekt_id":"909a6a4f-b417-90ec-e040-ed8f66444c3f","externid":"0680\u003eSTJÄRNBLOMMAN\u003e2\u003e1\u003e\u003e\u003e\u003e1","detaljtyp":"FASTID","kommunkod":"0680","kommunnamn":"JÖNKÖPING","trakt":"STJÄRNBLOMMAN","blockenhet":"2","omrnr":1,"fastighet":"STJÄRNBLOMMAN 2\u003e1","omrtyp":" ","omrinf":" ","adat":1100217600000}},{"type":"Feature","id":200,"geometry":{"type":"Point","coordinates":[14.26929640968156,57.765309122643153]},"properties":{"FID":200,"objekt_id":"909a6a4f-aeff-90ec-e040-ed8f66444c3f","externid":"0680\u003eSNÄRJMÅRAN\u003e10\u003e1\u003e\u003e\u003e\u003e1","detaljtyp":"FASTID","kommunkod":"0680","kommunnamn":"JÖNKÖPING","trakt":"SNÄRJMÅRAN","blockenhet":"10","omrnr":1,"fastighet":"SNÄRJMÅRAN 10\u003e1","omrtyp":" ","omrinf":" ","adat":1100217600000}},{"type":"Feature","id":201,"geometry":{"type":"Point","coordinates":[14.267162581425124,57.765302982627666]},"properties":{"FID":201,"objekt_id":"909a6a4f-b416-90ec-e040-ed8f66444c3f","externid":"0680\u003eSTJÄRNBLOMMAN\u003e1\u003e1\u003e\u003e\u003e\u003e1","detaljtyp":"FASTID","kommunkod":"0680","kommunnamn":"JÖNKÖPING","trakt":"STJÄRNBLOMMAN","blockenhet":"1","omrnr":1,"fastighet":"STJÄRNBLOMMAN 1\u003e1","omrtyp":" ","omrinf":" ","adat":1100217600000}},{"type":"Feature","id":202,"geometry":{"type":"Point","coordinates":[14.268843672263907,57.765365599896747]},"properties":{"FID":202,"objekt_id":"909a6a4f-aefe-90ec-e040-ed8f66444c3f","externid":"0680\u003eSNÄRJMÅRAN\u003e9\u003e1\u003e\u003e\u003e\u003e1","detaljtyp":"FASTID","kommunkod":"0680","kommunnamn":"JÖNKÖPING","trakt":"SNÄRJMÅRAN","blockenhet":"9","omrnr":1,"fastighet":"SNÄRJMÅRAN 9\u003e1","omrtyp":" ","omrinf":" ","adat":1100217600000}},{"type":"Feature","id":203,"geometry":{"type":"Point","coordinates":[14.268358290587827,57.765438729667238]},"properties":{"FID":203,"objekt_id":"909a6a4f-aefd-90ec-e040-ed8f66444c3f","externid":"0680\u003eSNÄRJMÅRAN\u003e8\u003e1\u003e\u003e\u003e\u003e1","detaljtyp":"FASTID","kommunkod":"0680","kommunnamn":"JÖNKÖPING","trakt":"SNÄRJMÅRAN","blockenhet":"8","omrnr":1,"fastighet":"SNÄRJMÅRAN 8\u003e1","omrtyp":" ","omrinf":" ","adat":1100217600000}},{"type":"Feature","id":204,"geometry":{"type":"Point","coordinates":[14.270913332650407,57.765497558431179]},"properties":{"FID":204,"objekt_id":"909a6a4f-b0c1-90ec-e040-ed8f66444c3f","externid":"0680\u003eSTENBÄRET\u003e3\u003e1\u003e\u003e\u003e\u003e1","detaljtyp":"FASTID","kommunkod":"0680","kommunnamn":"JÖNKÖPING","trakt":"STENBÄRET","blockenhet":"3","omrnr":1,"fastighet":"STENBÄRET 3\u003e1","omrtyp":" ","omrinf":" ","adat":1100217600000}},{"type":"Feature","id":205,"geometry":{"type":"Point","coordinates":[14.267871104564152,57.765514541973324]},"properties":{"FID":205,"objekt_id":"909a6a4f-aefc-90ec-e040-ed8f66444c3f","externid":"0680\u003eSNÄRJMÅRAN\u003e7\u003e1\u003e\u003e\u003e\u003e1","detaljtyp":"FASTID","kommunkod":"0680","kommunnamn":"JÖNKÖPING","trakt":"SNÄRJMÅRAN","blockenhet":"7","omrnr":1,"fastighet":"SNÄRJMÅRAN 7\u003e1","omrtyp":" ","omrinf":" ","adat":1100217600000}},{"type":"Feature","id":206,"geometry":{"type":"Point","coordinates":[14.270443807750322,57.765553828052184]},"properties":{"FID":206,"objekt_id":"909a6a4f-b0c0-90ec-e040-ed8f66444c3f","externid":"0680\u003eSTENBÄRET\u003e2\u003e1\u003e\u003e\u003e\u003e1","detaljtyp":"FASTID","kommunkod":"0680","kommunnamn":"JÖNKÖPING","trakt":"STENBÄRET","blockenhet":"2","omrnr":1,"fastighet":"STENBÄRET 2\u003e1","omrtyp":" ","omrinf":" ","adat":1100217600000}},{"type":"Feature","id":207,"geometry":{"type":"Point","coordinates":[14.270007857011286,57.765610504903073]},"properties":{"FID":207,"objekt_id":"909a6a4f-b0bf-90ec-e040-ed8f66444c3f","externid":"0680\u003eSTENBÄRET\u003e1\u003e1\u003e\u003e\u003e\u003e1","detaljtyp":"FASTID","kommunkod":"0680","kommunnamn":"JÖNKÖPING","trakt":"STENBÄRET","blockenhet":"1","omrnr":1,"fastighet":"STENBÄRET 1\u003e1","omrtyp":" ","omrinf":" ","adat":1100217600000}},{"type":"Feature","id":208,"geometry":{"type":"Point","coordinates":[14.269402773909825,57.765613944054074]},"properties":{"FID":208,"objekt_id":"909a6a4f-aefa-90ec-e040-ed8f66444c3f","externid":"0680\u003eSNÄRJMÅRAN\u003e5\u003e1\u003e\u003e\u003e\u003e1","detaljtyp":"FASTID","kommunkod":"0680","kommunnamn":"JÖNKÖPING","trakt":"SNÄRJMÅRAN","blockenhet":"5","omrnr":1,"fastighet":"SNÄRJMÅRAN 5\u003e1","omrtyp":" ","omrinf":" ","adat":1100217600000}},{"type":"Feature","id":209,"geometry":{"type":"Point","coordinates":[14.268915560831566,57.765651143575148]},"properties":{"FID":209,"objekt_id":"909a6a4f-aef9-90ec-e040-ed8f66444c3f","externid":"0680\u003eSNÄRJMÅRAN\u003e4\u003e1\u003e\u003e\u003e\u003e1","detaljtyp":"FASTID","kommunkod":"0680","kommunnamn":"JÖNKÖPING","trakt":"SNÄRJMÅRAN","blockenhet":"4","omrnr":1,"fastighet":"SNÄRJMÅRAN 4\u003e1","omrtyp":" ","omrinf":" ","adat":1100217600000}},{"type":"Feature","id":210,"geometry":{"type":"Point","coordinates":[14.267959443730543,57.765729334650366]},"properties":{"FID":210,"objekt_id":"909a6a4f-aef7-90ec-e040-ed8f66444c3f","externid":"0680\u003eSNÄRJMÅRAN\u003e2\u003e1\u003e\u003e\u003e\u003e1","detaljtyp":"FASTID","kommunkod":"0680","kommunnamn":"JÖNKÖPING","trakt":"SNÄRJMÅRAN","blockenhet":"2","omrnr":1,"fastighet":"SNÄRJMÅRAN 2\u003e1","omrtyp":" ","omrinf":" ","adat":1100217600000}},{"type":"Feature","id":211,"geometry":{"type":"Point","coordinates":[14.270366506449228,57.76594981666134]},"properties":{"FID":211,"objekt_id":"909a6a4f-b8f9-90ec-e040-ed8f66444c3f","externid":"0680\u003eSÖTBLOMSTRET\u003e5\u003e1\u003e\u003e\u003e\u003e1","detaljtyp":"FASTID","kommunkod":"0680","kommunnamn":"JÖNKÖPING","trakt":"SÖTBLOMSTRET","blockenhet":"5","omrnr":1,"fastighet":"SÖTBLOMSTRET 5\u003e1","omrtyp":" ","omrinf":" ","adat":1100217600000}},{"type":"Feature","id":212,"geometry":{"type":"Point","coordinates":[14.266874999210321,57.766059208274086]},"properties":{"FID":212,"objekt_id":"909a6a4f-b82b-90ec-e040-ed8f66444c3f","externid":"0680\u003eSÄVEN\u003e18\u003e1\u003e\u003e\u003e\u003e1","detaljtyp":"FASTID","kommunkod":"0680","kommunnamn":"JÖNKÖPING","trakt":"SÄVEN","blockenhet":"18","omrnr":1,"fastighet":"SÄVEN 18\u003e1","omrtyp":" ","omrinf":" ","adat":1100217600000}},{"type":"Feature","id":213,"geometry":{"type":"Point","coordinates":[14.267683406876591,57.76700475709508]},"properties":{"FID":213,"objekt_id":"909a6a4f-b927-90ec-e040-ed8f66444c3f","externid":"0680\u003eSÖTVEDELN\u003e11\u003e1\u003e\u003e\u003e\u003e1","detaljtyp":"FASTID","kommunkod":"0680","kommunnamn":"JÖNKÖPING","trakt":"SÖTVEDELN","blockenhet":"11","omrnr":1,"fastighet":"SÖTVEDELN 11\u003e1","omrtyp":" ","omrinf":" ","adat":1107734400000}},{"type":"Feature","id":214,"geometry":{"type":"Point","coordinates":[14.268472738898248,57.767055648063348]},"properties":{"FID":214,"objekt_id":"909a6a4f-b92b-90ec-e040-ed8f66444c3f","externid":"0680\u003eSÖTVEDELN\u003e15\u003e1\u003e\u003e\u003e\u003e1","detaljtyp":"FASTID","kommunkod":"0680","kommunnamn":"JÖNKÖPING","trakt":"SÖTVEDELN","blockenhet":"15","omrnr":1,"fastighet":"SÖTVEDELN 15\u003e1","omrtyp":" ","omrinf":" ","adat":1100217600000}},{"type":"Feature","id":215,"geometry":{"type":"Point","coordinates":[14.268911069888768,57.767061869078219]},"properties":{"FID":215,"objekt_id":"909a6a4f-b92e-90ec-e040-ed8f66444c3f","externid":"0680\u003eSÖTVEDELN\u003e18\u003e1\u003e\u003e\u003e\u003e1","detaljtyp":"FASTID","kommunkod":"0680","kommunnamn":"JÖNKÖPING","trakt":"SÖTVEDELN","blockenhet":"18","omrnr":1,"fastighet":"SÖTVEDELN 18\u003e1","omrtyp":" ","omrinf":" ","adat":1107734400000}},{"type":"Feature","id":216,"geometry":{"type":"Point","coordinates":[14.267684484871429,57.767058650557146]},"properties":{"FID":216,"objekt_id":"909a6a4f-b926-90ec-e040-ed8f66444c3f","externid":"0680\u003eSÖTVEDELN\u003e10\u003e1\u003e\u003e\u003e\u003e1","detaljtyp":"FASTID","kommunkod":"0680","kommunnamn":"JÖNKÖPING","trakt":"SÖTVEDELN","blockenhet":"10","omrnr":1,"fastighet":"SÖTVEDELN 10\u003e1","omrtyp":" ","omrinf":" ","adat":1107734400000}},{"type":"Feature","id":217,"geometry":{"type":"Point","coordinates":[14.268911915273325,57.767160656723355]},"properties":{"FID":217,"objekt_id":"909a6a4f-b92d-90ec-e040-ed8f66444c3f","externid":"0680\u003eSÖTVEDELN\u003e17\u003e1\u003e\u003e\u003e\u003e1","detaljtyp":"FASTID","kommunkod":"0680","kommunnamn":"JÖNKÖPING","trakt":"SÖTVEDELN","blockenhet":"17","omrnr":1,"fastighet":"SÖTVEDELN 17\u003e1","omrtyp":" ","omrinf":" ","adat":1100217600000}},{"type":"Feature","id":218,"geometry":{"type":"Point","coordinates":[14.268542721116344,57.767188501893841]},"properties":{"FID":218,"objekt_id":"909a6a4f-b92c-90ec-e040-ed8f66444c3f","externid":"0680\u003eSÖTVEDELN\u003e16\u003e1\u003e\u003e\u003e\u003e1","detaljtyp":"FASTID","kommunkod":"0680","kommunnamn":"JÖNKÖPING","trakt":"SÖTVEDELN","blockenhet":"16","omrnr":1,"fastighet":"SÖTVEDELN 16\u003e1","omrtyp":" ","omrinf":" ","adat":1100217600000}},{"type":"Feature","id":219,"geometry":{"type":"Point","coordinates":[14.267736274755523,57.767184105774909]},"properties":{"FID":219,"objekt_id":"909a6a4f-b924-90ec-e040-ed8f66444c3f","externid":"0680\u003eSÖTVEDELN\u003e8\u003e1\u003e\u003e\u003e\u003e1","detaljtyp":"FASTID","kommunkod":"0680","kommunnamn":"JÖNKÖPING","trakt":"SÖTVEDELN","blockenhet":"8","omrnr":1,"fastighet":"SÖTVEDELN 8\u003e1","omrtyp":" ","omrinf":" ","adat":1107734400000}},{"type":"Feature","id":220,"geometry":{"type":"Point","coordinates":[14.26704836422611,57.767198202754798]},"properties":{"FID":220,"objekt_id":"909a6a4f-b820-90ec-e040-ed8f66444c3f","externid":"0680\u003eSÄVEN\u003e7\u003e1\u003e\u003e\u003e\u003e1","detaljtyp":"FASTID","kommunkod":"0680","kommunnamn":"JÖNKÖPING","trakt":"SÄVEN","blockenhet":"7","omrnr":1,"fastighet":"SÄVEN 7\u003e1","omrtyp":" ","omrinf":" ","adat":1100217600000}},{"type":"Feature","id":221,"geometry":{"type":"Point","coordinates":[14.268122970310554,57.767219332754216]},"properties":{"FID":221,"objekt_id":"909a6a4f-b946-90ec-e040-ed8f66444c3f","externid":"0680\u003eSÖTVEDELN\u003e42\u003e1\u003e\u003e\u003e\u003e1","detaljtyp":"FASTID","kommunkod":"0680","kommunnamn":"JÖNKÖPING","trakt":"SÖTVEDELN","blockenhet":"42","omrnr":1,"fastighet":"SÖTVEDELN 42\u003e1","omrtyp":" ","omrinf":" ","adat":1100217600000}},{"type":"Feature","id":222,"geometry":{"type":"Point","coordinates":[14.267722305402554,57.767275531856548]},"properties":{"FID":222,"objekt_id":"909a6a4f-b923-90ec-e040-ed8f66444c3f","externid":"0680\u003eSÖTVEDELN\u003e7\u003e1\u003e\u003e\u003e\u003e1","detaljtyp":"FASTID","kommunkod":"0680","kommunnamn":"JÖNKÖPING","trakt":"SÖTVEDELN","blockenhet":"7","omrnr":1,"fastighet":"SÖTVEDELN 7\u003e1","omrtyp":" ","omrinf":" ","adat":1100217600000}},{"type":"Feature","id":223,"geometry":{"type":"Point","coordinates":[14.267033747952446,57.767304886637589]},"properties":{"FID":223,"objekt_id":"909a6a4f-b81f-90ec-e040-ed8f66444c3f","externid":"0680\u003eSÄVEN\u003e6\u003e1\u003e\u003e\u003e\u003e1","detaljtyp":"FASTID","kommunkod":"0680","kommunnamn":"JÖNKÖPING","trakt":"SÄVEN","blockenhet":"6","omrnr":1,"fastighet":"SÄVEN 6\u003e1","omrtyp":" ","omrinf":" ","adat":1100217600000}},{"type":"Feature","id":224,"geometry":{"type":"Point","coordinates":[14.267858251944327,57.767516954823414]},"properties":{"FID":224,"objekt_id":"909a6a4f-b920-90ec-e040-ed8f66444c3f","externid":"0680\u003eSÖTVEDELN\u003e4\u003e1\u003e\u003e\u003e\u003e1","detaljtyp":"FASTID","kommunkod":"0680","kommunnamn":"JÖNKÖPING","trakt":"SÖTVEDELN","blockenhet":"4","omrnr":1,"fastighet":"SÖTVEDELN 4\u003e1","omrtyp":" ","omrinf":" ","adat":1100217600000}},{"type":"Feature","id":225,"geometry":{"type":"Point","coordinates":[14.268634037794266,57.767530856575114]},"properties":{"FID":225,"objekt_id":"909a6a4f-b934-90ec-e040-ed8f66444c3f","externid":"0680\u003eSÖTVEDELN\u003e24\u003e1\u003e\u003e\u003e\u003e1","detaljtyp":"FASTID","kommunkod":"0680","kommunnamn":"JÖNKÖPING","trakt":"SÖTVEDELN","blockenhet":"24","omrnr":1,"fastighet":"SÖTVEDELN 24\u003e1","omrtyp":" ","omrinf":" ","adat":1100217600000}},{"type":"Feature","id":226,"geometry":{"type":"Point","coordinates":[14.267760377293765,57.767526539872712]},"properties":{"FID":226,"objekt_id":"909a6a4f-b921-90ec-e040-ed8f66444c3f","externid":"0680\u003eSÖTVEDELN\u003e5\u003e1\u003e\u003e\u003e\u003e1","detaljtyp":"FASTID","kommunkod":"0680","kommunnamn":"JÖNKÖPING","trakt":"SÖTVEDELN","blockenhet":"5","omrnr":1,"fastighet":"SÖTVEDELN 5\u003e1","omrtyp":" ","omrinf":" ","adat":1100217600000}},{"type":"Feature","id":227,"geometry":{"type":"Point","coordinates":[14.267542780589448,57.767545448752152]},"properties":{"FID":227,"objekt_id":"909a6a4f-b922-90ec-e040-ed8f66444c3f","externid":"0680\u003eSÖTVEDELN\u003e6\u003e1\u003e\u003e\u003e\u003e1","detaljtyp":"FASTID","kommunkod":"0680","kommunnamn":"JÖNKÖPING","trakt":"SÖTVEDELN","blockenhet":"6","omrnr":1,"fastighet":"SÖTVEDELN 6\u003e1","omrtyp":" ","omrinf":" ","adat":1100217600000}},{"type":"Feature","id":228,"geometry":{"type":"Point","coordinates":[14.267004121347874,57.767566749725972]},"properties":{"FID":228,"objekt_id":"909a6a4f-b81c-90ec-e040-ed8f66444c3f","externid":"0680\u003eSÄVEN\u003e3\u003e1\u003e\u003e\u003e\u003e1","detaljtyp":"FASTID","kommunkod":"0680","kommunnamn":"JÖNKÖPING","trakt":"SÄVEN","blockenhet":"3","omrnr":1,"fastighet":"SÄVEN 3\u003e1","omrtyp":" ","omrinf":" ","adat":1100217600000}},{"type":"Feature","id":229,"geometry":{"type":"Point","coordinates":[14.268734783890022,57.763300638150795]},"properties":{"FID":229,"objekt_id":"909a6a4f-aff6-90ec-e040-ed8f66444c3f","externid":"0680\u003eSPIKVALLMON\u003e3\u003e1\u003e\u003e\u003e\u003e1","detaljtyp":"FASTID","kommunkod":"0680","kommunnamn":"JÖNKÖPING","trakt":"SPIKVALLMON","blockenhet":"3","omrnr":1,"fastighet":"SPIKVALLMON 3\u003e1","omrtyp":" ","omrinf":" ","adat":1100217600000}},{"type":"Feature","id":230,"geometry":{"type":"Point","coordinates":[14.268069597932794,57.763572747105854]},"properties":{"FID":230,"objekt_id":"909a6a4f-aff4-90ec-e040-ed8f66444c3f","externid":"0680\u003eSPIKVALLMON\u003e1\u003e1\u003e\u003e\u003e\u003e1","detaljtyp":"FASTID","kommunkod":"0680","kommunnamn":"JÖNKÖPING","trakt":"SPIKVALLMON","blockenhet":"1","omrnr":1,"fastighet":"SPIKVALLMON 1\u003e1","omrtyp":" ","omrinf":" ","adat":1100217600000}},{"type":"Feature","id":231,"geometry":{"type":"Point","coordinates":[14.268778858649675,57.763766349362825]},"properties":{"FID":231,"objekt_id":"909a6a4f-b0d5-90ec-e040-ed8f66444c3f","externid":"0680\u003eSTENMÅRAN\u003e2\u003e1\u003e\u003e\u003e\u003e1","detaljtyp":"FASTID","kommunkod":"0680","kommunnamn":"JÖNKÖPING","trakt":"STENMÅRAN","blockenhet":"2","omrnr":1,"fastighet":"STENMÅRAN 2\u003e1","omrtyp":" ","omrinf":" ","adat":1100217600000}},{"type":"Feature","id":232,"geometry":{"type":"Point","coordinates":[14.267721418205621,57.763818164513403]},"properties":{"FID":232,"objekt_id":"909a6a4f-b424-90ec-e040-ed8f66444c3f","externid":"0680\u003eSTJÄRNBRÄCKAN\u003e5\u003e1\u003e\u003e\u003e\u003e1","detaljtyp":"FASTID","kommunkod":"0680","kommunnamn":"JÖNKÖPING","trakt":"STJÄRNBRÄCKAN","blockenhet":"5","omrnr":1,"fastighet":"STJÄRNBRÄCKAN 5\u003e1","omrtyp":" ","omrinf":" ","adat":1100217600000}},{"type":"Feature","id":233,"geometry":{"type":"Point","coordinates":[14.268395993778746,57.763958363915272]},"properties":{"FID":233,"objekt_id":"909a6a4f-b0d4-90ec-e040-ed8f66444c3f","externid":"0680\u003eSTENMÅRAN\u003e1\u003e1\u003e\u003e\u003e\u003e1","detaljtyp":"FASTID","kommunkod":"0680","kommunnamn":"JÖNKÖPING","trakt":"STENMÅRAN","blockenhet":"1","omrnr":1,"fastighet":"STENMÅRAN 1\u003e1","omrtyp":" ","omrinf":" ","adat":1100217600000}},{"type":"Feature","id":234,"geometry":{"type":"Point","coordinates":[14.267269537940152,57.763973423886739]},"properties":{"FID":234,"objekt_id":"909a6a4f-b423-90ec-e040-ed8f66444c3f","externid":"0680\u003eSTJÄRNBRÄCKAN\u003e4\u003e1\u003e\u003e\u003e\u003e1","detaljtyp":"FASTID","kommunkod":"0680","kommunnamn":"JÖNKÖPING","trakt":"STJÄRNBRÄCKAN","blockenhet":"4","omrnr":1,"fastighet":"STJÄRNBRÄCKAN 4\u003e1","omrtyp":" ","omrinf":" ","adat":1100217600000}},{"type":"Feature","id":235,"geometry":{"type":"Point","coordinates":[14.269222980809996,57.764149795647079]},"properties":{"FID":235,"objekt_id":"909a6a4f-b770-90ec-e040-ed8f66444c3f","externid":"0680\u003eSVÄRDSLILJAN\u003e2\u003e1\u003e\u003e\u003e\u003e1","detaljtyp":"FASTID","kommunkod":"0680","kommunnamn":"JÖNKÖPING","trakt":"SVÄRDSLILJAN","blockenhet":"2","omrnr":1,"fastighet":"SVÄRDSLILJAN 2\u003e1","omrtyp":" ","omrinf":" ","adat":1100217600000}},{"type":"Feature","id":236,"geometry":{"type":"Point","coordinates":[14.267879256191479,57.764176597095521]},"properties":{"FID":236,"objekt_id":"909a6a4f-b5a7-90ec-e040-ed8f66444c3f","externid":"0680\u003eSTYVMORSVIOLEN\u003e4\u003e1\u003e\u003e\u003e\u003e1","detaljtyp":"FASTID","kommunkod":"0680","kommunnamn":"JÖNKÖPING","trakt":"STYVMORSVIOLEN","blockenhet":"4","omrnr":1,"fastighet":"STYVMORSVIOLEN 4\u003e1","omrtyp":" ","omrinf":" ","adat":1100217600000}},{"type":"Feature","id":237,"geometry":{"type":"Point","coordinates":[14.268169427378563,57.764426177686232]},"properties":{"FID":237,"objekt_id":"909a6a4f-b5ff-90ec-e040-ed8f66444c3f","externid":"0680\u003eSVALÖRTEN\u003e4\u003e1\u003e\u003e\u003e\u003e1","detaljtyp":"FASTID","kommunkod":"0680","kommunnamn":"JÖNKÖPING","trakt":"SVALÖRTEN","blockenhet":"4","omrnr":1,"fastighet":"SVALÖRTEN 4\u003e1","omrtyp":" ","omrinf":" ","adat":1100217600000}},{"type":"Feature","id":238,"geometry":{"type":"Point","coordinates":[14.269664497813169,57.764436230063247]},"properties":{"FID":238,"objekt_id":"909a6a4f-b01a-90ec-e040-ed8f66444c3f","externid":"0680\u003eSPÅTISTELN\u003e5\u003e1\u003e\u003e\u003e\u003e1","detaljtyp":"FASTID","kommunkod":"0680","kommunnamn":"JÖNKÖPING","trakt":"SPÅTISTELN","blockenhet":"5","omrnr":1,"fastighet":"SPÅTISTELN 5\u003e1","omrtyp":" ","omrinf":" ","adat":1100217600000}},{"type":"Feature","id":239,"geometry":{"type":"Point","coordinates":[14.26765165579322,57.764589609472516]},"properties":{"FID":239,"objekt_id":"909a6a4f-b5fe-90ec-e040-ed8f66444c3f","externid":"0680\u003eSVALÖRTEN\u003e3\u003e1\u003e\u003e\u003e\u003e1","detaljtyp":"FASTID","kommunkod":"0680","kommunnamn":"JÖNKÖPING","trakt":"SVALÖRTEN","blockenhet":"3","omrnr":1,"fastighet":"SVALÖRTEN 3\u003e1","omrtyp":" ","omrinf":" ","adat":1100217600000}},{"type":"Feature","id":240,"geometry":{"type":"Point","coordinates":[14.269992685320451,57.764820074371436]},"properties":{"FID":240,"objekt_id":"909a6a4f-b017-90ec-e040-ed8f66444c3f","externid":"0680\u003eSPÅTISTELN\u003e2\u003e1\u003e\u003e\u003e\u003e1","detaljtyp":"FASTID","kommunkod":"0680","kommunnamn":"JÖNKÖPING","trakt":"SPÅTISTELN","blockenhet":"2","omrnr":1,"fastighet":"SPÅTISTELN 2\u003e1","omrtyp":" ","omrinf":" ","adat":1100217600000}},{"type":"Feature","id":241,"geometry":{"type":"Point","coordinates":[14.267908732703296,57.764866630206683]},"properties":{"FID":241,"objekt_id":"909a6a4f-b41d-90ec-e040-ed8f66444c3f","externid":"0680\u003eSTJÄRNBLOMMAN\u003e8\u003e1\u003e\u003e\u003e\u003e1","detaljtyp":"FASTID","kommunkod":"0680","kommunnamn":"JÖNKÖPING","trakt":"STJÄRNBLOMMAN","blockenhet":"8","omrnr":1,"fastighet":"STJÄRNBLOMMAN 8\u003e1","omrtyp":" ","omrinf":" ","adat":1100217600000}},{"type":"Feature","id":242,"geometry":{"type":"Point","coordinates":[14.269745028781866,57.767605396245422]},"properties":{"FID":242,"objekt_id":"909a6a4f-b942-90ec-e040-ed8f66444c3f","externid":"0680\u003eSÖTVEDELN\u003e38\u003e1\u003e\u003e\u003e\u003e1","detaljtyp":"FASTID","kommunkod":"0680","kommunnamn":"JÖNKÖPING","trakt":"SÖTVEDELN","blockenhet":"38","omrnr":1,"fastighet":"SÖTVEDELN 38\u003e1","omrtyp":" ","omrinf":" ","adat":1107734400000}},{"type":"Feature","id":243,"geometry":{"type":"Point","coordinates":[14.269509763796348,57.767605244221691]},"properties":{"FID":243,"objekt_id":"909a6a4f-b944-90ec-e040-ed8f66444c3f","externid":"0680\u003eSÖTVEDELN\u003e40\u003e1\u003e\u003e\u003e\u003e1","detaljtyp":"FASTID","kommunkod":"0680","kommunnamn":"JÖNKÖPING","trakt":"SÖTVEDELN","blockenhet":"40","omrnr":1,"fastighet":"SÖTVEDELN 40\u003e1","omrtyp":" ","omrinf":" ","adat":1107734400000}},{"type":"Feature","id":244,"geometry":{"type":"Point","coordinates":[14.27065287024384,57.767636161366966]},"properties":{"FID":244,"objekt_id":"909a6a4f-aba5-90ec-e040-ed8f66444c3f","externid":"0680\u003eSKOGSSTJÄRNAN\u003e3\u003e1\u003e\u003e\u003e\u003e1","detaljtyp":"FASTID","kommunkod":"0680","kommunnamn":"JÖNKÖPING","trakt":"SKOGSSTJÄRNAN","blockenhet":"3","omrnr":1,"fastighet":"SKOGSSTJÄRNAN 3\u003e1","omrtyp":" ","omrinf":" ","adat":1100217600000}},{"type":"Feature","id":245,"geometry":{"type":"Point","coordinates":[14.269342149556145,57.767634639612133]},"properties":{"FID":245,"objekt_id":"909a6a4f-b945-90ec-e040-ed8f66444c3f","externid":"0680\u003eSÖTVEDELN\u003e41\u003e1\u003e\u003e\u003e\u003e1","detaljtyp":"FASTID","kommunkod":"0680","kommunnamn":"JÖNKÖPING","trakt":"SÖTVEDELN","blockenhet":"41","omrnr":1,"fastighet":"SÖTVEDELN 41\u003e1","omrtyp":" ","omrinf":" ","adat":1100217600000}},{"type":"Feature","id":246,"geometry":{"type":"Point","coordinates":[14.266907779490712,57.767737995696613]},"properties":{"FID":246,"objekt_id":"909a6a4f-b81a-90ec-e040-ed8f66444c3f","externid":"0680\u003eSÄVEN\u003e1\u003e1\u003e\u003e\u003e\u003e1","detaljtyp":"FASTID","kommunkod":"0680","kommunnamn":"JÖNKÖPING","trakt":"SÄVEN","blockenhet":"1","omrnr":1,"fastighet":"SÄVEN 1\u003e1","omrtyp":" ","omrinf":" ","adat":1100217600000}},{"type":"Feature","id":247,"geometry":{"type":"Point","coordinates":[14.270470487555585,57.767815349600838]},"properties":{"FID":247,"objekt_id":"909a6a4f-aba4-90ec-e040-ed8f66444c3f","externid":"0680\u003eSKOGSSTJÄRNAN\u003e2\u003e1\u003e\u003e\u003e\u003e1","detaljtyp":"FASTID","kommunkod":"0680","kommunnamn":"JÖNKÖPING","trakt":"SKOGSSTJÄRNAN","blockenhet":"2","omrnr":1,"fastighet":"SKOGSSTJÄRNAN 2\u003e1","omrtyp":" ","omrinf":" ","adat":1100217600000}},{"type":"Feature","id":248,"geometry":{"type":"Point","coordinates":[14.266440338088024,57.767902037105934]},"properties":{"FID":248,"objekt_id":"909a6a4f-b7c4-90ec-e040-ed8f66444c3f","externid":"0680\u003eSYSKAN\u003e46\u003e1\u003e\u003e\u003e\u003e1","detaljtyp":"FASTID","kommunkod":"0680","kommunnamn":"JÖNKÖPING","trakt":"SYSKAN","blockenhet":"46","omrnr":1,"fastighet":"SYSKAN 46\u003e1","omrtyp":" ","omrinf":" ","adat":1100217600000}},{"type":"Feature","id":249,"geometry":{"type":"Point","coordinates":[14.266256879217327,57.767948305050481]},"properties":{"FID":249,"objekt_id":"909a6a4f-b7c3-90ec-e040-ed8f66444c3f","externid":"0680\u003eSYSKAN\u003e45\u003e1\u003e\u003e\u003e\u003e1","detaljtyp":"FASTID","kommunkod":"0680","kommunnamn":"JÖNKÖPING","trakt":"SYSKAN","blockenhet":"45","omrnr":1,"fastighet":"SYSKAN 45\u003e1","omrtyp":" ","omrinf":" ","adat":1100217600000}},{"type":"Feature","id":250,"geometry":{"type":"Point","coordinates":[14.270255753219887,57.768004923950969]},"properties":{"FID":250,"objekt_id":"909a6a4f-aba3-90ec-e040-ed8f66444c3f","externid":"0680\u003eSKOGSSTJÄRNAN\u003e1\u003e1\u003e\u003e\u003e\u003e1","detaljtyp":"FASTID","kommunkod":"0680","kommunnamn":"JÖNKÖPING","trakt":"SKOGSSTJÄRNAN","blockenhet":"1","omrnr":1,"fastighet":"SKOGSSTJÄRNAN 1\u003e1","omrtyp":" ","omrinf":" ","adat":1100217600000}},{"type":"Feature","id":251,"geometry":{"type":"Point","coordinates":[14.269419380834305,57.768190548022723]},"properties":{"FID":251,"objekt_id":"909a6a4f-aef3-90ec-e040-ed8f66444c3f","externid":"0680\u003eSNÅRVINDAN\u003e12\u003e1\u003e\u003e\u003e\u003e1","detaljtyp":"FASTID","kommunkod":"0680","kommunnamn":"JÖNKÖPING","trakt":"SNÅRVINDAN","blockenhet":"12","omrnr":1,"fastighet":"SNÅRVINDAN 12\u003e1","omrtyp":" ","omrinf":" ","adat":1100217600000}},{"type":"Feature","id":252,"geometry":{"type":"Point","coordinates":[14.26809294802508,57.768241804011268]},"properties":{"FID":252,"objekt_id":"909a6a4f-aef0-90ec-e040-ed8f66444c3f","externid":"0680\u003eSNÅRVINDAN\u003e9\u003e1\u003e\u003e\u003e\u003e1","detaljtyp":"FASTID","kommunkod":"0680","kommunnamn":"JÖNKÖPING","trakt":"SNÅRVINDAN","blockenhet":"9","omrnr":1,"fastighet":"SNÅRVINDAN 9\u003e1","omrtyp":" ","omrinf":" ","adat":1100217600000}},{"type":"Feature","id":253,"geometry":{"type":"Point","coordinates":[14.267657309531934,57.768290399233173]},"properties":{"FID":253,"objekt_id":"909a6a4f-aeef-90ec-e040-ed8f66444c3f","externid":"0680\u003eSNÅRVINDAN\u003e8\u003e1\u003e\u003e\u003e\u003e1","detaljtyp":"FASTID","kommunkod":"0680","kommunnamn":"JÖNKÖPING","trakt":"SNÅRVINDAN","blockenhet":"8","omrnr":1,"fastighet":"SNÅRVINDAN 8\u003e1","omrtyp":" ","omrinf":" ","adat":1100217600000}},{"type":"Feature","id":254,"geometry":{"type":"Point","coordinates":[14.267204385666084,57.768310938860573]},"properties":{"FID":254,"objekt_id":"909a6a4f-aeee-90ec-e040-ed8f66444c3f","externid":"0680\u003eSNÅRVINDAN\u003e7\u003e1\u003e\u003e\u003e\u003e1","detaljtyp":"FASTID","kommunkod":"0680","kommunnamn":"JÖNKÖPING","trakt":"SNÅRVINDAN","blockenhet":"7","omrnr":1,"fastighet":"SNÅRVINDAN 7\u003e1","omrtyp":" ","omrinf":" ","adat":1100217600000}},{"type":"Feature","id":255,"geometry":{"type":"Point","coordinates":[14.266399136622095,57.768396350297294]},"properties":{"FID":255,"objekt_id":"909a6a4f-b7ba-90ec-e040-ed8f66444c3f","externid":"0680\u003eSYSKAN\u003e36\u003e1\u003e\u003e\u003e\u003e1","detaljtyp":"FASTID","kommunkod":"0680","kommunnamn":"JÖNKÖPING","trakt":"SYSKAN","blockenhet":"36","omrnr":1,"fastighet":"SYSKAN 36\u003e1","omrtyp":" ","omrinf":" ","adat":1100217600000}},{"type":"Feature","id":256,"geometry":{"type":"Point","coordinates":[14.26860293207513,57.768500332656089]},"properties":{"FID":256,"objekt_id":"909a6a4f-aeeb-90ec-e040-ed8f66444c3f","externid":"0680\u003eSNÅRVINDAN\u003e4\u003e1\u003e\u003e\u003e\u003e1","detaljtyp":"FASTID","kommunkod":"0680","kommunnamn":"JÖNKÖPING","trakt":"SNÅRVINDAN","blockenhet":"4","omrnr":1,"fastighet":"SNÅRVINDAN 4\u003e1","omrtyp":" ","omrinf":" ","adat":1100217600000}},{"type":"Feature","id":257,"geometry":{"type":"Point","coordinates":[14.265446299294037,57.770171814085138]},"properties":{"FID":257,"objekt_id":"909a6a51-7e04-90ec-e040-ed8f66444c3f","externid":"0680\u003eSTENSÖTAN\u003e18\u003e1\u003e\u003e\u003e\u003e1","detaljtyp":"FASTID","kommunkod":"0680","kommunnamn":"JÖNKÖPING","trakt":"STENSÖTAN","blockenhet":"18","omrnr":1,"fastighet":"STENSÖTAN 18\u003e1","omrtyp":" ","omrinf":" ","adat":1140480000000}},{"type":"Feature","id":258,"geometry":{"type":"Point","coordinates":[14.265488461911872,57.770602473467108]},"properties":{"FID":258,"objekt_id":"909a6a51-7dd7-90ec-e040-ed8f66444c3f","externid":"0680\u003eSPARVNÄVAN\u003e8\u003e1\u003e\u003e\u003e\u003e1","detaljtyp":"FASTID","kommunkod":"0680","kommunnamn":"JÖNKÖPING","trakt":"SPARVNÄVAN","blockenhet":"8","omrnr":1,"fastighet":"SPARVNÄVAN 8\u003e1","omrtyp":" ","omrinf":" ","adat":1140480000000}},{"type":"Feature","id":259,"geometry":{"type":"Point","coordinates":[14.265596522693018,57.770117063692055]},"properties":{"FID":259,"objekt_id":"909a6a51-7e03-90ec-e040-ed8f66444c3f","externid":"0680\u003eSTENSÖTAN\u003e17\u003e1\u003e\u003e\u003e\u003e1","detaljtyp":"FASTID","kommunkod":"0680","kommunnamn":"JÖNKÖPING","trakt":"STENSÖTAN","blockenhet":"17","omrnr":1,"fastighet":"STENSÖTAN 17\u003e1","omrtyp":" ","omrinf":" ","adat":1140480000000}},{"type":"Feature","id":260,"geometry":{"type":"Point","coordinates":[14.265627041080473,57.77078196927198]},"properties":{"FID":260,"objekt_id":"909a6a51-7dd8-90ec-e040-ed8f66444c3f","externid":"0680\u003eSPARVNÄVAN\u003e9\u003e1\u003e\u003e\u003e\u003e1","detaljtyp":"FASTID","kommunkod":"0680","kommunnamn":"JÖNKÖPING","trakt":"SPARVNÄVAN","blockenhet":"9","omrnr":1,"fastighet":"SPARVNÄVAN 9\u003e1","omrtyp":" ","omrinf":" ","adat":1140480000000}},{"type":"Feature","id":261,"geometry":{"type":"Point","coordinates":[14.265712730176361,57.770071781453936]},"properties":{"FID":261,"objekt_id":"909a6a51-7e02-90ec-e040-ed8f66444c3f","externid":"0680\u003eSTENSÖTAN\u003e16\u003e1\u003e\u003e\u003e\u003e1","detaljtyp":"FASTID","kommunkod":"0680","kommunnamn":"JÖNKÖPING","trakt":"STENSÖTAN","blockenhet":"16","omrnr":1,"fastighet":"STENSÖTAN 16\u003e1","omrtyp":" ","omrinf":" ","adat":1140480000000}},{"type":"Feature","id":262,"geometry":{"type":"Point","coordinates":[14.265857361304523,57.770582710818317]},"properties":{"FID":262,"objekt_id":"909a6a51-7dd5-90ec-e040-ed8f66444c3f","externid":"0680\u003eSPARVNÄVAN\u003e6\u003e1\u003e\u003e\u003e\u003e1","detaljtyp":"FASTID","kommunkod":"0680","kommunnamn":"JÖNKÖPING","trakt":"SPARVNÄVAN","blockenhet":"6","omrnr":1,"fastighet":"SPARVNÄVAN 6\u003e1","omrtyp":" ","omrinf":" ","adat":1140480000000}},{"type":"Feature","id":263,"geometry":{"type":"Point","coordinates":[14.26607611153811,57.770536881321881]},"properties":{"FID":263,"objekt_id":"909a6a51-7dd4-90ec-e040-ed8f66444c3f","externid":"0680\u003eSPARVNÄVAN\u003e5\u003e1\u003e\u003e\u003e\u003e1","detaljtyp":"FASTID","kommunkod":"0680","kommunnamn":"JÖNKÖPING","trakt":"SPARVNÄVAN","blockenhet":"5","omrnr":1,"fastighet":"SPARVNÄVAN 5\u003e1","omrtyp":" ","omrinf":" ","adat":1140480000000}},{"type":"Feature","id":264,"geometry":{"type":"Point","coordinates":[14.266153923991073,57.770248663822635]},"properties":{"FID":264,"objekt_id":"909a6a51-7e07-90ec-e040-ed8f66444c3f","externid":"0680\u003eSTENSÖTAN\u003e21\u003e1\u003e\u003e\u003e\u003e1","detaljtyp":"FASTID","kommunkod":"0680","kommunnamn":"JÖNKÖPING","trakt":"STENSÖTAN","blockenhet":"21","omrnr":1,"fastighet":"STENSÖTAN 21\u003e1","omrtyp":" ","omrinf":" ","adat":1140480000000}},{"type":"Feature","id":265,"geometry":{"type":"Point","coordinates":[14.266304437951927,57.771056010832979]},"properties":{"FID":265,"objekt_id":"909a6a51-7ddf-90ec-e040-ed8f66444c3f","externid":"0680\u003eSPARVNÄVAN\u003e16\u003e1\u003e\u003e\u003e\u003e1","detaljtyp":"FASTID","kommunkod":"0680","kommunnamn":"JÖNKÖPING","trakt":"SPARVNÄVAN","blockenhet":"16","omrnr":1,"fastighet":"SPARVNÄVAN 16\u003e1","omrtyp":" ","omrinf":" ","adat":1140480000000}},{"type":"Feature","id":266,"geometry":{"type":"Point","coordinates":[14.266339186109725,57.770239244490305]},"properties":{"FID":266,"objekt_id":"909a6a51-7e08-90ec-e040-ed8f66444c3f","externid":"0680\u003eSTENSÖTAN\u003e22\u003e1\u003e\u003e\u003e\u003e1","detaljtyp":"FASTID","kommunkod":"0680","kommunnamn":"JÖNKÖPING","trakt":"STENSÖTAN","blockenhet":"22","omrnr":1,"fastighet":"STENSÖTAN 22\u003e1","omrtyp":" ","omrinf":" ","adat":1140480000000}},{"type":"Feature","id":267,"geometry":{"type":"Point","coordinates":[14.266476122606431,57.77041781362388]},"properties":{"FID":267,"objekt_id":"909a6a51-7dd3-90ec-e040-ed8f66444c3f","externid":"0680\u003eSPARVNÄVAN\u003e4\u003e1\u003e\u003e\u003e\u003e1","detaljtyp":"FASTID","kommunkod":"0680","kommunnamn":"JÖNKÖPING","trakt":"SPARVNÄVAN","blockenhet":"4","omrnr":1,"fastighet":"SPARVNÄVAN 4\u003e1","omrtyp":" ","omrinf":" ","adat":1140480000000}},{"type":"Feature","id":268,"geometry":{"type":"Point","coordinates":[14.266523202987669,57.770219927729869]},"properties":{"FID":268,"objekt_id":"909a6a51-7e09-90ec-e040-ed8f66444c3f","externid":"0680\u003eSTENSÖTAN\u003e23\u003e1\u003e\u003e\u003e\u003e1","detaljtyp":"FASTID","kommunkod":"0680","kommunnamn":"JÖNKÖPING","trakt":"STENSÖTAN","blockenhet":"23","omrnr":1,"fastighet":"STENSÖTAN 23\u003e1","omrtyp":" ","omrinf":" ","adat":1140480000000}},{"type":"Feature","id":269,"geometry":{"type":"Point","coordinates":[14.266547511989467,57.770596488395832]},"properties":{"FID":269,"objekt_id":"909a6a51-7dd1-90ec-e040-ed8f66444c3f","externid":"0680\u003eSPARVNÄVAN\u003e2\u003e1\u003e\u003e\u003e\u003e1","detaljtyp":"FASTID","kommunkod":"0680","kommunnamn":"JÖNKÖPING","trakt":"SPARVNÄVAN","blockenhet":"2","omrnr":1,"fastighet":"SPARVNÄVAN 2\u003e1","omrtyp":" ","omrinf":" ","adat":1140480000000}},{"type":"Feature","id":270,"geometry":{"type":"Point","coordinates":[14.266638102677721,57.770955898311314]},"properties":{"FID":270,"objekt_id":"909a6a51-7de1-90ec-e040-ed8f66444c3f","externid":"0680\u003eSPARVNÄVAN\u003e18\u003e1\u003e\u003e\u003e\u003e1","detaljtyp":"FASTID","kommunkod":"0680","kommunnamn":"JÖNKÖPING","trakt":"SPARVNÄVAN","blockenhet":"18","omrnr":1,"fastighet":"SPARVNÄVAN 18\u003e1","omrtyp":" ","omrinf":" ","adat":1140480000000}},{"type":"Feature","id":271,"geometry":{"type":"Point","coordinates":[14.266803078337819,57.769922485971712]},"properties":{"FID":271,"objekt_id":"909a6a51-7df9-90ec-e040-ed8f66444c3f","externid":"0680\u003eSTENSÖTAN\u003e7\u003e1\u003e\u003e\u003e\u003e1","detaljtyp":"FASTID","kommunkod":"0680","kommunnamn":"JÖNKÖPING","trakt":"STENSÖTAN","blockenhet":"7","omrnr":1,"fastighet":"STENSÖTAN 7\u003e1","omrtyp":" ","omrinf":" ","adat":1140480000000}},{"type":"Feature","id":272,"geometry":{"type":"Point","coordinates":[14.264963396255364,57.769751058551229]},"properties":{"FID":272,"objekt_id":"909a6a4f-b79b-90ec-e040-ed8f66444c3f","externid":"0680\u003eSYSKAN\u003e5\u003e1\u003e\u003e\u003e\u003e1","detaljtyp":"FASTID","kommunkod":"0680","kommunnamn":"JÖNKÖPING","trakt":"SYSKAN","blockenhet":"5","omrnr":1,"fastighet":"SYSKAN 5\u003e1","omrtyp":" ","omrinf":" ","adat":1100217600000}},{"type":"Feature","id":273,"geometry":{"type":"Point","coordinates":[14.265017307264351,57.769077300256953]},"properties":{"FID":273,"objekt_id":"909a6a4f-b7ac-90ec-e040-ed8f66444c3f","externid":"0680\u003eSYSKAN\u003e22\u003e1\u003e\u003e\u003e\u003e1","detaljtyp":"FASTID","kommunkod":"0680","kommunnamn":"JÖNKÖPING","trakt":"SYSKAN","blockenhet":"22","omrnr":1,"fastighet":"SYSKAN 22\u003e1","omrtyp":" ","omrinf":" ","adat":1100217600000}},{"type":"Feature","id":274,"geometry":{"type":"Point","coordinates":[14.265234446356105,57.768950627551909]},"properties":{"FID":274,"objekt_id":"909a6a4f-b7ae-90ec-e040-ed8f66444c3f","externid":"0680\u003eSYSKAN\u003e24\u003e1\u003e\u003e\u003e\u003e1","detaljtyp":"FASTID","kommunkod":"0680","kommunnamn":"JÖNKÖPING","trakt":"SYSKAN","blockenhet":"24","omrnr":1,"fastighet":"SYSKAN 24\u003e1","omrtyp":" ","omrinf":" ","adat":1100217600000}},{"type":"Feature","id":275,"geometry":{"type":"Point","coordinates":[14.265260506008987,57.769443955891603]},"properties":{"FID":275,"objekt_id":"909a6a4f-b7a4-90ec-e040-ed8f66444c3f","externid":"0680\u003eSYSKAN\u003e14\u003e1\u003e\u003e\u003e\u003e1","detaljtyp":"FASTID","kommunkod":"0680","kommunnamn":"JÖNKÖPING","trakt":"SYSKAN","blockenhet":"14","omrnr":1,"fastighet":"SYSKAN 14\u003e1","omrtyp":" ","omrinf":" ","adat":1100217600000}},{"type":"Feature","id":276,"geometry":{"type":"Point","coordinates":[14.2653995703498,57.768822431376712]},"properties":{"FID":276,"objekt_id":"909a6a4f-b7b4-90ec-e040-ed8f66444c3f","externid":"0680\u003eSYSKAN\u003e30\u003e1\u003e\u003e\u003e\u003e1","detaljtyp":"FASTID","kommunkod":"0680","kommunnamn":"JÖNKÖPING","trakt":"SYSKAN","blockenhet":"30","omrnr":1,"fastighet":"SYSKAN 30\u003e1","omrtyp":" ","omrinf":" ","adat":1100217600000}},{"type":"Feature","id":277,"geometry":{"type":"Point","coordinates":[14.265496271202622,57.768643104194879]},"properties":{"FID":277,"objekt_id":"909a6a4f-b7b6-90ec-e040-ed8f66444c3f","externid":"0680\u003eSYSKAN\u003e32\u003e1\u003e\u003e\u003e\u003e1","detaljtyp":"FASTID","kommunkod":"0680","kommunnamn":"JÖNKÖPING","trakt":"SYSKAN","blockenhet":"32","omrnr":1,"fastighet":"SYSKAN 32\u003e1","omrtyp":" ","omrinf":" ","adat":1100217600000}},{"type":"Feature","id":278,"geometry":{"type":"Point","coordinates":[14.265542885338956,57.76924534109645]},"properties":{"FID":278,"objekt_id":"909a6a4f-b7a7-90ec-e040-ed8f66444c3f","externid":"0680\u003eSYSKAN\u003e17\u003e1\u003e\u003e\u003e\u003e1","detaljtyp":"FASTID","kommunkod":"0680","kommunnamn":"JÖNKÖPING","trakt":"SYSKAN","blockenhet":"17","omrnr":1,"fastighet":"SYSKAN 17\u003e1","omrtyp":" ","omrinf":" ","adat":1100217600000}},{"type":"Feature","id":279,"geometry":{"type":"Point","coordinates":[14.265604090081865,57.768991943397779]},"properties":{"FID":279,"objekt_id":"909a6a4f-b7c5-90ec-e040-ed8f66444c3f","externid":"0680\u003eSYSKAN\u003e47\u003e1\u003e\u003e\u003e\u003e1","detaljtyp":"FASTID","kommunkod":"0680","kommunnamn":"JÖNKÖPING","trakt":"SYSKAN","blockenhet":"47","omrnr":1,"fastighet":"SYSKAN 47\u003e1","omrtyp":" ","omrinf":" ","adat":1100217600000}},{"type":"Feature","id":280,"geometry":{"type":"Point","coordinates":[14.265938248838468,57.768919673000454]},"properties":{"FID":280,"objekt_id":"909a6a4f-b7af-90ec-e040-ed8f66444c3f","externid":"0680\u003eSYSKAN\u003e25\u003e1\u003e\u003e\u003e\u003e1","detaljtyp":"FASTID","kommunkod":"0680","kommunnamn":"JÖNKÖPING","trakt":"SYSKAN","blockenhet":"25","omrnr":1,"fastighet":"SYSKAN 25\u003e1","omrtyp":" ","omrinf":" ","adat":1100217600000}},{"type":"Feature","id":281,"geometry":{"type":"Point","coordinates":[14.266153249083008,57.768685211891487]},"properties":{"FID":281,"objekt_id":"909a6a4f-b7b2-90ec-e040-ed8f66444c3f","externid":"0680\u003eSYSKAN\u003e28\u003e1\u003e\u003e\u003e\u003e1","detaljtyp":"FASTID","kommunkod":"0680","kommunnamn":"JÖNKÖPING","trakt":"SYSKAN","blockenhet":"28","omrnr":1,"fastighet":"SYSKAN 28\u003e1","omrtyp":" ","omrinf":" ","adat":1100217600000}},{"type":"Feature","id":282,"geometry":{"type":"Point","coordinates":[14.266176462955677,57.769719111449682]},"properties":{"FID":282,"objekt_id":"909a6a51-7dfe-90ec-e040-ed8f66444c3f","externid":"0680\u003eSTENSÖTAN\u003e12\u003e1\u003e\u003e\u003e\u003e1","detaljtyp":"FASTID","kommunkod":"0680","kommunnamn":"JÖNKÖPING","trakt":"STENSÖTAN","blockenhet":"12","omrnr":1,"fastighet":"STENSÖTAN 12\u003e1","omrtyp":" ","omrinf":" ","adat":1140480000000}},{"type":"Feature","id":283,"geometry":{"type":"Point","coordinates":[14.266200620483753,57.768559171400085]},"properties":{"FID":283,"objekt_id":"909a6a4f-b7b3-90ec-e040-ed8f66444c3f","externid":"0680\u003eSYSKAN\u003e29\u003e1\u003e\u003e\u003e\u003e1","detaljtyp":"FASTID","kommunkod":"0680","kommunnamn":"JÖNKÖPING","trakt":"SYSKAN","blockenhet":"29","omrnr":1,"fastighet":"SYSKAN 29\u003e1","omrtyp":" ","omrinf":" ","adat":1100217600000}},{"type":"Feature","id":284,"geometry":{"type":"Point","coordinates":[14.266579751414604,57.76968090671641]},"properties":{"FID":284,"objekt_id":"909a6a51-7dfc-90ec-e040-ed8f66444c3f","externid":"0680\u003eSTENSÖTAN\u003e10\u003e1\u003e\u003e\u003e\u003e1","detaljtyp":"FASTID","kommunkod":"0680","kommunnamn":"JÖNKÖPING","trakt":"STENSÖTAN","blockenhet":"10","omrnr":1,"fastighet":"STENSÖTAN 10\u003e1","omrtyp":" ","omrinf":" ","adat":1140480000000}},{"type":"Feature","id":285,"geometry":{"type":"Point","coordinates":[14.266783914645007,57.769859397411473]},"properties":{"FID":285,"objekt_id":"909a6a51-7dfa-90ec-e040-ed8f66444c3f","externid":"0680\u003eSTENSÖTAN\u003e8\u003e1\u003e\u003e\u003e\u003e1","detaljtyp":"FASTID","kommunkod":"0680","kommunnamn":"JÖNKÖPING","trakt":"STENSÖTAN","blockenhet":"8","omrnr":1,"fastighet":"STENSÖTAN 8\u003e1","omrtyp":" ","omrinf":" ","adat":1140480000000}},{"type":"Feature","id":286,"geometry":{"type":"Point","coordinates":[14.264345943515753,57.779389105992053]},"properties":{"FID":286,"objekt_id":"909a6a4f-ae9d-90ec-e040-ed8f66444c3f","externid":"0680\u003eSMULTRONBLADET\u003e3\u003e1\u003e\u003e\u003e\u003e1","detaljtyp":"FASTID","kommunkod":"0680","kommunnamn":"JÖNKÖPING","trakt":"SMULTRONBLADET","blockenhet":"3","omrnr":1,"fastighet":"SMULTRONBLADET 3\u003e1","omrtyp":" ","omrinf":" ","adat":1100217600000}},{"type":"Feature","id":287,"geometry":{"type":"Point","coordinates":[14.26500211159205,57.78028342867443]},"properties":{"FID":287,"objekt_id":"909a6a4f-aeaa-90ec-e040-ed8f66444c3f","externid":"0680\u003eSMULTRONBLOMMAN\u003e9\u003e1\u003e\u003e\u003e\u003e1","detaljtyp":"FASTID","kommunkod":"0680","kommunnamn":"JÖNKÖPING","trakt":"SMULTRONBLOMMAN","blockenhet":"9","omrnr":1,"fastighet":"SMULTRONBLOMMAN 9\u003e1","omrtyp":" ","omrinf":" ","adat":1100217600000}},{"type":"Feature","id":288,"geometry":{"type":"Point","coordinates":[14.265109151287621,57.779744126866042]},"properties":{"FID":288,"objekt_id":"909a6a4f-aebe-90ec-e040-ed8f66444c3f","externid":"0680\u003eSMULTRONTIDEN\u003e10\u003e1\u003e\u003e\u003e\u003e1","detaljtyp":"FASTID","kommunkod":"0680","kommunnamn":"JÖNKÖPING","trakt":"SMULTRONTIDEN","blockenhet":"10","omrnr":1,"fastighet":"SMULTRONTIDEN 10\u003e1","omrtyp":" ","omrinf":" ","adat":1100217600000}},{"type":"Feature","id":289,"geometry":{"type":"Point","coordinates":[14.268098072964621,57.774526819560165]},"properties":{"FID":289,"objekt_id":"7621d900-161e-176b-e053-7e44ed8fae3b","externid":"0680\u003eSLÅTTERKARLEN\u003e4\u003e1\u003e\u003e\u003e\u003e1","detaljtyp":"FASTID","kommunkod":"0680","kommunnamn":"JÖNKÖPING","trakt":"SLÅTTERKARLEN","blockenhet":"4","omrnr":1,"fastighet":"SLÅTTERKARLEN 4\u003e1","omrtyp":" ","omrinf":" ","adat":1537747200000}},{"type":"Feature","id":290,"geometry":{"type":"Point","coordinates":[14.26235094417048,57.773590592343659]},"properties":{"FID":290,"objekt_id":"909a6a4f-ad34-90ec-e040-ed8f66444c3f","externid":"0680\u003eSLÅTTERGILLET\u003e3\u003e1\u003e\u003e\u003e\u003e1","detaljtyp":"FASTID","kommunkod":"0680","kommunnamn":"JÖNKÖPING","trakt":"SLÅTTERGILLET","blockenhet":"3","omrnr":1,"fastighet":"SLÅTTERGILLET 3\u003e1","omrtyp":" ","omrinf":" ","adat":1537747200000}},{"type":"Feature","id":291,"geometry":{"type":"Point","coordinates":[14.26003188184132,57.779637386353997]},"properties":{"FID":291,"objekt_id":"909a6a4f-adc8-90ec-e040-ed8f66444c3f","externid":"0680\u003eSLÖJDLÄRAREN\u003e23\u003e1\u003e\u003e\u003e\u003e1","detaljtyp":"FASTID","kommunkod":"0680","kommunnamn":"JÖNKÖPING","trakt":"SLÖJDLÄRAREN","blockenhet":"23","omrnr":1,"fastighet":"SLÖJDLÄRAREN 23\u003e1","omrtyp":" ","omrinf":" ","adat":1100217600000}},{"type":"Feature","id":292,"geometry":{"type":"Point","coordinates":[14.260350966695302,57.779644871614593]},"properties":{"FID":292,"objekt_id":"909a6a4f-adc9-90ec-e040-ed8f66444c3f","externid":"0680\u003eSLÖJDLÄRAREN\u003e24\u003e1\u003e\u003e\u003e\u003e1","detaljtyp":"FASTID","kommunkod":"0680","kommunnamn":"JÖNKÖPING","trakt":"SLÖJDLÄRAREN","blockenhet":"24","omrnr":1,"fastighet":"SLÖJDLÄRAREN 24\u003e1","omrtyp":" ","omrinf":" ","adat":1100217600000}},{"type":"Feature","id":293,"geometry":{"type":"Point","coordinates":[14.258461309402074,57.779294933310616]},"properties":{"FID":293,"objekt_id":"909a6a4f-adea-90ec-e040-ed8f66444c3f","externid":"0680\u003eSLÖJDLÄRAREN\u003e57\u003e1\u003e\u003e\u003e\u003e1","detaljtyp":"FASTID","kommunkod":"0680","kommunnamn":"JÖNKÖPING","trakt":"SLÖJDLÄRAREN","blockenhet":"57","omrnr":1,"fastighet":"SLÖJDLÄRAREN 57\u003e1","omrtyp":" ","omrinf":" ","adat":1109894400000}},{"type":"Feature","id":294,"geometry":{"type":"Point","coordinates":[14.259128234472854,57.780720137075626]},"properties":{"FID":294,"objekt_id":"909a6a4f-ae0c-90ec-e040-ed8f66444c3f","externid":"0680\u003eSLÖJDREDSKAPET\u003e33\u003e1\u003e\u003e\u003e\u003e1","detaljtyp":"FASTID","kommunkod":"0680","kommunnamn":"JÖNKÖPING","trakt":"SLÖJDREDSKAPET","blockenhet":"33","omrnr":1,"fastighet":"SLÖJDREDSKAPET 33\u003e1","omrtyp":" ","omrinf":" ","adat":1100217600000}},{"type":"Feature","id":295,"geometry":{"type":"Point","coordinates":[14.259683273475099,57.780752968501538]},"properties":{"FID":295,"objekt_id":"909a6a4f-ae0f-90ec-e040-ed8f66444c3f","externid":"0680\u003eSLÖJDREDSKAPET\u003e36\u003e1\u003e\u003e\u003e\u003e1","detaljtyp":"FASTID","kommunkod":"0680","kommunnamn":"JÖNKÖPING","trakt":"SLÖJDREDSKAPET","blockenhet":"36","omrnr":1,"fastighet":"SLÖJDREDSKAPET 36\u003e1","omrtyp":" ","omrinf":" ","adat":1100217600000}},{"type":"Feature","id":296,"geometry":{"type":"Point","coordinates":[14.259548392327538,57.780762088680333]},"properties":{"FID":296,"objekt_id":"909a6a4f-ae0e-90ec-e040-ed8f66444c3f","externid":"0680\u003eSLÖJDREDSKAPET\u003e35\u003e1\u003e\u003e\u003e\u003e1","detaljtyp":"FASTID","kommunkod":"0680","kommunnamn":"JÖNKÖPING","trakt":"SLÖJDREDSKAPET","blockenhet":"35","omrnr":1,"fastighet":"SLÖJDREDSKAPET 35\u003e1","omrtyp":" ","omrinf":" ","adat":1100217600000}},{"type":"Feature","id":297,"geometry":{"type":"Point","coordinates":[14.261667913829394,57.780848997783337]},"properties":{"FID":297,"objekt_id":"909a6a4f-ae14-90ec-e040-ed8f66444c3f","externid":"0680\u003eSLÖJDREDSKAPET\u003e41\u003e1\u003e\u003e\u003e\u003e1","detaljtyp":"FASTID","kommunkod":"0680","kommunnamn":"JÖNKÖPING","trakt":"SLÖJDREDSKAPET","blockenhet":"41","omrnr":1,"fastighet":"SLÖJDREDSKAPET 41\u003e1","omrtyp":" ","omrinf":" ","adat":1100217600000}},{"type":"Feature","id":298,"geometry":{"type":"Point","coordinates":[14.261853774644154,57.780866527397627]},"properties":{"FID":298,"objekt_id":"909a6a4f-ae15-90ec-e040-ed8f66444c3f","externid":"0680\u003eSLÖJDREDSKAPET\u003e42\u003e1\u003e\u003e\u003e\u003e1","detaljtyp":"FASTID","kommunkod":"0680","kommunnamn":"JÖNKÖPING","trakt":"SLÖJDREDSKAPET","blockenhet":"42","omrnr":1,"fastighet":"SLÖJDREDSKAPET 42\u003e1","omrtyp":" ","omrinf":" ","adat":1100217600000}},{"type":"Feature","id":299,"geometry":{"type":"Point","coordinates":[14.263905566966073,57.780925634429515]},"properties":{"FID":299,"objekt_id":"909a6a4f-aeae-90ec-e040-ed8f66444c3f","externid":"0680\u003eSMULTRONET\u003e4\u003e1\u003e\u003e\u003e\u003e1","detaljtyp":"FASTID","kommunkod":"0680","kommunnamn":"JÖNKÖPING","trakt":"SMULTRONET","blockenhet":"4","omrnr":1,"fastighet":"SMULTRONET 4\u003e1","omrtyp":" ","omrinf":" ","adat":1100217600000}},{"type":"Feature","id":300,"geometry":{"type":"Point","coordinates":[14.26279614552406,57.780922906759933]},"properties":{"FID":300,"objekt_id":"909a6a4f-aeab-90ec-e040-ed8f66444c3f","externid":"0680\u003eSMULTRONET\u003e1\u003e1\u003e\u003e\u003e\u003e1","detaljtyp":"FASTID","kommunkod":"0680","kommunnamn":"JÖNKÖPING","trakt":"SMULTRONET","blockenhet":"1","omrnr":1,"fastighet":"SMULTRONET 1\u003e1","omrtyp":" ","omrinf":" ","adat":1100217600000}},{"type":"Feature","id":301,"geometry":{"type":"Point","coordinates":[14.259286445292652,57.781069598939524]},"properties":{"FID":301,"objekt_id":"909a6a4f-adf8-90ec-e040-ed8f66444c3f","externid":"0680\u003eSLÖJDREDSKAPET\u003e13\u003e1\u003e\u003e\u003e\u003e1","detaljtyp":"FASTID","kommunkod":"0680","kommunnamn":"JÖNKÖPING","trakt":"SLÖJDREDSKAPET","blockenhet":"13","omrnr":1,"fastighet":"SLÖJDREDSKAPET 13\u003e1","omrtyp":" ","omrinf":" ","adat":1100217600000}},{"type":"Feature","id":302,"geometry":{"type":"Point","coordinates":[14.260530683032639,57.781143154832975]},"properties":{"FID":302,"objekt_id":"909a6a4f-adfd-90ec-e040-ed8f66444c3f","externid":"0680\u003eSLÖJDREDSKAPET\u003e18\u003e1\u003e\u003e\u003e\u003e1","detaljtyp":"FASTID","kommunkod":"0680","kommunnamn":"JÖNKÖPING","trakt":"SLÖJDREDSKAPET","blockenhet":"18","omrnr":1,"fastighet":"SLÖJDREDSKAPET 18\u003e1","omrtyp":" ","omrinf":" ","adat":1100217600000}},{"type":"Feature","id":303,"geometry":{"type":"Point","coordinates":[14.260851077388534,57.781159629112985]},"properties":{"FID":303,"objekt_id":"909a6a4f-adff-90ec-e040-ed8f66444c3f","externid":"0680\u003eSLÖJDREDSKAPET\u003e20\u003e1\u003e\u003e\u003e\u003e1","detaljtyp":"FASTID","kommunkod":"0680","kommunnamn":"JÖNKÖPING","trakt":"SLÖJDREDSKAPET","blockenhet":"20","omrnr":1,"fastighet":"SLÖJDREDSKAPET 20\u003e1","omrtyp":" ","omrinf":" ","adat":1100217600000}},{"type":"Feature","id":304,"geometry":{"type":"Point","coordinates":[14.261437174710192,57.781173958897504]},"properties":{"FID":304,"objekt_id":"909a6a4f-ae01-90ec-e040-ed8f66444c3f","externid":"0680\u003eSLÖJDREDSKAPET\u003e22\u003e1\u003e\u003e\u003e\u003e1","detaljtyp":"FASTID","kommunkod":"0680","kommunnamn":"JÖNKÖPING","trakt":"SLÖJDREDSKAPET","blockenhet":"22","omrnr":1,"fastighet":"SLÖJDREDSKAPET 22\u003e1","omrtyp":" ","omrinf":" ","adat":1100217600000}},{"type":"Feature","id":305,"geometry":{"type":"Point","coordinates":[14.261742597140724,57.781226175640377]},"properties":{"FID":305,"objekt_id":"909a6a4f-ae02-90ec-e040-ed8f66444c3f","externid":"0680\u003eSLÖJDREDSKAPET\u003e23\u003e1\u003e\u003e\u003e\u003e1","detaljtyp":"FASTID","kommunkod":"0680","kommunnamn":"JÖNKÖPING","trakt":"SLÖJDREDSKAPET","blockenhet":"23","omrnr":1,"fastighet":"SLÖJDREDSKAPET 23\u003e1","omrtyp":" ","omrinf":" ","adat":1100217600000}},{"type":"Feature","id":306,"geometry":{"type":"Point","coordinates":[14.262694154548651,57.782603647951916]},"properties":{"FID":306,"objekt_id":"909a6a4f-d8e2-90ec-e040-ed8f66444c3f","externid":"0680\u003eÖXNEHAGA\u003e2:2\u003e1\u003e\u003e\u003e\u003e1","detaljtyp":"FASTID","kommunkod":"0680","kommunnamn":"JÖNKÖPING","trakt":"ÖXNEHAGA","blockenhet":"2:2","omrnr":1,"fastighet":"ÖXNEHAGA 2:2\u003e1","omrtyp":" ","omrinf":" ","adat":1100217600000}},{"type":"Feature","id":307,"geometry":{"type":"Point","coordinates":[14.257142211960247,57.780578239168157]},"properties":{"FID":307,"objekt_id":"909a6a4f-ae07-90ec-e040-ed8f66444c3f","externid":"0680\u003eSLÖJDREDSKAPET\u003e28\u003e1\u003e\u003e\u003e\u003e1","detaljtyp":"FASTID","kommunkod":"0680","kommunnamn":"JÖNKÖPING","trakt":"SLÖJDREDSKAPET","blockenhet":"28","omrnr":1,"fastighet":"SLÖJDREDSKAPET 28\u003e1","omrtyp":" ","omrinf":" ","adat":1100217600000}},{"type":"Feature","id":308,"geometry":{"type":"Point","coordinates":[14.257362447784512,57.779831989766087]},"properties":{"FID":308,"objekt_id":"909a6a4f-ad9b-90ec-e040-ed8f66444c3f","externid":"0680\u003eSLÖJDKNIVEN\u003e25\u003e1\u003e\u003e\u003e\u003e1","detaljtyp":"FASTID","kommunkod":"0680","kommunnamn":"JÖNKÖPING","trakt":"SLÖJDKNIVEN","blockenhet":"25","omrnr":1,"fastighet":"SLÖJDKNIVEN 25\u003e1","omrtyp":" ","omrinf":" ","adat":1100217600000}},{"type":"Feature","id":309,"geometry":{"type":"Point","coordinates":[14.257803695048565,57.780951814190665]},"properties":{"FID":309,"objekt_id":"909a6a4f-adf2-90ec-e040-ed8f66444c3f","externid":"0680\u003eSLÖJDREDSKAPET\u003e7\u003e1\u003e\u003e\u003e\u003e1","detaljtyp":"FASTID","kommunkod":"0680","kommunnamn":"JÖNKÖPING","trakt":"SLÖJDREDSKAPET","blockenhet":"7","omrnr":1,"fastighet":"SLÖJDREDSKAPET 7\u003e1","omrtyp":" ","omrinf":" ","adat":1100217600000}},{"type":"Feature","id":310,"geometry":{"type":"Point","coordinates":[14.257973128624705,57.780960171824283]},"properties":{"FID":310,"objekt_id":"909a6a4f-adf3-90ec-e040-ed8f66444c3f","externid":"0680\u003eSLÖJDREDSKAPET\u003e8\u003e1\u003e\u003e\u003e\u003e1","detaljtyp":"FASTID","kommunkod":"0680","kommunnamn":"JÖNKÖPING","trakt":"SLÖJDREDSKAPET","blockenhet":"8","omrnr":1,"fastighet":"SLÖJDREDSKAPET 8\u003e1","omrtyp":" ","omrinf":" ","adat":1100217600000}},{"type":"Feature","id":311,"geometry":{"type":"Point","coordinates":[14.258137525239537,57.779907913290074]},"properties":{"FID":311,"objekt_id":"909a6a4f-ad9f-90ec-e040-ed8f66444c3f","externid":"0680\u003eSLÖJDKNIVEN\u003e29\u003e1\u003e\u003e\u003e\u003e1","detaljtyp":"FASTID","kommunkod":"0680","kommunnamn":"JÖNKÖPING","trakt":"SLÖJDKNIVEN","blockenhet":"29","omrnr":1,"fastighet":"SLÖJDKNIVEN 29\u003e1","omrtyp":" ","omrinf":" ","adat":1100217600000}},{"type":"Feature","id":312,"geometry":{"type":"Point","coordinates":[14.258157342204452,57.780976789968712]},"properties":{"FID":312,"objekt_id":"909a6a4f-adf4-90ec-e040-ed8f66444c3f","externid":"0680\u003eSLÖJDREDSKAPET\u003e9\u003e1\u003e\u003e\u003e\u003e1","detaljtyp":"FASTID","kommunkod":"0680","kommunnamn":"JÖNKÖPING","trakt":"SLÖJDREDSKAPET","blockenhet":"9","omrnr":1,"fastighet":"SLÖJDREDSKAPET 9\u003e1","omrtyp":" ","omrinf":" ","adat":1100217600000}},{"type":"Feature","id":313,"geometry":{"type":"Point","coordinates":[14.258288478492506,57.779916045598917]},"properties":{"FID":313,"objekt_id":"909a6a4f-ada0-90ec-e040-ed8f66444c3f","externid":"0680\u003eSLÖJDKNIVEN\u003e30\u003e1\u003e\u003e\u003e\u003e1","detaljtyp":"FASTID","kommunkod":"0680","kommunnamn":"JÖNKÖPING","trakt":"SLÖJDKNIVEN","blockenhet":"30","omrnr":1,"fastighet":"SLÖJDKNIVEN 30\u003e1","omrtyp":" ","omrinf":" ","adat":1100217600000}},{"type":"Feature","id":314,"geometry":{"type":"Point","coordinates":[14.258446712963011,57.780264610464847]},"properties":{"FID":314,"objekt_id":"909a6a4f-ad8b-90ec-e040-ed8f66444c3f","externid":"0680\u003eSLÖJDKNIVEN\u003e9\u003e1\u003e\u003e\u003e\u003e1","detaljtyp":"FASTID","kommunkod":"0680","kommunnamn":"JÖNKÖPING","trakt":"SLÖJDKNIVEN","blockenhet":"9","omrnr":1,"fastighet":"SLÖJDKNIVEN 9\u003e1","omrtyp":" ","omrinf":" ","adat":1100217600000}},{"type":"Feature","id":315,"geometry":{"type":"Point","coordinates":[14.258458097433159,57.779959427205398]},"properties":{"FID":315,"objekt_id":"909a6a4f-ada1-90ec-e040-ed8f66444c3f","externid":"0680\u003eSLÖJDKNIVEN\u003e31\u003e1\u003e\u003e\u003e\u003e1","detaljtyp":"FASTID","kommunkod":"0680","kommunnamn":"JÖNKÖPING","trakt":"SLÖJDKNIVEN","blockenhet":"31","omrnr":1,"fastighet":"SLÖJDKNIVEN 31\u003e1","omrtyp":" ","omrinf":" ","adat":1100217600000}},{"type":"Feature","id":316,"geometry":{"type":"Point","coordinates":[14.258471011407934,57.780678890619548]},"properties":{"FID":316,"objekt_id":"909a6a4f-ae08-90ec-e040-ed8f66444c3f","externid":"0680\u003eSLÖJDREDSKAPET\u003e29\u003e1\u003e\u003e\u003e\u003e1","detaljtyp":"FASTID","kommunkod":"0680","kommunnamn":"JÖNKÖPING","trakt":"SLÖJDREDSKAPET","blockenhet":"29","omrnr":1,"fastighet":"SLÖJDREDSKAPET 29\u003e1","omrtyp":" ","omrinf":" ","adat":1100217600000}},{"type":"Feature","id":317,"geometry":{"type":"Point","coordinates":[14.258614427269841,57.78027383750009]},"properties":{"FID":317,"objekt_id":"909a6a4f-ad8c-90ec-e040-ed8f66444c3f","externid":"0680\u003eSLÖJDKNIVEN\u003e10\u003e1\u003e\u003e\u003e\u003e1","detaljtyp":"FASTID","kommunkod":"0680","kommunnamn":"JÖNKÖPING","trakt":"SLÖJDKNIVEN","blockenhet":"10","omrnr":1,"fastighet":"SLÖJDKNIVEN 10\u003e1","omrtyp":" ","omrinf":" ","adat":1100217600000}},{"type":"Feature","id":318,"geometry":{"type":"Point","coordinates":[14.25868003819704,57.781019092903662]},"properties":{"FID":318,"objekt_id":"909a6a4f-adf6-90ec-e040-ed8f66444c3f","externid":"0680\u003eSLÖJDREDSKAPET\u003e11\u003e1\u003e\u003e\u003e\u003e1","detaljtyp":"FASTID","kommunkod":"0680","kommunnamn":"JÖNKÖPING","trakt":"SLÖJDREDSKAPET","blockenhet":"11","omrnr":1,"fastighet":"SLÖJDREDSKAPET 11\u003e1","omrtyp":" ","omrinf":" ","adat":1100217600000}},{"type":"Feature","id":319,"geometry":{"type":"Point","coordinates":[14.258708626203461,57.779957990986468]},"properties":{"FID":319,"objekt_id":"909a6a4f-ada2-90ec-e040-ed8f66444c3f","externid":"0680\u003eSLÖJDKNIVEN\u003e32\u003e1\u003e\u003e\u003e\u003e1","detaljtyp":"FASTID","kommunkod":"0680","kommunnamn":"JÖNKÖPING","trakt":"SLÖJDKNIVEN","blockenhet":"32","omrnr":1,"fastighet":"SLÖJDKNIVEN 32\u003e1","omrtyp":" ","omrinf":" ","adat":1100217600000}},{"type":"Feature","id":320,"geometry":{"type":"Point","coordinates":[14.25876538216087,57.780281969244434]},"properties":{"FID":320,"objekt_id":"909a6a4f-ad8d-90ec-e040-ed8f66444c3f","externid":"0680\u003eSLÖJDKNIVEN\u003e11\u003e1\u003e\u003e\u003e\u003e1","detaljtyp":"FASTID","kommunkod":"0680","kommunnamn":"JÖNKÖPING","trakt":"SLÖJDKNIVEN","blockenhet":"11","omrnr":1,"fastighet":"SLÖJDKNIVEN 11\u003e1","omrtyp":" ","omrinf":" ","adat":1100217600000}},{"type":"Feature","id":321,"geometry":{"type":"Point","coordinates":[14.258942006821027,57.780711584004408]},"properties":{"FID":321,"objekt_id":"909a6a4f-ae0b-90ec-e040-ed8f66444c3f","externid":"0680\u003eSLÖJDREDSKAPET\u003e32\u003e1\u003e\u003e\u003e\u003e1","detaljtyp":"FASTID","kommunkod":"0680","kommunnamn":"JÖNKÖPING","trakt":"SLÖJDREDSKAPET","blockenhet":"32","omrnr":1,"fastighet":"SLÖJDREDSKAPET 32\u003e1","omrtyp":" ","omrinf":" ","adat":1100217600000}},{"type":"Feature","id":322,"geometry":{"type":"Point","coordinates":[14.259013124505611,57.779992243577425]},"properties":{"FID":322,"objekt_id":"909a6a4f-ada3-90ec-e040-ed8f66444c3f","externid":"0680\u003eSLÖJDKNIVEN\u003e33\u003e1\u003e\u003e\u003e\u003e1","detaljtyp":"FASTID","kommunkod":"0680","kommunnamn":"JÖNKÖPING","trakt":"SLÖJDKNIVEN","blockenhet":"33","omrnr":1,"fastighet":"SLÖJDKNIVEN 33\u003e1","omrtyp":" ","omrinf":" ","adat":1100217600000}},{"type":"Feature","id":323,"geometry":{"type":"Point","coordinates":[14.259013326834786,57.780891160654882]},"properties":{"FID":323,"objekt_id":"909a6a4f-ae16-90ec-e040-ed8f66444c3f","externid":"0680\u003eSLÖJDREDSKAPET\u003e43\u003e1\u003e\u003e\u003e\u003e1","detaljtyp":"FASTID","kommunkod":"0680","kommunnamn":"JÖNKÖPING","trakt":"SLÖJDREDSKAPET","blockenhet":"43","omrnr":1,"fastighet":"SLÖJDREDSKAPET 43\u003e1","omrtyp":" ","omrinf":" ","adat":1109894400000}},{"type":"Feature","id":324,"geometry":{"type":"Point","coordinates":[14.253099499705002,57.781040638105722]},"properties":{"FID":324,"objekt_id":"909a6a4f-b7cc-90ec-e040-ed8f66444c3f","externid":"0680\u003eSYTRÅDEN\u003e1\u003e1\u003e\u003e\u003e\u003e1","detaljtyp":"FASTID","kommunkod":"0680","kommunnamn":"JÖNKÖPING","trakt":"SYTRÅDEN","blockenhet":"1","omrnr":1,"fastighet":"SYTRÅDEN 1\u003e1","omrtyp":" ","omrinf":" ","adat":1100217600000}},{"type":"Feature","id":325,"geometry":{"type":"Point","coordinates":[14.253623936762187,57.781198821982152]},"properties":{"FID":325,"objekt_id":"909a6a4f-b7ce-90ec-e040-ed8f66444c3f","externid":"0680\u003eSYTRÅDEN\u003e3\u003e1\u003e\u003e\u003e\u003e1","detaljtyp":"FASTID","kommunkod":"0680","kommunnamn":"JÖNKÖPING","trakt":"SYTRÅDEN","blockenhet":"3","omrnr":1,"fastighet":"SYTRÅDEN 3\u003e1","omrtyp":" ","omrinf":" ","adat":1100217600000}},{"type":"Feature","id":326,"geometry":{"type":"Point","coordinates":[14.253886561000385,57.77997625102622]},"properties":{"FID":326,"objekt_id":"909a6a4f-ad7e-90ec-e040-ed8f66444c3f","externid":"0680\u003eSLÖJDBÄNKEN\u003e4\u003e1\u003e\u003e\u003e\u003e1","detaljtyp":"FASTID","kommunkod":"0680","kommunnamn":"JÖNKÖPING","trakt":"SLÖJDBÄNKEN","blockenhet":"4","omrnr":1,"fastighet":"SLÖJDBÄNKEN 4\u003e1","omrtyp":" ","omrinf":" ","adat":1100217600000}},{"type":"Feature","id":327,"geometry":{"type":"Point","coordinates":[14.253996146249769,57.780477789037278]},"properties":{"FID":327,"objekt_id":"909a6a4f-ad73-90ec-e040-ed8f66444c3f","externid":"0680\u003eSLÖJDAREN\u003e4\u003e1\u003e\u003e\u003e\u003e1","detaljtyp":"FASTID","kommunkod":"0680","kommunnamn":"JÖNKÖPING","trakt":"SLÖJDAREN","blockenhet":"4","omrnr":1,"fastighet":"SLÖJDAREN 4\u003e1","omrtyp":" ","omrinf":" ","adat":1100217600000}},{"type":"Feature","id":328,"geometry":{"type":"Point","coordinates":[14.254173551989403,57.780927177149792]},"properties":{"FID":328,"objekt_id":"909a6a4f-ad70-90ec-e040-ed8f66444c3f","externid":"0680\u003eSLÖJDAREN\u003e1\u003e1\u003e\u003e\u003e\u003e1","detaljtyp":"FASTID","kommunkod":"0680","kommunnamn":"JÖNKÖPING","trakt":"SLÖJDAREN","blockenhet":"1","omrnr":1,"fastighet":"SLÖJDAREN 1\u003e1","omrtyp":" ","omrinf":" ","adat":1100217600000}},{"type":"Feature","id":329,"geometry":{"type":"Point","coordinates":[14.254646147889087,57.780295365120466]},"properties":{"FID":329,"objekt_id":"909a6a4f-ad76-90ec-e040-ed8f66444c3f","externid":"0680\u003eSLÖJDBODEN\u003e2\u003e1\u003e\u003e\u003e\u003e1","detaljtyp":"FASTID","kommunkod":"0680","kommunnamn":"JÖNKÖPING","trakt":"SLÖJDBODEN","blockenhet":"2","omrnr":1,"fastighet":"SLÖJDBODEN 2\u003e1","omrtyp":" ","omrinf":" ","adat":1100217600000}},{"type":"Feature","id":330,"geometry":{"type":"Point","coordinates":[14.254706606302754,57.77994408396308]},"properties":{"FID":330,"objekt_id":"909a6a4f-ad78-90ec-e040-ed8f66444c3f","externid":"0680\u003eSLÖJDBODEN\u003e4\u003e1\u003e\u003e\u003e\u003e1","detaljtyp":"FASTID","kommunkod":"0680","kommunnamn":"JÖNKÖPING","trakt":"SLÖJDBODEN","blockenhet":"4","omrnr":1,"fastighet":"SLÖJDBODEN 4\u003e1","omrtyp":" ","omrinf":" ","adat":1100217600000}},{"type":"Feature","id":331,"geometry":{"type":"Point","coordinates":[14.255082229672539,57.780122900462999]},"properties":{"FID":331,"objekt_id":"909a6a4f-ad79-90ec-e040-ed8f66444c3f","externid":"0680\u003eSLÖJDBODEN\u003e5\u003e1\u003e\u003e\u003e\u003e1","detaljtyp":"FASTID","kommunkod":"0680","kommunnamn":"JÖNKÖPING","trakt":"SLÖJDBODEN","blockenhet":"5","omrnr":1,"fastighet":"SLÖJDBODEN 5\u003e1","omrtyp":" ","omrinf":" ","adat":1100217600000}},{"type":"Feature","id":332,"geometry":{"type":"Point","coordinates":[14.255438105000728,57.780291593127671]},"properties":{"FID":332,"objekt_id":"909a6a4f-ad7a-90ec-e040-ed8f66444c3f","externid":"0680\u003eSLÖJDBODEN\u003e6\u003e1\u003e\u003e\u003e\u003e1","detaljtyp":"FASTID","kommunkod":"0680","kommunnamn":"JÖNKÖPING","trakt":"SLÖJDBODEN","blockenhet":"6","omrnr":1,"fastighet":"SLÖJDBODEN 6\u003e1","omrtyp":" ","omrinf":" ","adat":1100217600000}},{"type":"Feature","id":333,"geometry":{"type":"Point","coordinates":[14.255531101124182,57.779886831096825]},"properties":{"FID":333,"objekt_id":"909a6a4f-ad84-90ec-e040-ed8f66444c3f","externid":"0680\u003eSLÖJDKNIVEN\u003e2\u003e1\u003e\u003e\u003e\u003e1","detaljtyp":"FASTID","kommunkod":"0680","kommunnamn":"JÖNKÖPING","trakt":"SLÖJDKNIVEN","blockenhet":"2","omrnr":1,"fastighet":"SLÖJDKNIVEN 2\u003e1","omrtyp":" ","omrinf":" ","adat":1100217600000}},{"type":"Feature","id":334,"geometry":{"type":"Point","coordinates":[14.256423191148029,57.78084155543619]},"properties":{"FID":334,"objekt_id":"909a6a4f-adec-90ec-e040-ed8f66444c3f","externid":"0680\u003eSLÖJDREDSKAPET\u003e1\u003e1\u003e\u003e\u003e\u003e1","detaljtyp":"FASTID","kommunkod":"0680","kommunnamn":"JÖNKÖPING","trakt":"SLÖJDREDSKAPET","blockenhet":"1","omrnr":1,"fastighet":"SLÖJDREDSKAPET 1\u003e1","omrtyp":" ","omrinf":" ","adat":1100217600000}},{"type":"Feature","id":335,"geometry":{"type":"Point","coordinates":[14.256645089518711,57.780096215273964]},"properties":{"FID":335,"objekt_id":"909a6a4f-ad87-90ec-e040-ed8f66444c3f","externid":"0680\u003eSLÖJDKNIVEN\u003e5\u003e1\u003e\u003e\u003e\u003e1","detaljtyp":"FASTID","kommunkod":"0680","kommunnamn":"JÖNKÖPING","trakt":"SLÖJDKNIVEN","blockenhet":"5","omrnr":1,"fastighet":"SLÖJDKNIVEN 5\u003e1","omrtyp":" ","omrinf":" ","adat":1100217600000}},{"type":"Feature","id":336,"geometry":{"type":"Point","coordinates":[14.25670992240441,57.780858525433651]},"properties":{"FID":336,"objekt_id":"909a6a4f-aded-90ec-e040-ed8f66444c3f","externid":"0680\u003eSLÖJDREDSKAPET\u003e2\u003e1\u003e\u003e\u003e\u003e1","detaljtyp":"FASTID","kommunkod":"0680","kommunnamn":"JÖNKÖPING","trakt":"SLÖJDREDSKAPET","blockenhet":"2","omrnr":1,"fastighet":"SLÖJDREDSKAPET 2\u003e1","omrtyp":" ","omrinf":" ","adat":1100217600000}},{"type":"Feature","id":337,"geometry":{"type":"Point","coordinates":[14.256796951992532,57.780122320076067]},"properties":{"FID":337,"objekt_id":"909a6a4f-ad88-90ec-e040-ed8f66444c3f","externid":"0680\u003eSLÖJDKNIVEN\u003e6\u003e1\u003e\u003e\u003e\u003e1","detaljtyp":"FASTID","kommunkod":"0680","kommunnamn":"JÖNKÖPING","trakt":"SLÖJDKNIVEN","blockenhet":"6","omrnr":1,"fastighet":"SLÖJDKNIVEN 6\u003e1","omrtyp":" ","omrinf":" ","adat":1100217600000}},{"type":"Feature","id":338,"geometry":{"type":"Point","coordinates":[14.257014040295621,57.78090175428099]},"properties":{"FID":338,"objekt_id":"909a6a4f-adee-90ec-e040-ed8f66444c3f","externid":"0680\u003eSLÖJDREDSKAPET\u003e3\u003e1\u003e\u003e\u003e\u003e1","detaljtyp":"FASTID","kommunkod":"0680","kommunnamn":"JÖNKÖPING","trakt":"SLÖJDREDSKAPET","blockenhet":"3","omrnr":1,"fastighet":"SLÖJDREDSKAPET 3\u003e1","omrtyp":" ","omrinf":" ","adat":1100217600000}},{"type":"Feature","id":339,"geometry":{"type":"Point","coordinates":[14.251064768537557,57.781014791719883]},"properties":{"FID":339,"objekt_id":"909a6a4f-abe3-90ec-e040-ed8f66444c3f","externid":"0680\u003eSKRÄDDAREN\u003e3\u003e1\u003e\u003e\u003e\u003e1","detaljtyp":"FASTID","kommunkod":"0680","kommunnamn":"JÖNKÖPING","trakt":"SKRÄDDAREN","blockenhet":"3","omrnr":1,"fastighet":"SKRÄDDAREN 3\u003e1","omrtyp":" ","omrinf":" ","adat":1100217600000}},{"type":"Feature","id":340,"geometry":{"type":"Point","coordinates":[14.251378608958577,57.780753721820211]},"properties":{"FID":340,"objekt_id":"909a6a4f-abef-90ec-e040-ed8f66444c3f","externid":"0680\u003eSKRÄDDERIET\u003e8\u003e1\u003e\u003e\u003e\u003e1","detaljtyp":"FASTID","kommunkod":"0680","kommunnamn":"JÖNKÖPING","trakt":"SKRÄDDERIET","blockenhet":"8","omrnr":1,"fastighet":"SKRÄDDERIET 8\u003e1","omrtyp":" ","omrinf":" ","adat":1100217600000}},{"type":"Feature","id":341,"geometry":{"type":"Point","coordinates":[14.251405615732999,57.781220128201269]},"properties":{"FID":341,"objekt_id":"909a6a4f-abe4-90ec-e040-ed8f66444c3f","externid":"0680\u003eSKRÄDDAREN\u003e4\u003e1\u003e\u003e\u003e\u003e1","detaljtyp":"FASTID","kommunkod":"0680","kommunnamn":"JÖNKÖPING","trakt":"SKRÄDDAREN","blockenhet":"4","omrnr":1,"fastighet":"SKRÄDDAREN 4\u003e1","omrtyp":" ","omrinf":" ","adat":1100217600000}},{"type":"Feature","id":342,"geometry":{"type":"Point","coordinates":[14.251557170503826,57.780393114749856]},"properties":{"FID":342,"objekt_id":"909a6a4f-abe9-90ec-e040-ed8f66444c3f","externid":"0680\u003eSKRÄDDERIET\u003e2\u003e1\u003e\u003e\u003e\u003e1","detaljtyp":"FASTID","kommunkod":"0680","kommunnamn":"JÖNKÖPING","trakt":"SKRÄDDERIET","blockenhet":"2","omrnr":1,"fastighet":"SKRÄDDERIET 2\u003e1","omrtyp":" ","omrinf":" ","adat":1100217600000}},{"type":"Feature","id":343,"geometry":{"type":"Point","coordinates":[14.252054392070413,57.780049892017779]},"properties":{"FID":343,"objekt_id":"909a6a4f-ad6a-90ec-e040-ed8f66444c3f","externid":"0680\u003eSLÖJDARBETET\u003e4\u003e1\u003e\u003e\u003e\u003e1","detaljtyp":"FASTID","kommunkod":"0680","kommunnamn":"JÖNKÖPING","trakt":"SLÖJDARBETET","blockenhet":"4","omrnr":1,"fastighet":"SLÖJDARBETET 4\u003e1","omrtyp":" ","omrinf":" ","adat":1100217600000}},{"type":"Feature","id":344,"geometry":{"type":"Point","coordinates":[14.252393828592838,57.780209405805323]},"properties":{"FID":344,"objekt_id":"909a6a4f-ad69-90ec-e040-ed8f66444c3f","externid":"0680\u003eSLÖJDARBETET\u003e3\u003e1\u003e\u003e\u003e\u003e1","detaljtyp":"FASTID","kommunkod":"0680","kommunnamn":"JÖNKÖPING","trakt":"SLÖJDARBETET","blockenhet":"3","omrnr":1,"fastighet":"SLÖJDARBETET 3\u003e1","omrtyp":" ","omrinf":" ","adat":1100217600000}},{"type":"Feature","id":345,"geometry":{"type":"Point","coordinates":[14.252538920896539,57.779884306210768]},"properties":{"FID":345,"objekt_id":"909a6a4f-ad6d-90ec-e040-ed8f66444c3f","externid":"0680\u003eSLÖJDARBETET\u003e7\u003e1\u003e\u003e\u003e\u003e1","detaljtyp":"FASTID","kommunkod":"0680","kommunnamn":"JÖNKÖPING","trakt":"SLÖJDARBETET","blockenhet":"7","omrnr":1,"fastighet":"SLÖJDARBETET 7\u003e1","omrtyp":" ","omrinf":" ","adat":1100217600000}},{"type":"Feature","id":346,"geometry":{"type":"Point","coordinates":[14.25281681042998,57.781203301751653]},"properties":{"FID":346,"objekt_id":"909a6a4f-b7cd-90ec-e040-ed8f66444c3f","externid":"0680\u003eSYTRÅDEN\u003e2\u003e1\u003e\u003e\u003e\u003e1","detaljtyp":"FASTID","kommunkod":"0680","kommunnamn":"JÖNKÖPING","trakt":"SYTRÅDEN","blockenhet":"2","omrnr":1,"fastighet":"SYTRÅDEN 2\u003e1","omrtyp":" ","omrinf":" ","adat":1100217600000}},{"type":"Feature","id":347,"geometry":{"type":"Point","coordinates":[14.25298013383283,57.780062132349336]},"properties":{"FID":347,"objekt_id":"909a6a4f-ad6e-90ec-e040-ed8f66444c3f","externid":"0680\u003eSLÖJDARBETET\u003e8\u003e1\u003e\u003e\u003e\u003e1","detaljtyp":"FASTID","kommunkod":"0680","kommunnamn":"JÖNKÖPING","trakt":"SLÖJDARBETET","blockenhet":"8","omrnr":1,"fastighet":"SLÖJDARBETET 8\u003e1","omrtyp":" ","omrinf":" ","adat":1100217600000}},{"type":"Feature","id":348,"geometry":{"type":"Point","coordinates":[14.253056804217751,57.780547101797325]},"properties":{"FID":348,"objekt_id":"909a6a4f-ad67-90ec-e040-ed8f66444c3f","externid":"0680\u003eSLÖJDARBETET\u003e1\u003e1\u003e\u003e\u003e\u003e1","detaljtyp":"FASTID","kommunkod":"0680","kommunnamn":"JÖNKÖPING","trakt":"SLÖJDARBETET","blockenhet":"1","omrnr":1,"fastighet":"SLÖJDARBETET 1\u003e1","omrtyp":" ","omrinf":" ","adat":1100217600000}},{"type":"Feature","id":349,"geometry":{"type":"Point","coordinates":[14.271126568093957,57.766967492414722]},"properties":{"FID":349,"objekt_id":"909a6a4f-aba8-90ec-e040-ed8f66444c3f","externid":"0680\u003eSKOGSSTJÄRNAN\u003e6\u003e1\u003e\u003e\u003e\u003e1","detaljtyp":"FASTID","kommunkod":"0680","kommunnamn":"JÖNKÖPING","trakt":"SKOGSSTJÄRNAN","blockenhet":"6","omrnr":1,"fastighet":"SKOGSSTJÄRNAN 6\u003e1","omrtyp":" ","omrinf":" ","adat":1100217600000}},{"type":"Feature","id":350,"geometry":{"type":"Point","coordinates":[14.277088044948369,57.769332194532389]},"properties":{"FID":350,"objekt_id":"909a6a4f-d8e5-90ec-e040-ed8f66444c3f","externid":"0680\u003eÖXNEHAGA\u003e2:5\u003e1\u003e\u003e\u003e\u003e1","detaljtyp":"FASTID","kommunkod":"0680","kommunnamn":"JÖNKÖPING","trakt":"ÖXNEHAGA","blockenhet":"2:5","omrnr":1,"fastighet":"ÖXNEHAGA 2:5\u003e1","omrtyp":" ","omrinf":" ","adat":1107734400000}},{"type":"Feature","id":351,"geometry":{"type":"Point","coordinates":[14.265992745276236,57.768192048394958]},"properties":{"FID":351,"objekt_id":"909a6a4f-b7c0-90ec-e040-ed8f66444c3f","externid":"0680\u003eSYSKAN\u003e42\u003e1\u003e\u003e\u003e\u003e1","detaljtyp":"FASTID","kommunkod":"0680","kommunnamn":"JÖNKÖPING","trakt":"SYSKAN","blockenhet":"42","omrnr":1,"fastighet":"SYSKAN 42\u003e1","omrtyp":" ","omrinf":" ","adat":1100217600000}},{"type":"Feature","id":352,"geometry":{"type":"Point","coordinates":[14.265892949317088,57.768246516430267]},"properties":{"FID":352,"objekt_id":"909a6a4f-b7bf-90ec-e040-ed8f66444c3f","externid":"0680\u003eSYSKAN\u003e41\u003e1\u003e\u003e\u003e\u003e1","detaljtyp":"FASTID","kommunkod":"0680","kommunnamn":"JÖNKÖPING","trakt":"SYSKAN","blockenhet":"41","omrnr":1,"fastighet":"SYSKAN 41\u003e1","omrtyp":" ","omrinf":" ","adat":1100217600000}},{"type":"Feature","id":353,"geometry":{"type":"Point","coordinates":[14.265759917742455,57.768371512678037]},"properties":{"FID":353,"objekt_id":"909a6a4f-b7b9-90ec-e040-ed8f66444c3f","externid":"0680\u003eSYSKAN\u003e35\u003e1\u003e\u003e\u003e\u003e1","detaljtyp":"FASTID","kommunkod":"0680","kommunnamn":"JÖNKÖPING","trakt":"SYSKAN","blockenhet":"35","omrnr":1,"fastighet":"SYSKAN 35\u003e1","omrtyp":" ","omrinf":" ","adat":1100217600000}},{"type":"Feature","id":354,"geometry":{"type":"Point","coordinates":[14.265729682878003,57.768489684631277]},"properties":{"FID":354,"objekt_id":"909a6a4f-b7b8-90ec-e040-ed8f66444c3f","externid":"0680\u003eSYSKAN\u003e34\u003e1\u003e\u003e\u003e\u003e1","detaljtyp":"FASTID","kommunkod":"0680","kommunnamn":"JÖNKÖPING","trakt":"SYSKAN","blockenhet":"34","omrnr":1,"fastighet":"SYSKAN 34\u003e1","omrtyp":" ","omrinf":" ","adat":1100217600000}},{"type":"Feature","id":355,"geometry":{"type":"Point","coordinates":[14.265630414869175,57.768571094644379]},"properties":{"FID":355,"objekt_id":"909a6a4f-b7b7-90ec-e040-ed8f66444c3f","externid":"0680\u003eSYSKAN\u003e33\u003e1\u003e\u003e\u003e\u003e1","detaljtyp":"FASTID","kommunkod":"0680","kommunnamn":"JÖNKÖPING","trakt":"SYSKAN","blockenhet":"33","omrnr":1,"fastighet":"SYSKAN 33\u003e1","omrtyp":" ","omrinf":" ","adat":1100217600000}},{"type":"Feature","id":356,"geometry":{"type":"Point","coordinates":[14.265430614297971,57.768724924407948]},"properties":{"FID":356,"objekt_id":"909a6a4f-b7b5-90ec-e040-ed8f66444c3f","externid":"0680\u003eSYSKAN\u003e31\u003e1\u003e\u003e\u003e\u003e1","detaljtyp":"FASTID","kommunkod":"0680","kommunnamn":"JÖNKÖPING","trakt":"SYSKAN","blockenhet":"31","omrnr":1,"fastighet":"SYSKAN 31\u003e1","omrtyp":" ","omrinf":" ","adat":1100217600000}},{"type":"Feature","id":357,"geometry":{"type":"Point","coordinates":[14.265117490547281,57.769013870414547]},"properties":{"FID":357,"objekt_id":"909a6a4f-b7ad-90ec-e040-ed8f66444c3f","externid":"0680\u003eSYSKAN\u003e23\u003e1\u003e\u003e\u003e\u003e1","detaljtyp":"FASTID","kommunkod":"0680","kommunnamn":"JÖNKÖPING","trakt":"SYSKAN","blockenhet":"23","omrnr":1,"fastighet":"SYSKAN 23\u003e1","omrtyp":" ","omrinf":" ","adat":1100217600000}},{"type":"Feature","id":358,"geometry":{"type":"Point","coordinates":[14.270096724207061,57.766723326719756]},"properties":{"FID":358,"objekt_id":"909a6a4f-b8fd-90ec-e040-ed8f66444c3f","externid":"0680\u003eSÖTBLOMSTRET\u003e9\u003e1\u003e\u003e\u003e\u003e1","detaljtyp":"FASTID","kommunkod":"0680","kommunnamn":"JÖNKÖPING","trakt":"SÖTBLOMSTRET","blockenhet":"9","omrnr":1,"fastighet":"SÖTBLOMSTRET 9\u003e1","omrtyp":" ","omrinf":" ","adat":1107734400000}},{"type":"Feature","id":359,"geometry":{"type":"Point","coordinates":[14.269559080316295,57.766760804234615]},"properties":{"FID":359,"objekt_id":"909a6a4f-b901-90ec-e040-ed8f66444c3f","externid":"0680\u003eSÖTBLOMSTRET\u003e13\u003e1\u003e\u003e\u003e\u003e1","detaljtyp":"FASTID","kommunkod":"0680","kommunnamn":"JÖNKÖPING","trakt":"SÖTBLOMSTRET","blockenhet":"13","omrnr":1,"fastighet":"SÖTBLOMSTRET 13\u003e1","omrtyp":" ","omrinf":" ","adat":1100217600000}},{"type":"Feature","id":360,"geometry":{"type":"Point","coordinates":[14.269745203734129,57.766770248620205]},"properties":{"FID":360,"objekt_id":"909a6a4f-b900-90ec-e040-ed8f66444c3f","externid":"0680\u003eSÖTBLOMSTRET\u003e12\u003e1\u003e\u003e\u003e\u003e1","detaljtyp":"FASTID","kommunkod":"0680","kommunnamn":"JÖNKÖPING","trakt":"SÖTBLOMSTRET","blockenhet":"12","omrnr":1,"fastighet":"SÖTBLOMSTRET 12\u003e1","omrtyp":" ","omrinf":" ","adat":1107734400000}},{"type":"Feature","id":361,"geometry":{"type":"Point","coordinates":[14.268890109564243,57.766882902582026]},"properties":{"FID":361,"objekt_id":"909a6a4f-b931-90ec-e040-ed8f66444c3f","externid":"0680\u003eSÖTVEDELN\u003e21\u003e1\u003e\u003e\u003e\u003e1","detaljtyp":"FASTID","kommunkod":"0680","kommunnamn":"JÖNKÖPING","trakt":"SÖTVEDELN","blockenhet":"21","omrnr":1,"fastighet":"SÖTVEDELN 21\u003e1","omrtyp":" ","omrinf":" ","adat":1107734400000}},{"type":"Feature","id":362,"geometry":{"type":"Point","coordinates":[14.268908047664233,57.766935204534292]},"properties":{"FID":362,"objekt_id":"909a6a4f-b930-90ec-e040-ed8f66444c3f","externid":"0680\u003eSÖTVEDELN\u003e20\u003e1\u003e\u003e\u003e\u003e1","detaljtyp":"FASTID","kommunkod":"0680","kommunnamn":"JÖNKÖPING","trakt":"SÖTVEDELN","blockenhet":"20","omrnr":1,"fastighet":"SÖTVEDELN 20\u003e1","omrtyp":" ","omrinf":" ","adat":1107734400000}},{"type":"Feature","id":363,"geometry":{"type":"Point","coordinates":[14.268925497863389,57.76699918118134]},"properties":{"FID":363,"objekt_id":"909a6a4f-b92f-90ec-e040-ed8f66444c3f","externid":"0680\u003eSÖTVEDELN\u003e19\u003e1\u003e\u003e\u003e\u003e1","detaljtyp":"FASTID","kommunkod":"0680","kommunnamn":"JÖNKÖPING","trakt":"SÖTVEDELN","blockenhet":"19","omrnr":1,"fastighet":"SÖTVEDELN 19\u003e1","omrtyp":" ","omrinf":" ","adat":1107734400000}},{"type":"Feature","id":364,"geometry":{"type":"Point","coordinates":[14.269293226846873,57.767006332043053]},"properties":{"FID":364,"objekt_id":"909a6a4f-b937-90ec-e040-ed8f66444c3f","externid":"0680\u003eSÖTVEDELN\u003e27\u003e1\u003e\u003e\u003e\u003e1","detaljtyp":"FASTID","kommunkod":"0680","kommunnamn":"JÖNKÖPING","trakt":"SÖTVEDELN","blockenhet":"27","omrnr":1,"fastighet":"SÖTVEDELN 27\u003e1","omrtyp":" ","omrinf":" ","adat":1100217600000}},{"type":"Feature","id":365,"geometry":{"type":"Point","coordinates":[14.270674345625967,57.767050918334185]},"properties":{"FID":365,"objekt_id":"909a6a51-432a-90ec-e040-ed8f66444c3f","externid":"0680\u003eÖXNEHAGA\u003e2:13\u003e1\u003e\u003e\u003e\u003e1","detaljtyp":"FASTID","kommunkod":"0680","kommunnamn":"JÖNKÖPING","trakt":"ÖXNEHAGA","blockenhet":"2:13","omrnr":1,"fastighet":"ÖXNEHAGA 2:13\u003e1","omrtyp":" ","omrinf":" ","adat":1107734400000}},{"type":"Feature","id":366,"geometry":{"type":"Point","coordinates":[14.269817102118859,57.767055791746749]},"properties":{"FID":366,"objekt_id":"909a6a4f-b939-90ec-e040-ed8f66444c3f","externid":"0680\u003eSÖTVEDELN\u003e29\u003e1\u003e\u003e\u003e\u003e1","detaljtyp":"FASTID","kommunkod":"0680","kommunnamn":"JÖNKÖPING","trakt":"SÖTVEDELN","blockenhet":"29","omrnr":1,"fastighet":"SÖTVEDELN 29\u003e1","omrtyp":" ","omrinf":" ","adat":1100217600000}},{"type":"Feature","id":367,"geometry":{"type":"Point","coordinates":[14.270322972593846,57.767133764510127]},"properties":{"FID":367,"objekt_id":"909a6a4f-b93b-90ec-e040-ed8f66444c3f","externid":"0680\u003eSÖTVEDELN\u003e31\u003e1\u003e\u003e\u003e\u003e1","detaljtyp":"FASTID","kommunkod":"0680","kommunnamn":"JÖNKÖPING","trakt":"SÖTVEDELN","blockenhet":"31","omrnr":1,"fastighet":"SÖTVEDELN 31\u003e1","omrtyp":" ","omrinf":" ","adat":1107734400000}},{"type":"Feature","id":368,"geometry":{"type":"Point","coordinates":[14.268402919877278,57.766049029659811]},"properties":{"FID":368,"objekt_id":"909a6a4f-b904-90ec-e040-ed8f66444c3f","externid":"0680\u003eSÖTBLOMSTRET\u003e16\u003e1\u003e\u003e\u003e\u003e1","detaljtyp":"FASTID","kommunkod":"0680","kommunnamn":"JÖNKÖPING","trakt":"SÖTBLOMSTRET","blockenhet":"16","omrnr":1,"fastighet":"SÖTBLOMSTRET 16\u003e1","omrtyp":" ","omrinf":" ","adat":1100217600000}},{"type":"Feature","id":369,"geometry":{"type":"Point","coordinates":[14.267917040066859,57.76613382342434]},"properties":{"FID":369,"objekt_id":"909a6a4f-b914-90ec-e040-ed8f66444c3f","externid":"0680\u003eSÖTBLOMSTRET\u003e32\u003e1\u003e\u003e\u003e\u003e1","detaljtyp":"FASTID","kommunkod":"0680","kommunnamn":"JÖNKÖPING","trakt":"SÖTBLOMSTRET","blockenhet":"32","omrnr":1,"fastighet":"SÖTBLOMSTRET 32\u003e1","omrtyp":" ","omrinf":" ","adat":1107734400000}},{"type":"Feature","id":370,"geometry":{"type":"Point","coordinates":[14.266911840671449,57.766220400421489]},"properties":{"FID":370,"objekt_id":"909a6a4f-b829-90ec-e040-ed8f66444c3f","externid":"0680\u003eSÄVEN\u003e16\u003e1\u003e\u003e\u003e\u003e1","detaljtyp":"FASTID","kommunkod":"0680","kommunnamn":"JÖNKÖPING","trakt":"SÄVEN","blockenhet":"16","omrnr":1,"fastighet":"SÄVEN 16\u003e1","omrtyp":" ","omrinf":" ","adat":1100217600000}},{"type":"Feature","id":371,"geometry":{"type":"Point","coordinates":[14.267920788921922,57.766322454906181]},"properties":{"FID":371,"objekt_id":"909a6a4f-b911-90ec-e040-ed8f66444c3f","externid":"0680\u003eSÖTBLOMSTRET\u003e29\u003e1\u003e\u003e\u003e\u003e1","detaljtyp":"FASTID","kommunkod":"0680","kommunnamn":"JÖNKÖPING","trakt":"SÖTBLOMSTRET","blockenhet":"29","omrnr":1,"fastighet":"SÖTBLOMSTRET 29\u003e1","omrtyp":" ","omrinf":" ","adat":1107734400000}},{"type":"Feature","id":372,"geometry":{"type":"Point","coordinates":[14.267536241858357,57.766395014167657]},"properties":{"FID":372,"objekt_id":"909a6a4f-b916-90ec-e040-ed8f66444c3f","externid":"0680\u003eSÖTBLOMSTRET\u003e34\u003e1","detaljtyp":"FASTID","kommunkod":"0680","kommunnamn":"JÖNKÖPING","trakt":"SÖTBLOMSTRET","blockenhet":"34","omrnr":1,"fastighet":"SÖTBLOMSTRET 34\u003e1","omrtyp":" ","omrinf":" ","adat":1100217600000}},{"type":"Feature","id":373,"geometry":{"type":"Point","coordinates":[14.266930761909878,57.766407421973412]},"properties":{"FID":373,"objekt_id":"909a6a4f-b827-90ec-e040-ed8f66444c3f","externid":"0680\u003eSÄVEN\u003e14\u003e1\u003e\u003e\u003e\u003e1","detaljtyp":"FASTID","kommunkod":"0680","kommunnamn":"JÖNKÖPING","trakt":"SÄVEN","blockenhet":"14","omrnr":1,"fastighet":"SÄVEN 14\u003e1","omrtyp":" ","omrinf":" ","adat":1107734400000}},{"type":"Feature","id":374,"geometry":{"type":"Point","coordinates":[14.267185415027257,57.766504802924565]},"properties":{"FID":374,"objekt_id":"909a6a4f-b82d-90ec-e040-ed8f66444c3f","externid":"0680\u003eSÄVEN\u003e20\u003e3","detaljtyp":"FASTID","kommunkod":"0680","kommunnamn":"JÖNKÖPING","trakt":"SÄVEN","blockenhet":"20","omrnr":3,"fastighet":"SÄVEN 20\u003e3","omrtyp":" ","omrinf":" ","adat":1100217600000}},{"type":"Feature","id":375,"geometry":{"type":"Point","coordinates":[14.268582046060398,57.766579234528848]},"properties":{"FID":375,"objekt_id":"909a6a4f-b90b-90ec-e040-ed8f66444c3f","externid":"0680\u003eSÖTBLOMSTRET\u003e23\u003e1\u003e\u003e\u003e\u003e1","detaljtyp":"FASTID","kommunkod":"0680","kommunnamn":"JÖNKÖPING","trakt":"SÖTBLOMSTRET","blockenhet":"23","omrnr":1,"fastighet":"SÖTBLOMSTRET 23\u003e1","omrtyp":" ","omrinf":" ","adat":1107734400000}},{"type":"Feature","id":376,"geometry":{"type":"Point","coordinates":[14.268480813051145,57.766588782780559]},"properties":{"FID":376,"objekt_id":"909a6a4f-b90c-90ec-e040-ed8f66444c3f","externid":"0680\u003eSÖTBLOMSTRET\u003e24\u003e1\u003e\u003e\u003e\u003e1","detaljtyp":"FASTID","kommunkod":"0680","kommunnamn":"JÖNKÖPING","trakt":"SÖTBLOMSTRET","blockenhet":"24","omrnr":1,"fastighet":"SÖTBLOMSTRET 24\u003e1","omrtyp":" ","omrinf":" ","adat":1107734400000}},{"type":"Feature","id":377,"geometry":{"type":"Point","coordinates":[14.267979470063462,57.766681473176511]},"properties":{"FID":377,"objekt_id":"909a6a4f-b90e-90ec-e040-ed8f66444c3f","externid":"0680\u003eSÖTBLOMSTRET\u003e26\u003e1\u003e\u003e\u003e\u003e1","detaljtyp":"FASTID","kommunkod":"0680","kommunnamn":"JÖNKÖPING","trakt":"SÖTBLOMSTRET","blockenhet":"26","omrnr":1,"fastighet":"SÖTBLOMSTRET 26\u003e1","omrtyp":" ","omrinf":" ","adat":1100217600000}},{"type":"Feature","id":378,"geometry":{"type":"Point","coordinates":[14.267054246218388,57.766704367738505]},"properties":{"FID":378,"objekt_id":"909a6a4f-b824-90ec-e040-ed8f66444c3f","externid":"0680\u003eSÄVEN\u003e11\u003e1\u003e\u003e\u003e\u003e1","detaljtyp":"FASTID","kommunkod":"0680","kommunnamn":"JÖNKÖPING","trakt":"SÄVEN","blockenhet":"11","omrnr":1,"fastighet":"SÄVEN 11\u003e1","omrtyp":" ","omrinf":" ","adat":1100217600000}},{"type":"Feature","id":379,"geometry":{"type":"Point","coordinates":[14.267040013561875,57.766802080127007]},"properties":{"FID":379,"objekt_id":"909a6a4f-b823-90ec-e040-ed8f66444c3f","externid":"0680\u003eSÄVEN\u003e10\u003e1\u003e\u003e\u003e\u003e1","detaljtyp":"FASTID","kommunkod":"0680","kommunnamn":"JÖNKÖPING","trakt":"SÄVEN","blockenhet":"10","omrnr":1,"fastighet":"SÄVEN 10\u003e1","omrtyp":" ","omrinf":" ","adat":1100217600000}},{"type":"Feature","id":380,"geometry":{"type":"Point","coordinates":[14.268453531039778,57.766874913026768]},"properties":{"FID":380,"objekt_id":"909a6a4f-b92a-90ec-e040-ed8f66444c3f","externid":"0680\u003eSÖTVEDELN\u003e14\u003e1\u003e\u003e\u003e\u003e1","detaljtyp":"FASTID","kommunkod":"0680","kommunnamn":"JÖNKÖPING","trakt":"SÖTVEDELN","blockenhet":"14","omrnr":1,"fastighet":"SÖTVEDELN 14\u003e1","omrtyp":" ","omrinf":" ","adat":1100217600000}},{"type":"Feature","id":381,"geometry":{"type":"Point","coordinates":[14.26764634182835,57.766888468446716]},"properties":{"FID":381,"objekt_id":"909a6a4f-b928-90ec-e040-ed8f66444c3f","externid":"0680\u003eSÖTVEDELN\u003e12\u003e1\u003e\u003e\u003e\u003e1","detaljtyp":"FASTID","kommunkod":"0680","kommunnamn":"JÖNKÖPING","trakt":"SÖTVEDELN","blockenhet":"12","omrnr":1,"fastighet":"SÖTVEDELN 12\u003e1","omrtyp":" ","omrinf":" ","adat":1100217600000}},{"type":"Feature","id":382,"geometry":{"type":"Point","coordinates":[14.267093610086912,57.766964366170157]},"properties":{"FID":382,"objekt_id":"909a6a4f-b822-90ec-e040-ed8f66444c3f","externid":"0680\u003eSÄVEN\u003e9\u003e1\u003e\u003e\u003e\u003e1","detaljtyp":"FASTID","kommunkod":"0680","kommunnamn":"JÖNKÖPING","trakt":"SÄVEN","blockenhet":"9","omrnr":1,"fastighet":"SÄVEN 9\u003e1","omrtyp":" ","omrinf":" ","adat":1100217600000}},{"type":"Feature","id":383,"geometry":{"type":"Point","coordinates":[14.267078593674837,57.767080030450565]},"properties":{"FID":383,"objekt_id":"909a6a4f-b821-90ec-e040-ed8f66444c3f","externid":"0680\u003eSÄVEN\u003e8\u003e1\u003e\u003e\u003e\u003e1","detaljtyp":"FASTID","kommunkod":"0680","kommunnamn":"JÖNKÖPING","trakt":"SÄVEN","blockenhet":"8","omrnr":1,"fastighet":"SÄVEN 8\u003e1","omrtyp":" ","omrinf":" ","adat":1100217600000}},{"type":"Feature","id":384,"geometry":{"type":"Point","coordinates":[14.267685162647075,57.767121524408871]},"properties":{"FID":384,"objekt_id":"909a6a4f-b925-90ec-e040-ed8f66444c3f","externid":"0680\u003eSÖTVEDELN\u003e9\u003e1\u003e\u003e\u003e\u003e1","detaljtyp":"FASTID","kommunkod":"0680","kommunnamn":"JÖNKÖPING","trakt":"SÖTVEDELN","blockenhet":"9","omrnr":1,"fastighet":"SÖTVEDELN 9\u003e1","omrtyp":" ","omrinf":" ","adat":1107734400000}},{"type":"Feature","id":385,"geometry":{"type":"Point","coordinates":[14.268402222707396,57.763455556930346]},"properties":{"FID":385,"objekt_id":"909a6a4f-aff5-90ec-e040-ed8f66444c3f","externid":"0680\u003eSPIKVALLMON\u003e2\u003e1\u003e\u003e\u003e\u003e1","detaljtyp":"FASTID","kommunkod":"0680","kommunnamn":"JÖNKÖPING","trakt":"SPIKVALLMON","blockenhet":"2","omrnr":1,"fastighet":"SPIKVALLMON 2\u003e1","omrtyp":" ","omrinf":" ","adat":1100217600000}},{"type":"Feature","id":386,"geometry":{"type":"Point","coordinates":[14.266835044648438,57.76407501175305]},"properties":{"FID":386,"objekt_id":"909a6a4f-b422-90ec-e040-ed8f66444c3f","externid":"0680\u003eSTJÄRNBRÄCKAN\u003e3\u003e1\u003e\u003e\u003e\u003e1","detaljtyp":"FASTID","kommunkod":"0680","kommunnamn":"JÖNKÖPING","trakt":"STJÄRNBRÄCKAN","blockenhet":"3","omrnr":1,"fastighet":"STJÄRNBRÄCKAN 3\u003e1","omrtyp":" ","omrinf":" ","adat":1100217600000}},{"type":"Feature","id":387,"geometry":{"type":"Point","coordinates":[14.266485151508778,57.764202769357212]},"properties":{"FID":387,"objekt_id":"909a6a4f-b421-90ec-e040-ed8f66444c3f","externid":"0680\u003eSTJÄRNBRÄCKAN\u003e2\u003e1\u003e\u003e\u003e\u003e1","detaljtyp":"FASTID","kommunkod":"0680","kommunnamn":"JÖNKÖPING","trakt":"STJÄRNBRÄCKAN","blockenhet":"2","omrnr":1,"fastighet":"STJÄRNBRÄCKAN 2\u003e1","omrtyp":" ","omrinf":" ","adat":1100217600000}},{"type":"Feature","id":388,"geometry":{"type":"Point","coordinates":[14.267395043101398,57.764341335536216]},"properties":{"FID":388,"objekt_id":"909a6a4f-b5a6-90ec-e040-ed8f66444c3f","externid":"0680\u003eSTYVMORSVIOLEN\u003e3\u003e1\u003e\u003e\u003e\u003e1","detaljtyp":"FASTID","kommunkod":"0680","kommunnamn":"JÖNKÖPING","trakt":"STYVMORSVIOLEN","blockenhet":"3","omrnr":1,"fastighet":"STYVMORSVIOLEN 3\u003e1","omrtyp":" ","omrinf":" ","adat":1100217600000}},{"type":"Feature","id":389,"geometry":{"type":"Point","coordinates":[14.266894474742568,57.764495108459393]},"properties":{"FID":389,"objekt_id":"909a6a4f-b5a5-90ec-e040-ed8f66444c3f","externid":"0680\u003eSTYVMORSVIOLEN\u003e2\u003e1\u003e\u003e\u003e\u003e1","detaljtyp":"FASTID","kommunkod":"0680","kommunnamn":"JÖNKÖPING","trakt":"STYVMORSVIOLEN","blockenhet":"2","omrnr":1,"fastighet":"STYVMORSVIOLEN 2\u003e1","omrtyp":" ","omrinf":" ","adat":1100217600000}},{"type":"Feature","id":390,"geometry":{"type":"Point","coordinates":[14.266392535558802,57.764641667350723]},"properties":{"FID":390,"objekt_id":"909a6a4f-b5a4-90ec-e040-ed8f66444c3f","externid":"0680\u003eSTYVMORSVIOLEN\u003e1\u003e1\u003e\u003e\u003e\u003e1","detaljtyp":"FASTID","kommunkod":"0680","kommunnamn":"JÖNKÖPING","trakt":"STYVMORSVIOLEN","blockenhet":"1","omrnr":1,"fastighet":"STYVMORSVIOLEN 1\u003e1","omrtyp":" ","omrinf":" ","adat":1100217600000}},{"type":"Feature","id":391,"geometry":{"type":"Point","coordinates":[14.267150101490893,57.764727208838941]},"properties":{"FID":391,"objekt_id":"909a6a4f-b5fd-90ec-e040-ed8f66444c3f","externid":"0680\u003eSVALÖRTEN\u003e2\u003e1\u003e\u003e\u003e\u003e1","detaljtyp":"FASTID","kommunkod":"0680","kommunnamn":"JÖNKÖPING","trakt":"SVALÖRTEN","blockenhet":"2","omrnr":1,"fastighet":"SVALÖRTEN 2\u003e1","omrtyp":" ","omrinf":" ","adat":1100217600000}},{"type":"Feature","id":392,"geometry":{"type":"Point","coordinates":[14.26836131717209,57.76477424256656]},"properties":{"FID":392,"objekt_id":"909a6a4f-b41e-90ec-e040-ed8f66444c3f","externid":"0680\u003eSTJÄRNBLOMMAN\u003e9\u003e1\u003e\u003e\u003e\u003e1","detaljtyp":"FASTID","kommunkod":"0680","kommunnamn":"JÖNKÖPING","trakt":"STJÄRNBLOMMAN","blockenhet":"9","omrnr":1,"fastighet":"STJÄRNBLOMMAN 9\u003e1","omrtyp":" ","omrinf":" ","adat":1100217600000}},{"type":"Feature","id":393,"geometry":{"type":"Point","coordinates":[14.266683397253134,57.764875095456077]},"properties":{"FID":393,"objekt_id":"909a6a4f-b5fc-90ec-e040-ed8f66444c3f","externid":"0680\u003eSVALÖRTEN\u003e1\u003e1\u003e\u003e\u003e\u003e1","detaljtyp":"FASTID","kommunkod":"0680","kommunnamn":"JÖNKÖPING","trakt":"SVALÖRTEN","blockenhet":"1","omrnr":1,"fastighet":"SVALÖRTEN 1\u003e1","omrtyp":" ","omrinf":" ","adat":1100217600000}},{"type":"Feature","id":394,"geometry":{"type":"Point","coordinates":[14.268098411998777,57.76510870473998]},"properties":{"FID":394,"objekt_id":"909a6a4f-b418-90ec-e040-ed8f66444c3f","externid":"0680\u003eSTJÄRNBLOMMAN\u003e3\u003e1\u003e\u003e\u003e\u003e1","detaljtyp":"FASTID","kommunkod":"0680","kommunnamn":"JÖNKÖPING","trakt":"STJÄRNBLOMMAN","blockenhet":"3","omrnr":1,"fastighet":"STJÄRNBLOMMAN 3\u003e1","omrtyp":" ","omrinf":" ","adat":1100217600000}},{"type":"Feature","id":395,"geometry":{"type":"Point","coordinates":[14.26735243991868,57.765580082873456]},"properties":{"FID":395,"objekt_id":"909a6a4f-aefb-90ec-e040-ed8f66444c3f","externid":"0680\u003eSNÄRJMÅRAN\u003e6\u003e1\u003e\u003e\u003e\u003e1","detaljtyp":"FASTID","kommunkod":"0680","kommunnamn":"JÖNKÖPING","trakt":"SNÄRJMÅRAN","blockenhet":"6","omrnr":1,"fastighet":"SNÄRJMÅRAN 6\u003e1","omrtyp":" ","omrinf":" ","adat":1100217600000}},{"type":"Feature","id":396,"geometry":{"type":"Point","coordinates":[14.268446310566718,57.765700221233338]},"properties":{"FID":396,"objekt_id":"909a6a4f-aef8-90ec-e040-ed8f66444c3f","externid":"0680\u003eSNÄRJMÅRAN\u003e3\u003e1\u003e\u003e\u003e\u003e1","detaljtyp":"FASTID","kommunkod":"0680","kommunnamn":"JÖNKÖPING","trakt":"SNÄRJMÅRAN","blockenhet":"3","omrnr":1,"fastighet":"SNÄRJMÅRAN 3\u003e1","omrtyp":" ","omrinf":" ","adat":1100217600000}},{"type":"Feature","id":397,"geometry":{"type":"Point","coordinates":[14.267439513918269,57.765784987632266]},"properties":{"FID":397,"objekt_id":"909a6a4f-aef6-90ec-e040-ed8f66444c3f","externid":"0680\u003eSNÄRJMÅRAN\u003e1\u003e1\u003e\u003e\u003e\u003e1","detaljtyp":"FASTID","kommunkod":"0680","kommunnamn":"JÖNKÖPING","trakt":"SNÄRJMÅRAN","blockenhet":"1","omrnr":1,"fastighet":"SNÄRJMÅRAN 1\u003e1","omrtyp":" ","omrinf":" ","adat":1100217600000}},{"type":"Feature","id":398,"geometry":{"type":"Point","coordinates":[14.266856074535408,57.765951216520712]},"properties":{"FID":398,"objekt_id":"909a6a4f-b82c-90ec-e040-ed8f66444c3f","externid":"0680\u003eSÄVEN\u003e19\u003e1\u003e\u003e\u003e\u003e1","detaljtyp":"FASTID","kommunkod":"0680","kommunnamn":"JÖNKÖPING","trakt":"SÄVEN","blockenhet":"19","omrnr":1,"fastighet":"SÄVEN 19\u003e1","omrtyp":" ","omrinf":" ","adat":1100217600000}},{"type":"Feature","id":399,"geometry":{"type":"Point","coordinates":[14.267899061038051,57.766042913421224]},"properties":{"FID":399,"objekt_id":"909a6a4f-b915-90ec-e040-ed8f66444c3f","externid":"0680\u003eSÖTBLOMSTRET\u003e33\u003e1\u003e\u003e\u003e\u003e1","detaljtyp":"FASTID","kommunkod":"0680","kommunnamn":"JÖNKÖPING","trakt":"SÖTBLOMSTRET","blockenhet":"33","omrnr":1,"fastighet":"SÖTBLOMSTRET 33\u003e1","omrtyp":" ","omrinf":" ","adat":1100217600000}},{"type":"Feature","id":400,"geometry":{"type":"Point","coordinates":[14.269229215112395,57.763646988707315]},"properties":{"FID":400,"objekt_id":"909a6a4f-b0d6-90ec-e040-ed8f66444c3f","externid":"0680\u003eSTENMÅRAN\u003e3\u003e1\u003e\u003e\u003e\u003e1","detaljtyp":"FASTID","kommunkod":"0680","kommunnamn":"JÖNKÖPING","trakt":"STENMÅRAN","blockenhet":"3","omrnr":1,"fastighet":"STENMÅRAN 3\u003e1","omrtyp":" ","omrinf":" ","adat":1100217600000}},{"type":"Feature","id":401,"geometry":{"type":"Point","coordinates":[14.269656683530258,57.763987130629424]},"properties":{"FID":401,"objekt_id":"909a6a4f-b771-90ec-e040-ed8f66444c3f","externid":"0680\u003eSVÄRDSLILJAN\u003e3\u003e1\u003e\u003e\u003e\u003e1","detaljtyp":"FASTID","kommunkod":"0680","kommunnamn":"JÖNKÖPING","trakt":"SVÄRDSLILJAN","blockenhet":"3","omrnr":1,"fastighet":"SVÄRDSLILJAN 3\u003e1","omrtyp":" ","omrinf":" ","adat":1100217600000}},{"type":"Feature","id":402,"geometry":{"type":"Point","coordinates":[14.268771852021606,57.764287108265442]},"properties":{"FID":402,"objekt_id":"909a6a4f-b76f-90ec-e040-ed8f66444c3f","externid":"0680\u003eSVÄRDSLILJAN\u003e1\u003e1\u003e\u003e\u003e\u003e1","detaljtyp":"FASTID","kommunkod":"0680","kommunnamn":"JÖNKÖPING","trakt":"SVÄRDSLILJAN","blockenhet":"1","omrnr":1,"fastighet":"SVÄRDSLILJAN 1\u003e1","omrtyp":" ","omrinf":" ","adat":1100217600000}},{"type":"Feature","id":403,"geometry":{"type":"Point","coordinates":[14.270168035151556,57.764370493841234]},"properties":{"FID":403,"objekt_id":"909a6a4f-b01b-90ec-e040-ed8f66444c3f","externid":"0680\u003eSPÅTISTELN\u003e6\u003e1\u003e\u003e\u003e\u003e1","detaljtyp":"FASTID","kommunkod":"0680","kommunnamn":"JÖNKÖPING","trakt":"SPÅTISTELN","blockenhet":"6","omrnr":1,"fastighet":"SPÅTISTELN 6\u003e1","omrtyp":" ","omrinf":" ","adat":1100217600000}},{"type":"Feature","id":404,"geometry":{"type":"Point","coordinates":[14.269230057356141,57.764536928163132]},"properties":{"FID":404,"objekt_id":"909a6a4f-b019-90ec-e040-ed8f66444c3f","externid":"0680\u003eSPÅTISTELN\u003e4\u003e1\u003e\u003e\u003e\u003e1","detaljtyp":"FASTID","kommunkod":"0680","kommunnamn":"JÖNKÖPING","trakt":"SPÅTISTELN","blockenhet":"4","omrnr":1,"fastighet":"SPÅTISTELN 4\u003e1","omrtyp":" ","omrinf":" ","adat":1100217600000}},{"type":"Feature","id":405,"geometry":{"type":"Point","coordinates":[14.270426211852596,57.764701402989211]},"properties":{"FID":405,"objekt_id":"909a6a4f-b018-90ec-e040-ed8f66444c3f","externid":"0680\u003eSPÅTISTELN\u003e3\u003e1\u003e\u003e\u003e\u003e1","detaljtyp":"FASTID","kommunkod":"0680","kommunnamn":"JÖNKÖPING","trakt":"SPÅTISTELN","blockenhet":"3","omrnr":1,"fastighet":"SPÅTISTELN 3\u003e1","omrtyp":" ","omrinf":" ","adat":1100217600000}},{"type":"Feature","id":406,"geometry":{"type":"Point","coordinates":[14.268746228478097,57.764692700245327]},"properties":{"FID":406,"objekt_id":"909a6a4f-b41f-90ec-e040-ed8f66444c3f","externid":"0680\u003eSTJÄRNBLOMMAN\u003e10\u003e1\u003e\u003e\u003e\u003e1","detaljtyp":"FASTID","kommunkod":"0680","kommunnamn":"JÖNKÖPING","trakt":"STJÄRNBLOMMAN","blockenhet":"10","omrnr":1,"fastighet":"STJÄRNBLOMMAN 10\u003e1","omrtyp":" ","omrinf":" ","adat":1100217600000}},{"type":"Feature","id":407,"geometry":{"type":"Point","coordinates":[14.269217741114293,57.764787321903881]},"properties":{"FID":407,"objekt_id":"909a6a51-4329-90ec-e040-ed8f66444c3f","externid":"0680\u003eÖXNEHAGA\u003e2:12\u003e1\u003e\u003e\u003e\u003e1","detaljtyp":"FASTID","kommunkod":"0680","kommunnamn":"JÖNKÖPING","trakt":"ÖXNEHAGA","blockenhet":"2:12","omrnr":1,"fastighet":"ÖXNEHAGA 2:12\u003e1","omrtyp":" ","omrinf":" ","adat":1107734400000}},{"type":"Feature","id":408,"geometry":{"type":"Point","coordinates":[14.269473303636563,57.764902677935524]},"properties":{"FID":408,"objekt_id":"909a6a4f-b016-90ec-e040-ed8f66444c3f","externid":"0680\u003eSPÅTISTELN\u003e1\u003e1\u003e\u003e\u003e\u003e1","detaljtyp":"FASTID","kommunkod":"0680","kommunnamn":"JÖNKÖPING","trakt":"SPÅTISTELN","blockenhet":"1","omrnr":1,"fastighet":"SPÅTISTELN 1\u003e1","omrtyp":" ","omrinf":" ","adat":1100217600000}},{"type":"Feature","id":409,"geometry":{"type":"Point","coordinates":[14.270771880890006,57.765148305620393]},"properties":{"FID":409,"objekt_id":"909a6a4f-b0c4-90ec-e040-ed8f66444c3f","externid":"0680\u003eSTENBÄRET\u003e6\u003e1\u003e\u003e\u003e\u003e1","detaljtyp":"FASTID","kommunkod":"0680","kommunnamn":"JÖNKÖPING","trakt":"STENBÄRET","blockenhet":"6","omrnr":1,"fastighet":"STENBÄRET 6\u003e1","omrtyp":" ","omrinf":" ","adat":1100217600000}},{"type":"Feature","id":410,"geometry":{"type":"Point","coordinates":[14.271004689780678,57.765918932489434]},"properties":{"FID":410,"objekt_id":"909a6a4f-b00b-90ec-e040-ed8f66444c3f","externid":"0680\u003eSPRINGKORNET\u003e4\u003e1\u003e\u003e\u003e\u003e1","detaljtyp":"FASTID","kommunkod":"0680","kommunnamn":"JÖNKÖPING","trakt":"SPRINGKORNET","blockenhet":"4","omrnr":1,"fastighet":"SPRINGKORNET 4\u003e1","omrtyp":" ","omrinf":" ","adat":1100217600000}},{"type":"Feature","id":411,"geometry":{"type":"Point","coordinates":[14.268620472367893,57.766031008364514]},"properties":{"FID":411,"objekt_id":"909a6a4f-b905-90ec-e040-ed8f66444c3f","externid":"0680\u003eSÖTBLOMSTRET\u003e17\u003e1\u003e\u003e\u003e\u003e1","detaljtyp":"FASTID","kommunkod":"0680","kommunnamn":"JÖNKÖPING","trakt":"SÖTBLOMSTRET","blockenhet":"17","omrnr":1,"fastighet":"SÖTBLOMSTRET 17\u003e1","omrtyp":" ","omrinf":" ","adat":1100217600000}},{"type":"Feature","id":412,"geometry":{"type":"Point","coordinates":[14.270402814033316,57.766084056564672]},"properties":{"FID":412,"objekt_id":"909a6a4f-b8f8-90ec-e040-ed8f66444c3f","externid":"0680\u003eSÖTBLOMSTRET\u003e4\u003e1\u003e\u003e\u003e\u003e1","detaljtyp":"FASTID","kommunkod":"0680","kommunnamn":"JÖNKÖPING","trakt":"SÖTBLOMSTRET","blockenhet":"4","omrnr":1,"fastighet":"SÖTBLOMSTRET 4\u003e1","omrtyp":" ","omrinf":" ","adat":1100217600000}},{"type":"Feature","id":413,"geometry":{"type":"Point","coordinates":[14.269983912903161,57.766095145473109]},"properties":{"FID":413,"objekt_id":"909a6a4f-b8fb-90ec-e040-ed8f66444c3f","externid":"0680\u003eSÖTBLOMSTRET\u003e7\u003e1\u003e\u003e\u003e\u003e1","detaljtyp":"FASTID","kommunkod":"0680","kommunnamn":"JÖNKÖPING","trakt":"SÖTBLOMSTRET","blockenhet":"7","omrnr":1,"fastighet":"SÖTBLOMSTRET 7\u003e1","omrtyp":" ","omrinf":" ","adat":1100217600000}},{"type":"Feature","id":414,"geometry":{"type":"Point","coordinates":[14.26973141731513,57.766105548065738]},"properties":{"FID":414,"objekt_id":"909a6a4f-b8fa-90ec-e040-ed8f66444c3f","externid":"0680\u003eSÖTBLOMSTRET\u003e6\u003e1\u003e\u003e\u003e\u003e1","detaljtyp":"FASTID","kommunkod":"0680","kommunnamn":"JÖNKÖPING","trakt":"SÖTBLOMSTRET","blockenhet":"6","omrnr":1,"fastighet":"SÖTBLOMSTRET 6\u003e1","omrtyp":" ","omrinf":" ","adat":1100217600000}},{"type":"Feature","id":415,"geometry":{"type":"Point","coordinates":[14.266872681579883,57.768562844869564]},"properties":{"FID":415,"objekt_id":"909a6a4f-aef5-90ec-e040-ed8f66444c3f","externid":"0680\u003eSNÅRVINDAN\u003e14\u003e1\u003e\u003e\u003e\u003e1","detaljtyp":"FASTID","kommunkod":"0680","kommunnamn":"JÖNKÖPING","trakt":"SNÅRVINDAN","blockenhet":"14","omrnr":1,"fastighet":"SNÅRVINDAN 14\u003e1","omrtyp":" ","omrinf":" ","adat":1100217600000}},{"type":"Feature","id":416,"geometry":{"type":"Point","coordinates":[14.266120491452352,57.768783598396148]},"properties":{"FID":416,"objekt_id":"909a6a4f-b7b1-90ec-e040-ed8f66444c3f","externid":"0680\u003eSYSKAN\u003e27\u003e1\u003e\u003e\u003e\u003e1","detaljtyp":"FASTID","kommunkod":"0680","kommunnamn":"JÖNKÖPING","trakt":"SYSKAN","blockenhet":"27","omrnr":1,"fastighet":"SYSKAN 27\u003e1","omrtyp":" ","omrinf":" ","adat":1100217600000}},{"type":"Feature","id":417,"geometry":{"type":"Point","coordinates":[14.266055673242771,57.768845670822522]},"properties":{"FID":417,"objekt_id":"909a6a4f-b7b0-90ec-e040-ed8f66444c3f","externid":"0680\u003eSYSKAN\u003e26\u003e1\u003e\u003e\u003e\u003e1","detaljtyp":"FASTID","kommunkod":"0680","kommunnamn":"JÖNKÖPING","trakt":"SYSKAN","blockenhet":"26","omrnr":1,"fastighet":"SYSKAN 26\u003e1","omrtyp":" ","omrinf":" ","adat":1100217600000}},{"type":"Feature","id":418,"geometry":{"type":"Point","coordinates":[14.267871361664344,57.768908136522832]},"properties":{"FID":418,"objekt_id":"909a6a4f-abb3-90ec-e040-ed8f66444c3f","externid":"0680\u003eSKOGSVIOLEN\u003e11\u003e1\u003e\u003e\u003e\u003e1","detaljtyp":"FASTID","kommunkod":"0680","kommunnamn":"JÖNKÖPING","trakt":"SKOGSVIOLEN","blockenhet":"11","omrnr":1,"fastighet":"SKOGSVIOLEN 11\u003e1","omrtyp":" ","omrinf":" ","adat":1100217600000}},{"type":"Feature","id":419,"geometry":{"type":"Point","coordinates":[14.266562782987849,57.769013474733597]},"properties":{"FID":419,"objekt_id":"909a6a4f-abb0-90ec-e040-ed8f66444c3f","externid":"0680\u003eSKOGSVIOLEN\u003e8\u003e1\u003e\u003e\u003e\u003e1","detaljtyp":"FASTID","kommunkod":"0680","kommunnamn":"JÖNKÖPING","trakt":"SKOGSVIOLEN","blockenhet":"8","omrnr":1,"fastighet":"SKOGSVIOLEN 8\u003e1","omrtyp":" ","omrinf":" ","adat":1100217600000}},{"type":"Feature","id":420,"geometry":{"type":"Point","coordinates":[14.268379046762258,57.769101986284078]},"properties":{"FID":420,"objekt_id":"909a6a4f-abad-90ec-e040-ed8f66444c3f","externid":"0680\u003eSKOGSVIOLEN\u003e5\u003e1\u003e\u003e\u003e\u003e1","detaljtyp":"FASTID","kommunkod":"0680","kommunnamn":"JÖNKÖPING","trakt":"SKOGSVIOLEN","blockenhet":"5","omrnr":1,"fastighet":"SKOGSVIOLEN 5\u003e1","omrtyp":" ","omrinf":" ","adat":1100217600000}},{"type":"Feature","id":421,"geometry":{"type":"Point","coordinates":[14.266163771400372,57.769267253046657]},"properties":{"FID":421,"objekt_id":"909a6a4f-abb6-90ec-e040-ed8f66444c3f","externid":"0680\u003eSKOGSVIOLEN\u003e14\u003e1\u003e\u003e\u003e\u003e1","detaljtyp":"FASTID","kommunkod":"0680","kommunnamn":"JÖNKÖPING","trakt":"SKOGSVIOLEN","blockenhet":"14","omrnr":1,"fastighet":"SKOGSVIOLEN 14\u003e1","omrtyp":" ","omrinf":" ","adat":1100217600000}},{"type":"Feature","id":422,"geometry":{"type":"Point","coordinates":[14.266635835875785,57.769310703827465]},"properties":{"FID":422,"objekt_id":"909a6a4f-aba9-90ec-e040-ed8f66444c3f","externid":"0680\u003eSKOGSVIOLEN\u003e1\u003e1\u003e\u003e\u003e\u003e1","detaljtyp":"FASTID","kommunkod":"0680","kommunnamn":"JÖNKÖPING","trakt":"SKOGSVIOLEN","blockenhet":"1","omrnr":1,"fastighet":"SKOGSVIOLEN 1\u003e1","omrtyp":" ","omrinf":" ","adat":1100217600000}},{"type":"Feature","id":423,"geometry":{"type":"Point","coordinates":[14.268457782775171,57.769463940470665]},"properties":{"FID":423,"objekt_id":"909a6a51-7d8c-90ec-e040-ed8f66444c3f","externid":"0680\u003eSTENSÖTAN\u003e31\u003e1\u003e\u003e\u003e\u003e1","detaljtyp":"FASTID","kommunkod":"0680","kommunnamn":"JÖNKÖPING","trakt":"STENSÖTAN","blockenhet":"31","omrnr":1,"fastighet":"STENSÖTAN 31\u003e1","omrtyp":" ","omrinf":" ","adat":1140480000000}},{"type":"Feature","id":424,"geometry":{"type":"Point","coordinates":[14.267753221882758,57.769512861073792]},"properties":{"FID":424,"objekt_id":"909a6a51-7d8f-90ec-e040-ed8f66444c3f","externid":"0680\u003eSTENSÖTAN\u003e34\u003e1\u003e\u003e\u003e\u003e1","detaljtyp":"FASTID","kommunkod":"0680","kommunnamn":"JÖNKÖPING","trakt":"STENSÖTAN","blockenhet":"34","omrnr":1,"fastighet":"STENSÖTAN 34\u003e1","omrtyp":" ","omrinf":" ","adat":1140480000000}},{"type":"Feature","id":425,"geometry":{"type":"Point","coordinates":[14.267821326266512,57.769610671870005]},"properties":{"FID":425,"objekt_id":"909a6a51-7d90-90ec-e040-ed8f66444c3f","externid":"0680\u003eSTENSÖTAN\u003e35\u003e1\u003e\u003e\u003e\u003e1","detaljtyp":"FASTID","kommunkod":"0680","kommunnamn":"JÖNKÖPING","trakt":"STENSÖTAN","blockenhet":"35","omrnr":1,"fastighet":"STENSÖTAN 35\u003e1","omrtyp":" ","omrinf":" ","adat":1140480000000}},{"type":"Feature","id":426,"geometry":{"type":"Point","coordinates":[14.26681418612306,57.76966130637252]},"properties":{"FID":426,"objekt_id":"909a6a51-7dfb-90ec-e040-ed8f66444c3f","externid":"0680\u003eSTENSÖTAN\u003e9\u003e1\u003e\u003e\u003e\u003e1","detaljtyp":"FASTID","kommunkod":"0680","kommunnamn":"JÖNKÖPING","trakt":"STENSÖTAN","blockenhet":"9","omrnr":1,"fastighet":"STENSÖTAN 9\u003e1","omrtyp":" ","omrinf":" ","adat":1140480000000}},{"type":"Feature","id":427,"geometry":{"type":"Point","coordinates":[14.266444878040506,57.769690941396597]},"properties":{"FID":427,"objekt_id":"909a6a51-7dfd-90ec-e040-ed8f66444c3f","externid":"0680\u003eSTENSÖTAN\u003e11\u003e1\u003e\u003e\u003e\u003e1","detaljtyp":"FASTID","kommunkod":"0680","kommunnamn":"JÖNKÖPING","trakt":"STENSÖTAN","blockenhet":"11","omrnr":1,"fastighet":"STENSÖTAN 11\u003e1","omrtyp":" ","omrinf":" ","adat":1140480000000}},{"type":"Feature","id":428,"geometry":{"type":"Point","coordinates":[14.270997267221844,57.767203002765889]},"properties":{"FID":428,"objekt_id":"909a6a4f-aba7-90ec-e040-ed8f66444c3f","externid":"0680\u003eSKOGSSTJÄRNAN\u003e5\u003e1\u003e\u003e\u003e\u003e1","detaljtyp":"FASTID","kommunkod":"0680","kommunnamn":"JÖNKÖPING","trakt":"SKOGSSTJÄRNAN","blockenhet":"5","omrnr":1,"fastighet":"SKOGSSTJÄRNAN 5\u003e1","omrtyp":" ","omrinf":" ","adat":1100217600000}},{"type":"Feature","id":429,"geometry":{"type":"Point","coordinates":[14.270226762464397,57.767341833802845]},"properties":{"FID":429,"objekt_id":"909a6a4f-b93e-90ec-e040-ed8f66444c3f","externid":"0680\u003eSÖTVEDELN\u003e34\u003e1\u003e\u003e\u003e\u003e1","detaljtyp":"FASTID","kommunkod":"0680","kommunnamn":"JÖNKÖPING","trakt":"SÖTVEDELN","blockenhet":"34","omrnr":1,"fastighet":"SÖTVEDELN 34\u003e1","omrtyp":" ","omrinf":" ","adat":1107734400000}},{"type":"Feature","id":430,"geometry":{"type":"Point","coordinates":[14.268966470042269,57.767340023576608]},"properties":{"FID":430,"objekt_id":"909a6a4f-b936-90ec-e040-ed8f66444c3f","externid":"0680\u003eSÖTVEDELN\u003e26\u003e1\u003e\u003e\u003e\u003e1","detaljtyp":"FASTID","kommunkod":"0680","kommunnamn":"JÖNKÖPING","trakt":"SÖTVEDELN","blockenhet":"26","omrnr":1,"fastighet":"SÖTVEDELN 26\u003e1","omrtyp":" ","omrinf":" ","adat":1100217600000}},{"type":"Feature","id":431,"geometry":{"type":"Point","coordinates":[14.269020127562312,57.767501419823034]},"properties":{"FID":431,"objekt_id":"909a6a4f-b935-90ec-e040-ed8f66444c3f","externid":"0680\u003eSÖTVEDELN\u003e25\u003e1\u003e\u003e\u003e\u003e1","detaljtyp":"FASTID","kommunkod":"0680","kommunnamn":"JÖNKÖPING","trakt":"SÖTVEDELN","blockenhet":"25","omrnr":1,"fastighet":"SÖTVEDELN 25\u003e1","omrtyp":" ","omrinf":" ","adat":1100217600000}},{"type":"Feature","id":432,"geometry":{"type":"Point","coordinates":[14.269627387226118,57.767605769370903]},"properties":{"FID":432,"objekt_id":"909a6a4f-b943-90ec-e040-ed8f66444c3f","externid":"0680\u003eSÖTVEDELN\u003e39\u003e1\u003e\u003e\u003e\u003e1","detaljtyp":"FASTID","kommunkod":"0680","kommunnamn":"JÖNKÖPING","trakt":"SÖTVEDELN","blockenhet":"39","omrnr":1,"fastighet":"SÖTVEDELN 39\u003e1","omrtyp":" ","omrinf":" ","adat":1107734400000}},{"type":"Feature","id":433,"geometry":{"type":"Point","coordinates":[14.268949522976079,57.768174068389925]},"properties":{"FID":433,"objekt_id":"909a6a4f-aef2-90ec-e040-ed8f66444c3f","externid":"0680\u003eSNÅRVINDAN\u003e11\u003e1\u003e\u003e\u003e\u003e1","detaljtyp":"FASTID","kommunkod":"0680","kommunnamn":"JÖNKÖPING","trakt":"SNÅRVINDAN","blockenhet":"11","omrnr":1,"fastighet":"SNÅRVINDAN 11\u003e1","omrtyp":" ","omrinf":" ","adat":1100217600000}},{"type":"Feature","id":434,"geometry":{"type":"Point","coordinates":[14.269892700971619,57.768322904708626]},"properties":{"FID":434,"objekt_id":"909a6a4f-aef4-90ec-e040-ed8f66444c3f","externid":"0680\u003eSNÅRVINDAN\u003e13\u003e1\u003e\u003e\u003e\u003e1","detaljtyp":"FASTID","kommunkod":"0680","kommunnamn":"JÖNKÖPING","trakt":"SNÅRVINDAN","blockenhet":"13","omrnr":1,"fastighet":"SNÅRVINDAN 13\u003e1","omrtyp":" ","omrinf":" ","adat":1100217600000}},{"type":"Feature","id":435,"geometry":{"type":"Point","coordinates":[14.269123082635492,57.768479708596587]},"properties":{"FID":435,"objekt_id":"909a6a4f-aeec-90ec-e040-ed8f66444c3f","externid":"0680\u003eSNÅRVINDAN\u003e5\u003e1\u003e\u003e\u003e\u003e1","detaljtyp":"FASTID","kommunkod":"0680","kommunnamn":"JÖNKÖPING","trakt":"SNÅRVINDAN","blockenhet":"5","omrnr":1,"fastighet":"SNÅRVINDAN 5\u003e1","omrtyp":" ","omrinf":" ","adat":1100217600000}},{"type":"Feature","id":436,"geometry":{"type":"Point","coordinates":[14.268794298992765,57.768821454437514]},"properties":{"FID":436,"objekt_id":"909a6a4f-abb5-90ec-e040-ed8f66444c3f","externid":"0680\u003eSKOGSVIOLEN\u003e13\u003e1\u003e\u003e\u003e\u003e1","detaljtyp":"FASTID","kommunkod":"0680","kommunnamn":"JÖNKÖPING","trakt":"SKOGSVIOLEN","blockenhet":"13","omrnr":1,"fastighet":"SKOGSVIOLEN 13\u003e1","omrtyp":" ","omrinf":" ","adat":1100217600000}},{"type":"Feature","id":437,"geometry":{"type":"Point","coordinates":[14.269182625159226,57.768937513841017]},"properties":{"FID":437,"objekt_id":"909a6a4f-abaf-90ec-e040-ed8f66444c3f","externid":"0680\u003eSKOGSVIOLEN\u003e7\u003e1\u003e\u003e\u003e\u003e1","detaljtyp":"FASTID","kommunkod":"0680","kommunnamn":"JÖNKÖPING","trakt":"SKOGSVIOLEN","blockenhet":"7","omrnr":1,"fastighet":"SKOGSVIOLEN 7\u003e1","omrtyp":" ","omrinf":" ","adat":1100217600000}},{"type":"Feature","id":438,"geometry":{"type":"Point","coordinates":[14.268781943085093,57.769072746024747]},"properties":{"FID":438,"objekt_id":"909a6a4f-abae-90ec-e040-ed8f66444c3f","externid":"0680\u003eSKOGSVIOLEN\u003e6\u003e1\u003e\u003e\u003e\u003e1","detaljtyp":"FASTID","kommunkod":"0680","kommunnamn":"JÖNKÖPING","trakt":"SKOGSVIOLEN","blockenhet":"6","omrnr":1,"fastighet":"SKOGSVIOLEN 6\u003e1","omrtyp":" ","omrinf":" ","adat":1100217600000}},{"type":"Feature","id":439,"geometry":{"type":"Point","coordinates":[14.268893547863691,57.769452163271502]},"properties":{"FID":439,"objekt_id":"909a6a51-7d89-90ec-e040-ed8f66444c3f","externid":"0680\u003eSTENSÖTAN\u003e28\u003e1\u003e\u003e\u003e\u003e1","detaljtyp":"FASTID","kommunkod":"0680","kommunnamn":"JÖNKÖPING","trakt":"STENSÖTAN","blockenhet":"28","omrnr":1,"fastighet":"STENSÖTAN 28\u003e1","omrtyp":" ","omrinf":" ","adat":1140480000000}},{"type":"Feature","id":440,"geometry":{"type":"Point","coordinates":[14.268709552938915,57.769471483584333]},"properties":{"FID":440,"objekt_id":"909a6a51-7d8a-90ec-e040-ed8f66444c3f","externid":"0680\u003eSTENSÖTAN\u003e29\u003e1\u003e\u003e\u003e\u003e1","detaljtyp":"FASTID","kommunkod":"0680","kommunnamn":"JÖNKÖPING","trakt":"STENSÖTAN","blockenhet":"29","omrnr":1,"fastighet":"STENSÖTAN 29\u003e1","omrtyp":" ","omrinf":" ","adat":1140480000000}},{"type":"Feature","id":441,"geometry":{"type":"Point","coordinates":[14.267317070555864,57.767241876252022]},"properties":{"FID":441,"objekt_id":"909a6a4f-b82d-90ec-e040-ed8f66444c3f","externid":"0680\u003eSÄVEN\u003e20\u003e2","detaljtyp":"FASTID","kommunkod":"0680","kommunnamn":"JÖNKÖPING","trakt":"SÄVEN","blockenhet":"20","omrnr":2,"fastighet":"SÄVEN 20\u003e2","omrtyp":" ","omrinf":" ","adat":1100217600000}},{"type":"Feature","id":442,"geometry":{"type":"Point","coordinates":[14.2666145244422,57.767362654686984]},"properties":{"FID":442,"objekt_id":"909a6a4f-b82d-90ec-e040-ed8f66444c3f","externid":"0680\u003eSÄVEN\u003e20\u003e1","detaljtyp":"FASTID","kommunkod":"0680","kommunnamn":"JÖNKÖPING","trakt":"SÄVEN","blockenhet":"20","omrnr":1,"fastighet":"SÄVEN 20\u003e1","omrtyp":" ","omrinf":" ","adat":1100217600000}},{"type":"Feature","id":443,"geometry":{"type":"Point","coordinates":[14.268580015566672,57.767378440756964]},"properties":{"FID":443,"objekt_id":"909a6a4f-b933-90ec-e040-ed8f66444c3f","externid":"0680\u003eSÖTVEDELN\u003e23\u003e1\u003e\u003e\u003e\u003e1","detaljtyp":"FASTID","kommunkod":"0680","kommunnamn":"JÖNKÖPING","trakt":"SÖTVEDELN","blockenhet":"23","omrnr":1,"fastighet":"SÖTVEDELN 23\u003e1","omrtyp":" ","omrinf":" ","adat":1100217600000}},{"type":"Feature","id":444,"geometry":{"type":"Point","coordinates":[14.267136353973827,57.767421078363448]},"properties":{"FID":444,"objekt_id":"909a6a4f-b81e-90ec-e040-ed8f66444c3f","externid":"0680\u003eSÄVEN\u003e5\u003e1\u003e\u003e\u003e\u003e1","detaljtyp":"FASTID","kommunkod":"0680","kommunnamn":"JÖNKÖPING","trakt":"SÄVEN","blockenhet":"5","omrnr":1,"fastighet":"SÄVEN 5\u003e1","omrtyp":" ","omrinf":" ","adat":1100217600000}},{"type":"Feature","id":445,"geometry":{"type":"Point","coordinates":[14.26703619527321,57.767484518914628]},"properties":{"FID":445,"objekt_id":"909a6a4f-b81d-90ec-e040-ed8f66444c3f","externid":"0680\u003eSÄVEN\u003e4\u003e1\u003e\u003e\u003e\u003e1","detaljtyp":"FASTID","kommunkod":"0680","kommunnamn":"JÖNKÖPING","trakt":"SÄVEN","blockenhet":"4","omrnr":1,"fastighet":"SÄVEN 4\u003e1","omrtyp":" ","omrinf":" ","adat":1100217600000}},{"type":"Feature","id":446,"geometry":{"type":"Point","coordinates":[14.26809568495549,57.767505462887385]},"properties":{"FID":446,"objekt_id":"909a6a4f-b91e-90ec-e040-ed8f66444c3f","externid":"0680\u003eSÖTVEDELN\u003e2\u003e1\u003e\u003e\u003e\u003e1","detaljtyp":"FASTID","kommunkod":"0680","kommunnamn":"JÖNKÖPING","trakt":"SÖTVEDELN","blockenhet":"2","omrnr":1,"fastighet":"SÖTVEDELN 2\u003e1","omrtyp":" ","omrinf":" ","adat":1100217600000}},{"type":"Feature","id":447,"geometry":{"type":"Point","coordinates":[14.267977956966,57.767507630522097]},"properties":{"FID":447,"objekt_id":"909a6a4f-b91f-90ec-e040-ed8f66444c3f","externid":"0680\u003eSÖTVEDELN\u003e3\u003e1\u003e\u003e\u003e\u003e1","detaljtyp":"FASTID","kommunkod":"0680","kommunnamn":"JÖNKÖPING","trakt":"SÖTVEDELN","blockenhet":"3","omrnr":1,"fastighet":"SÖTVEDELN 3\u003e1","omrtyp":" ","omrinf":" ","adat":1100217600000}},{"type":"Feature","id":448,"geometry":{"type":"Point","coordinates":[14.268246588832971,57.767513583240849]},"properties":{"FID":448,"objekt_id":"909a6a4f-b91d-90ec-e040-ed8f66444c3f","externid":"0680\u003eSÖTVEDELN\u003e1\u003e1\u003e\u003e\u003e\u003e1","detaljtyp":"FASTID","kommunkod":"0680","kommunnamn":"JÖNKÖPING","trakt":"SÖTVEDELN","blockenhet":"1","omrnr":1,"fastighet":"SÖTVEDELN 1\u003e1","omrtyp":" ","omrinf":" ","adat":1100217600000}},{"type":"Feature","id":449,"geometry":{"type":"Point","coordinates":[14.266972169077832,57.767646286421481]},"properties":{"FID":449,"objekt_id":"909a6a4f-b81b-90ec-e040-ed8f66444c3f","externid":"0680\u003eSÄVEN\u003e2\u003e1\u003e\u003e\u003e\u003e1","detaljtyp":"FASTID","kommunkod":"0680","kommunnamn":"JÖNKÖPING","trakt":"SÄVEN","blockenhet":"2","omrnr":1,"fastighet":"SÄVEN 2\u003e1","omrtyp":" ","omrinf":" ","adat":1100217600000}},{"type":"Feature","id":450,"geometry":{"type":"Point","coordinates":[14.266845505527948,57.768016521450946]},"properties":{"FID":450,"objekt_id":"909a6a4f-b7be-90ec-e040-ed8f66444c3f","externid":"0680\u003eSYSKAN\u003e40\u003e1\u003e\u003e\u003e\u003e1","detaljtyp":"FASTID","kommunkod":"0680","kommunnamn":"JÖNKÖPING","trakt":"SYSKAN","blockenhet":"40","omrnr":1,"fastighet":"SYSKAN 40\u003e1","omrtyp":" ","omrinf":" ","adat":1100217600000}},{"type":"Feature","id":451,"geometry":{"type":"Point","coordinates":[14.26615723026287,57.768038686988383]},"properties":{"FID":451,"objekt_id":"909a6a4f-b7c2-90ec-e040-ed8f66444c3f","externid":"0680\u003eSYSKAN\u003e44\u003e1\u003e\u003e\u003e\u003e1","detaljtyp":"FASTID","kommunkod":"0680","kommunnamn":"JÖNKÖPING","trakt":"SYSKAN","blockenhet":"44","omrnr":1,"fastighet":"SYSKAN 44\u003e1","omrtyp":" ","omrinf":" ","adat":1100217600000}},{"type":"Feature","id":452,"geometry":{"type":"Point","coordinates":[14.266713541909255,57.768116391266979]},"properties":{"FID":452,"objekt_id":"909a6a4f-b7bd-90ec-e040-ed8f66444c3f","externid":"0680\u003eSYSKAN\u003e39\u003e1\u003e\u003e\u003e\u003e1","detaljtyp":"FASTID","kommunkod":"0680","kommunnamn":"JÖNKÖPING","trakt":"SYSKAN","blockenhet":"39","omrnr":1,"fastighet":"SYSKAN 39\u003e1","omrtyp":" ","omrinf":" ","adat":1100217600000}},{"type":"Feature","id":453,"geometry":{"type":"Point","coordinates":[14.266058067934896,57.768118310388559]},"properties":{"FID":453,"objekt_id":"909a6a4f-b7c1-90ec-e040-ed8f66444c3f","externid":"0680\u003eSYSKAN\u003e43\u003e1\u003e\u003e\u003e\u003e1","detaljtyp":"FASTID","kommunkod":"0680","kommunnamn":"JÖNKÖPING","trakt":"SYSKAN","blockenhet":"43","omrnr":1,"fastighet":"SYSKAN 43\u003e1","omrtyp":" ","omrinf":" ","adat":1100217600000}},{"type":"Feature","id":454,"geometry":{"type":"Point","coordinates":[14.268512972071933,57.768204695883348]},"properties":{"FID":454,"objekt_id":"909a6a4f-aef1-90ec-e040-ed8f66444c3f","externid":"0680\u003eSNÅRVINDAN\u003e10\u003e1\u003e\u003e\u003e\u003e1","detaljtyp":"FASTID","kommunkod":"0680","kommunnamn":"JÖNKÖPING","trakt":"SNÅRVINDAN","blockenhet":"10","omrnr":1,"fastighet":"SNÅRVINDAN 10\u003e1","omrtyp":" ","omrinf":" ","adat":1100217600000}},{"type":"Feature","id":455,"geometry":{"type":"Point","coordinates":[14.266681699771665,57.768232748618658]},"properties":{"FID":455,"objekt_id":"909a6a4f-b7bc-90ec-e040-ed8f66444c3f","externid":"0680\u003eSYSKAN\u003e38\u003e1\u003e\u003e\u003e\u003e1","detaljtyp":"FASTID","kommunkod":"0680","kommunnamn":"JÖNKÖPING","trakt":"SYSKAN","blockenhet":"38","omrnr":1,"fastighet":"SYSKAN 38\u003e1","omrtyp":" ","omrinf":" ","adat":1100217600000}},{"type":"Feature","id":456,"geometry":{"type":"Point","coordinates":[14.266566080915002,57.768304084975021]},"properties":{"FID":456,"objekt_id":"909a6a4f-b7bb-90ec-e040-ed8f66444c3f","externid":"0680\u003eSYSKAN\u003e37\u003e1\u003e\u003e\u003e\u003e1","detaljtyp":"FASTID","kommunkod":"0680","kommunnamn":"JÖNKÖPING","trakt":"SYSKAN","blockenhet":"37","omrnr":1,"fastighet":"SYSKAN 37\u003e1","omrtyp":" ","omrinf":" ","adat":1100217600000}},{"type":"Feature","id":457,"geometry":{"type":"Point","coordinates":[14.269313248093082,57.766178610640999]},"properties":{"FID":457,"objekt_id":"909a6a4f-b903-90ec-e040-ed8f66444c3f","externid":"0680\u003eSÖTBLOMSTRET\u003e15\u003e1\u003e\u003e\u003e\u003e1","detaljtyp":"FASTID","kommunkod":"0680","kommunnamn":"JÖNKÖPING","trakt":"SÖTBLOMSTRET","blockenhet":"15","omrnr":1,"fastighet":"SÖTBLOMSTRET 15\u003e1","omrtyp":" ","omrinf":" ","adat":1100217600000}},{"type":"Feature","id":458,"geometry":{"type":"Point","coordinates":[14.268910001502201,57.766216824188845]},"properties":{"FID":458,"objekt_id":"909a6a4f-b906-90ec-e040-ed8f66444c3f","externid":"0680\u003eSÖTBLOMSTRET\u003e18\u003e1\u003e\u003e\u003e\u003e1","detaljtyp":"FASTID","kommunkod":"0680","kommunnamn":"JÖNKÖPING","trakt":"SÖTBLOMSTRET","blockenhet":"18","omrnr":1,"fastighet":"SÖTBLOMSTRET 18\u003e1","omrtyp":" ","omrinf":" ","adat":1100217600000}},{"type":"Feature","id":459,"geometry":{"type":"Point","coordinates":[14.269232376585057,57.766341961929236]},"properties":{"FID":459,"objekt_id":"909a6a4f-b902-90ec-e040-ed8f66444c3f","externid":"0680\u003eSÖTBLOMSTRET\u003e14\u003e1\u003e\u003e\u003e\u003e1","detaljtyp":"FASTID","kommunkod":"0680","kommunnamn":"JÖNKÖPING","trakt":"SÖTBLOMSTRET","blockenhet":"14","omrnr":1,"fastighet":"SÖTBLOMSTRET 14\u003e1","omrtyp":" ","omrinf":" ","adat":1100217600000}},{"type":"Feature","id":460,"geometry":{"type":"Point","coordinates":[14.271116117018749,57.766421373966658]},"properties":{"FID":460,"objekt_id":"909a6a4f-b009-90ec-e040-ed8f66444c3f","externid":"0680\u003eSPRINGKORNET\u003e2\u003e1\u003e\u003e\u003e\u003e1","detaljtyp":"FASTID","kommunkod":"0680","kommunnamn":"JÖNKÖPING","trakt":"SPRINGKORNET","blockenhet":"2","omrnr":1,"fastighet":"SPRINGKORNET 2\u003e1","omrtyp":" ","omrinf":" ","adat":1100217600000}},{"type":"Feature","id":461,"geometry":{"type":"Point","coordinates":[14.270494382301846,57.766460536643137]},"properties":{"FID":461,"objekt_id":"909a6a4f-b8f5-90ec-e040-ed8f66444c3f","externid":"0680\u003eSÖTBLOMSTRET\u003e1\u003e1\u003e\u003e\u003e\u003e1","detaljtyp":"FASTID","kommunkod":"0680","kommunnamn":"JÖNKÖPING","trakt":"SÖTBLOMSTRET","blockenhet":"1","omrnr":1,"fastighet":"SÖTBLOMSTRET 1\u003e1","omrtyp":" ","omrinf":" ","adat":1100217600000}},{"type":"Feature","id":462,"geometry":{"type":"Point","coordinates":[14.268782448426274,57.766569090614702]},"properties":{"FID":462,"objekt_id":"909a6a4f-b909-90ec-e040-ed8f66444c3f","externid":"0680\u003eSÖTBLOMSTRET\u003e21\u003e1\u003e\u003e\u003e\u003e1","detaljtyp":"FASTID","kommunkod":"0680","kommunnamn":"JÖNKÖPING","trakt":"SÖTBLOMSTRET","blockenhet":"21","omrnr":1,"fastighet":"SÖTBLOMSTRET 21\u003e1","omrtyp":" ","omrinf":" ","adat":1107734400000}},{"type":"Feature","id":463,"geometry":{"type":"Point","coordinates":[14.268682512878259,57.766587638197755]},"properties":{"FID":463,"objekt_id":"909a6a4f-b90a-90ec-e040-ed8f66444c3f","externid":"0680\u003eSÖTBLOMSTRET\u003e22\u003e1\u003e\u003e\u003e\u003e1","detaljtyp":"FASTID","kommunkod":"0680","kommunnamn":"JÖNKÖPING","trakt":"SÖTBLOMSTRET","blockenhet":"22","omrnr":1,"fastighet":"SÖTBLOMSTRET 22\u003e1","omrtyp":" ","omrinf":" ","adat":1107734400000}},{"type":"Feature","id":464,"geometry":{"type":"Point","coordinates":[14.270247092884144,57.766704493517118]},"properties":{"FID":464,"objekt_id":"909a6a4f-b8fc-90ec-e040-ed8f66444c3f","externid":"0680\u003eSÖTBLOMSTRET\u003e8\u003e1\u003e\u003e\u003e\u003e1","detaljtyp":"FASTID","kommunkod":"0680","kommunnamn":"JÖNKÖPING","trakt":"SÖTBLOMSTRET","blockenhet":"8","omrnr":1,"fastighet":"SÖTBLOMSTRET 8\u003e1","omrtyp":" ","omrinf":" ","adat":1100217600000}},{"type":"Feature","id":465,"geometry":{"type":"Point","coordinates":[14.269841260209951,57.775075339836221]},"properties":{"FID":465,"objekt_id":"909a6a4f-aeb4-90ec-e040-ed8f66444c3f","externid":"0680\u003eSMULTRONSTÄLLET\u003e1\u003e1\u003e\u003e\u003e\u003e1","detaljtyp":"FASTID","kommunkod":"0680","kommunnamn":"JÖNKÖPING","trakt":"SMULTRONSTÄLLET","blockenhet":"1","omrnr":1,"fastighet":"SMULTRONSTÄLLET 1\u003e1","omrtyp":" ","omrinf":" ","adat":1109894400000}},{"type":"Feature","id":466,"geometry":{"type":"Point","coordinates":[14.264469801096514,57.780545456382612]},"properties":{"FID":466,"objekt_id":"909a6a4f-aea5-90ec-e040-ed8f66444c3f","externid":"0680\u003eSMULTRONBLOMMAN\u003e4\u003e1\u003e\u003e\u003e\u003e1","detaljtyp":"FASTID","kommunkod":"0680","kommunnamn":"JÖNKÖPING","trakt":"SMULTRONBLOMMAN","blockenhet":"4","omrnr":1,"fastighet":"SMULTRONBLOMMAN 4\u003e1","omrtyp":" ","omrinf":" ","adat":1100217600000}},{"type":"Feature","id":467,"geometry":{"type":"Point","coordinates":[14.26396535667134,57.78054830451152]},"properties":{"FID":467,"objekt_id":"909a6a4f-aea4-90ec-e040-ed8f66444c3f","externid":"0680\u003eSMULTRONBLOMMAN\u003e3\u003e1\u003e\u003e\u003e\u003e1","detaljtyp":"FASTID","kommunkod":"0680","kommunnamn":"JÖNKÖPING","trakt":"SMULTRONBLOMMAN","blockenhet":"3","omrnr":1,"fastighet":"SMULTRONBLOMMAN 3\u003e1","omrtyp":" ","omrinf":" ","adat":1100217600000}},{"type":"Feature","id":468,"geometry":{"type":"Point","coordinates":[14.264373969655573,57.780861288521706]},"properties":{"FID":468,"objekt_id":"909a6a4f-aeaf-90ec-e040-ed8f66444c3f","externid":"0680\u003eSMULTRONET\u003e5\u003e1\u003e\u003e\u003e\u003e1","detaljtyp":"FASTID","kommunkod":"0680","kommunnamn":"JÖNKÖPING","trakt":"SMULTRONET","blockenhet":"5","omrnr":1,"fastighet":"SMULTRONET 5\u003e1","omrtyp":" ","omrinf":" ","adat":1100217600000}},{"type":"Feature","id":469,"geometry":{"type":"Point","coordinates":[14.263164731788331,57.780913030741459]},"properties":{"FID":469,"objekt_id":"909a6a4f-aeac-90ec-e040-ed8f66444c3f","externid":"0680\u003eSMULTRONET\u003e2\u003e1\u003e\u003e\u003e\u003e1","detaljtyp":"FASTID","kommunkod":"0680","kommunnamn":"JÖNKÖPING","trakt":"SMULTRONET","blockenhet":"2","omrnr":1,"fastighet":"SMULTRONET 2\u003e1","omrtyp":" ","omrinf":" ","adat":1100217600000}},{"type":"Feature","id":470,"geometry":{"type":"Point","coordinates":[14.263552828188146,57.780918654332268]},"properties":{"FID":470,"objekt_id":"909a6a4f-aead-90ec-e040-ed8f66444c3f","externid":"0680\u003eSMULTRONET\u003e3\u003e1\u003e\u003e\u003e\u003e1","detaljtyp":"FASTID","kommunkod":"0680","kommunnamn":"JÖNKÖPING","trakt":"SMULTRONET","blockenhet":"3","omrnr":1,"fastighet":"SMULTRONET 3\u003e1","omrtyp":" ","omrinf":" ","adat":1100217600000}},{"type":"Feature","id":471,"geometry":{"type":"Point","coordinates":[14.261579133407853,57.779700259441412]},"properties":{"FID":471,"objekt_id":"909a6a4f-adcf-90ec-e040-ed8f66444c3f","externid":"0680\u003eSLÖJDLÄRAREN\u003e30\u003e1\u003e\u003e\u003e\u003e1","detaljtyp":"FASTID","kommunkod":"0680","kommunnamn":"JÖNKÖPING","trakt":"SLÖJDLÄRAREN","blockenhet":"30","omrnr":1,"fastighet":"SLÖJDLÄRAREN 30\u003e1","omrtyp":" ","omrinf":" ","adat":1100217600000}},{"type":"Feature","id":472,"geometry":{"type":"Point","coordinates":[14.261807760631216,57.779385148728046]},"properties":{"FID":472,"objekt_id":"909a6a4f-ade8-90ec-e040-ed8f66444c3f","externid":"0680\u003eSLÖJDLÄRAREN\u003e55\u003e1\u003e\u003e\u003e\u003e1","detaljtyp":"FASTID","kommunkod":"0680","kommunnamn":"JÖNKÖPING","trakt":"SLÖJDLÄRAREN","blockenhet":"55","omrnr":1,"fastighet":"SLÖJDLÄRAREN 55\u003e1","omrtyp":" ","omrinf":" ","adat":1100217600000}},{"type":"Feature","id":473,"geometry":{"type":"Point","coordinates":[14.261915013641287,57.779707937399934]},"properties":{"FID":473,"objekt_id":"909a6a4f-add0-90ec-e040-ed8f66444c3f","externid":"0680\u003eSLÖJDLÄRAREN\u003e31\u003e1\u003e\u003e\u003e\u003e1","detaljtyp":"FASTID","kommunkod":"0680","kommunnamn":"JÖNKÖPING","trakt":"SLÖJDLÄRAREN","blockenhet":"31","omrnr":1,"fastighet":"SLÖJDLÄRAREN 31\u003e1","omrtyp":" ","omrinf":" ","adat":1100217600000}},{"type":"Feature","id":474,"geometry":{"type":"Point","coordinates":[14.263227368162172,57.779799361830321]},"properties":{"FID":474,"objekt_id":"909a6a4f-aeba-90ec-e040-ed8f66444c3f","externid":"0680\u003eSMULTRONTIDEN\u003e6\u003e1\u003e\u003e\u003e\u003e1","detaljtyp":"FASTID","kommunkod":"0680","kommunnamn":"JÖNKÖPING","trakt":"SMULTRONTIDEN","blockenhet":"6","omrnr":1,"fastighet":"SMULTRONTIDEN 6\u003e1","omrtyp":" ","omrinf":" ","adat":1100217600000}},{"type":"Feature","id":475,"geometry":{"type":"Point","coordinates":[14.263422437599109,57.780310011414343]},"properties":{"FID":475,"objekt_id":"909a6a4f-aea7-90ec-e040-ed8f66444c3f","externid":"0680\u003eSMULTRONBLOMMAN\u003e6\u003e1\u003e\u003e\u003e\u003e1","detaljtyp":"FASTID","kommunkod":"0680","kommunnamn":"JÖNKÖPING","trakt":"SMULTRONBLOMMAN","blockenhet":"6","omrnr":1,"fastighet":"SMULTRONBLOMMAN 6\u003e1","omrtyp":" ","omrinf":" ","adat":1100217600000}},{"type":"Feature","id":476,"geometry":{"type":"Point","coordinates":[14.263488951449641,57.779420887143722]},"properties":{"FID":476,"objekt_id":"909a6a4f-ae9b-90ec-e040-ed8f66444c3f","externid":"0680\u003eSMULTRONBLADET\u003e1\u003e1\u003e\u003e\u003e\u003e1","detaljtyp":"FASTID","kommunkod":"0680","kommunnamn":"JÖNKÖPING","trakt":"SMULTRONBLADET","blockenhet":"1","omrnr":1,"fastighet":"SMULTRONBLADET 1\u003e1","omrtyp":" ","omrinf":" ","adat":1100217600000}},{"type":"Feature","id":477,"geometry":{"type":"Point","coordinates":[14.263731434253094,57.779805506147618]},"properties":{"FID":477,"objekt_id":"909a6a4f-aebb-90ec-e040-ed8f66444c3f","externid":"0680\u003eSMULTRONTIDEN\u003e7\u003e1\u003e\u003e\u003e\u003e1","detaljtyp":"FASTID","kommunkod":"0680","kommunnamn":"JÖNKÖPING","trakt":"SMULTRONTIDEN","blockenhet":"7","omrnr":1,"fastighet":"SMULTRONTIDEN 7\u003e1","omrtyp":" ","omrinf":" ","adat":1100217600000}},{"type":"Feature","id":478,"geometry":{"type":"Point","coordinates":[14.263786894320162,57.780002836549542]},"properties":{"FID":478,"objekt_id":"909a6a4f-aeb6-90ec-e040-ed8f66444c3f","externid":"0680\u003eSMULTRONTIDEN\u003e2\u003e1\u003e\u003e\u003e\u003e1","detaljtyp":"FASTID","kommunkod":"0680","kommunnamn":"JÖNKÖPING","trakt":"SMULTRONTIDEN","blockenhet":"2","omrnr":1,"fastighet":"SMULTRONTIDEN 2\u003e1","omrtyp":" ","omrinf":" ","adat":1100217600000}},{"type":"Feature","id":479,"geometry":{"type":"Point","coordinates":[14.263843714118977,57.780325914473778]},"properties":{"FID":479,"objekt_id":"909a6a4f-aea8-90ec-e040-ed8f66444c3f","externid":"0680\u003eSMULTRONBLOMMAN\u003e7\u003e1\u003e\u003e\u003e\u003e1","detaljtyp":"FASTID","kommunkod":"0680","kommunnamn":"JÖNKÖPING","trakt":"SMULTRONBLOMMAN","blockenhet":"7","omrnr":1,"fastighet":"SMULTRONBLOMMAN 7\u003e1","omrtyp":" ","omrinf":" ","adat":1100217600000}},{"type":"Feature","id":480,"geometry":{"type":"Point","coordinates":[14.263942016450752,57.779400361155162]},"properties":{"FID":480,"objekt_id":"909a6a4f-ae9c-90ec-e040-ed8f66444c3f","externid":"0680\u003eSMULTRONBLADET\u003e2\u003e1\u003e\u003e\u003e\u003e1","detaljtyp":"FASTID","kommunkod":"0680","kommunnamn":"JÖNKÖPING","trakt":"SMULTRONBLADET","blockenhet":"2","omrnr":1,"fastighet":"SMULTRONBLADET 2\u003e1","omrtyp":" ","omrinf":" ","adat":1100217600000}},{"type":"Feature","id":481,"geometry":{"type":"Point","coordinates":[14.264202979800963,57.779785185350747]},"properties":{"FID":481,"objekt_id":"909a6a4f-aebc-90ec-e040-ed8f66444c3f","externid":"0680\u003eSMULTRONTIDEN\u003e8\u003e1\u003e\u003e\u003e\u003e1","detaljtyp":"FASTID","kommunkod":"0680","kommunnamn":"JÖNKÖPING","trakt":"SMULTRONTIDEN","blockenhet":"8","omrnr":1,"fastighet":"SMULTRONTIDEN 8\u003e1","omrtyp":" ","omrinf":" ","adat":1100217600000}},{"type":"Feature","id":482,"geometry":{"type":"Point","coordinates":[14.264256812961159,57.779981607827416]},"properties":{"FID":482,"objekt_id":"909a6a4f-aeb7-90ec-e040-ed8f66444c3f","externid":"0680\u003eSMULTRONTIDEN\u003e3\u003e1\u003e\u003e\u003e\u003e1","detaljtyp":"FASTID","kommunkod":"0680","kommunnamn":"JÖNKÖPING","trakt":"SMULTRONTIDEN","blockenhet":"3","omrnr":1,"fastighet":"SMULTRONTIDEN 3\u003e1","omrtyp":" ","omrinf":" ","adat":1100217600000}},{"type":"Feature","id":483,"geometry":{"type":"Point","coordinates":[14.264279995866787,57.780305173007228]},"properties":{"FID":483,"objekt_id":"909a6a4f-aea9-90ec-e040-ed8f66444c3f","externid":"0680\u003eSMULTRONBLOMMAN\u003e8\u003e1\u003e\u003e\u003e\u003e1","detaljtyp":"FASTID","kommunkod":"0680","kommunnamn":"JÖNKÖPING","trakt":"SMULTRONBLOMMAN","blockenhet":"8","omrnr":1,"fastighet":"SMULTRONBLOMMAN 8\u003e1","omrtyp":" ","omrinf":" ","adat":1100217600000}},{"type":"Feature","id":484,"geometry":{"type":"Point","coordinates":[14.264622495382678,57.779763348335656]},"properties":{"FID":484,"objekt_id":"909a6a4f-aebd-90ec-e040-ed8f66444c3f","externid":"0680\u003eSMULTRONTIDEN\u003e9\u003e1\u003e\u003e\u003e\u003e1","detaljtyp":"FASTID","kommunkod":"0680","kommunnamn":"JÖNKÖPING","trakt":"SMULTRONTIDEN","blockenhet":"9","omrnr":1,"fastighet":"SMULTRONTIDEN 9\u003e1","omrtyp":" ","omrinf":" ","adat":1100217600000}},{"type":"Feature","id":485,"geometry":{"type":"Point","coordinates":[14.264660362100557,57.779979332134928]},"properties":{"FID":485,"objekt_id":"909a6a4f-aeb8-90ec-e040-ed8f66444c3f","externid":"0680\u003eSMULTRONTIDEN\u003e4\u003e1\u003e\u003e\u003e\u003e1","detaljtyp":"FASTID","kommunkod":"0680","kommunnamn":"JÖNKÖPING","trakt":"SMULTRONTIDEN","blockenhet":"4","omrnr":1,"fastighet":"SMULTRONTIDEN 4\u003e1","omrtyp":" ","omrinf":" ","adat":1100217600000}},{"type":"Feature","id":486,"geometry":{"type":"Point","coordinates":[14.264698667370729,57.779396092831789]},"properties":{"FID":486,"objekt_id":"909a6a4f-ae9e-90ec-e040-ed8f66444c3f","externid":"0680\u003eSMULTRONBLADET\u003e4\u003e1\u003e\u003e\u003e\u003e1","detaljtyp":"FASTID","kommunkod":"0680","kommunnamn":"JÖNKÖPING","trakt":"SMULTRONBLADET","blockenhet":"4","omrnr":1,"fastighet":"SMULTRONBLADET 4\u003e1","omrtyp":" ","omrinf":" ","adat":1100217600000}},{"type":"Feature","id":487,"geometry":{"type":"Point","coordinates":[14.265184894716523,57.779347225733019]},"properties":{"FID":487,"objekt_id":"909a6a4f-ae9f-90ec-e040-ed8f66444c3f","externid":"0680\u003eSMULTRONBLADET\u003e5\u003e1\u003e\u003e\u003e\u003e1","detaljtyp":"FASTID","kommunkod":"0680","kommunnamn":"JÖNKÖPING","trakt":"SMULTRONBLADET","blockenhet":"5","omrnr":1,"fastighet":"SMULTRONBLADET 5\u003e1","omrtyp":" ","omrinf":" ","adat":1100217600000}},{"type":"Feature","id":488,"geometry":{"type":"Point","coordinates":[14.265382506161096,57.77995668755338]},"properties":{"FID":488,"objekt_id":"909a6a4f-aeb9-90ec-e040-ed8f66444c3f","externid":"0680\u003eSMULTRONTIDEN\u003e5\u003e1\u003e\u003e\u003e\u003e1","detaljtyp":"FASTID","kommunkod":"0680","kommunnamn":"JÖNKÖPING","trakt":"SMULTRONTIDEN","blockenhet":"5","omrnr":1,"fastighet":"SMULTRONTIDEN 5\u003e1","omrtyp":" ","omrinf":" ","adat":1100217600000}},{"type":"Feature","id":489,"geometry":{"type":"Point","coordinates":[14.265639255119368,57.779335683880703]},"properties":{"FID":489,"objekt_id":"909a6a4f-aea0-90ec-e040-ed8f66444c3f","externid":"0680\u003eSMULTRONBLADET\u003e6\u003e1\u003e\u003e\u003e\u003e1","detaljtyp":"FASTID","kommunkod":"0680","kommunnamn":"JÖNKÖPING","trakt":"SMULTRONBLADET","blockenhet":"6","omrnr":1,"fastighet":"SMULTRONBLADET 6\u003e1","omrtyp":" ","omrinf":" ","adat":1100217600000}},{"type":"Feature","id":490,"geometry":{"type":"Point","coordinates":[14.265697130683105,57.779713552475478]},"properties":{"FID":490,"objekt_id":"909a6a4f-aebf-90ec-e040-ed8f66444c3f","externid":"0680\u003eSMULTRONTIDEN\u003e11\u003e1\u003e\u003e\u003e\u003e1","detaljtyp":"FASTID","kommunkod":"0680","kommunnamn":"JÖNKÖPING","trakt":"SMULTRONTIDEN","blockenhet":"11","omrnr":1,"fastighet":"SMULTRONTIDEN 11\u003e1","omrtyp":" ","omrinf":" ","adat":1100217600000}},{"type":"Feature","id":491,"geometry":{"type":"Point","coordinates":[14.26073209080179,57.770725057570274]},"properties":{"FID":491,"objekt_id":"909a6a4f-af75-90ec-e040-ed8f66444c3f","externid":"0680\u003eSOLVÄNDAN\u003e6\u003e1\u003e\u003e\u003e\u003e1","detaljtyp":"FASTID","kommunkod":"0680","kommunnamn":"JÖNKÖPING","trakt":"SOLVÄNDAN","blockenhet":"6","omrnr":1,"fastighet":"SOLVÄNDAN 6\u003e1","omrtyp":" ","omrinf":" ","adat":1100217600000}},{"type":"Feature","id":492,"geometry":{"type":"Point","coordinates":[14.260772534418459,57.771076669848654]},"properties":{"FID":492,"objekt_id":"909a6a4f-af05-90ec-e040-ed8f66444c3f","externid":"0680\u003eSNÖDROPPEN\u003e6\u003e1\u003e\u003e\u003e\u003e1","detaljtyp":"FASTID","kommunkod":"0680","kommunnamn":"JÖNKÖPING","trakt":"SNÖDROPPEN","blockenhet":"6","omrnr":1,"fastighet":"SNÖDROPPEN 6\u003e1","omrtyp":" ","omrinf":" ","adat":1100217600000}},{"type":"Feature","id":493,"geometry":{"type":"Point","coordinates":[14.261257012094559,57.770121704674409]},"properties":{"FID":493,"objekt_id":"909a6a4f-ab98-90ec-e040-ed8f66444c3f","externid":"0680\u003eSKOGSLINDEN\u003e4\u003e1\u003e\u003e\u003e\u003e1","detaljtyp":"FASTID","kommunkod":"0680","kommunnamn":"JÖNKÖPING","trakt":"SKOGSLINDEN","blockenhet":"4","omrnr":1,"fastighet":"SKOGSLINDEN 4\u003e1","omrtyp":" ","omrinf":" ","adat":1100217600000}},{"type":"Feature","id":494,"geometry":{"type":"Point","coordinates":[14.261368159225736,57.76976206514194]},"properties":{"FID":494,"objekt_id":"909a6a4f-ab9e-90ec-e040-ed8f66444c3f","externid":"0680\u003eSKOGSNÄVAN\u003e3\u003e1\u003e\u003e\u003e\u003e1","detaljtyp":"FASTID","kommunkod":"0680","kommunnamn":"JÖNKÖPING","trakt":"SKOGSNÄVAN","blockenhet":"3","omrnr":1,"fastighet":"SKOGSNÄVAN 3\u003e1","omrtyp":" ","omrinf":" ","adat":1100217600000}},{"type":"Feature","id":495,"geometry":{"type":"Point","coordinates":[14.261410203779196,57.77109971790302]},"properties":{"FID":495,"objekt_id":"909a6a4f-aa00-90ec-e040-ed8f66444c3f","externid":"0680\u003eSILESHÅRET\u003e1\u003e1\u003e\u003e\u003e\u003e1","detaljtyp":"FASTID","kommunkod":"0680","kommunnamn":"JÖNKÖPING","trakt":"SILESHÅRET","blockenhet":"1","omrnr":1,"fastighet":"SILESHÅRET 1\u003e1","omrtyp":" ","omrinf":" ","adat":1100217600000}},{"type":"Feature","id":496,"geometry":{"type":"Point","coordinates":[14.261749852033397,57.770387239344856]},"properties":{"FID":496,"objekt_id":"909a6a4f-ab96-90ec-e040-ed8f66444c3f","externid":"0680\u003eSKOGSLINDEN\u003e2\u003e1\u003e\u003e\u003e\u003e1","detaljtyp":"FASTID","kommunkod":"0680","kommunnamn":"JÖNKÖPING","trakt":"SKOGSLINDEN","blockenhet":"2","omrnr":1,"fastighet":"SKOGSLINDEN 2\u003e1","omrtyp":" ","omrinf":" ","adat":1100217600000}},{"type":"Feature","id":497,"geometry":{"type":"Point","coordinates":[14.262628524327695,57.771497118495788]},"properties":{"FID":497,"objekt_id":"909a6a4f-aecd-90ec-e040-ed8f66444c3f","externid":"0680\u003eSMÖRBOLLEN\u003e8\u003e1\u003e\u003e\u003e\u003e1","detaljtyp":"FASTID","kommunkod":"0680","kommunnamn":"JÖNKÖPING","trakt":"SMÖRBOLLEN","blockenhet":"8","omrnr":1,"fastighet":"SMÖRBOLLEN 8\u003e1","omrtyp":" ","omrinf":" ","adat":1100217600000}},{"type":"Feature","id":498,"geometry":{"type":"Point","coordinates":[14.264278743276844,57.769924126429594]},"properties":{"FID":498,"objekt_id":"909a6a4f-b79e-90ec-e040-ed8f66444c3f","externid":"0680\u003eSYSKAN\u003e8\u003e1\u003e\u003e\u003e\u003e1","detaljtyp":"FASTID","kommunkod":"0680","kommunnamn":"JÖNKÖPING","trakt":"SYSKAN","blockenhet":"8","omrnr":1,"fastighet":"SYSKAN 8\u003e1","omrtyp":" ","omrinf":" ","adat":1100217600000}},{"type":"Feature","id":499,"geometry":{"type":"Point","coordinates":[14.264718561619658,57.77009381070215]},"properties":{"FID":499,"objekt_id":"909a6a4f-b797-90ec-e040-ed8f66444c3f","externid":"0680\u003eSYSKAN\u003e1\u003e1\u003e\u003e\u003e\u003e1","detaljtyp":"FASTID","kommunkod":"0680","kommunnamn":"JÖNKÖPING","trakt":"SYSKAN","blockenhet":"1","omrnr":1,"fastighet":"SYSKAN 1\u003e1","omrtyp":" ","omrinf":" ","adat":1100217600000}},{"type":"Feature","id":500,"geometry":{"type":"Point","coordinates":[14.264766468251443,57.769994721958795]},"properties":{"FID":500,"objekt_id":"909a6a4f-b798-90ec-e040-ed8f66444c3f","externid":"0680\u003eSYSKAN\u003e2\u003e1\u003e\u003e\u003e\u003e1","detaljtyp":"FASTID","kommunkod":"0680","kommunnamn":"JÖNKÖPING","trakt":"SYSKAN","blockenhet":"2","omrnr":1,"fastighet":"SYSKAN 2\u003e1","omrtyp":" ","omrinf":" ","adat":1100217600000}},{"type":"Feature","id":501,"geometry":{"type":"Point","coordinates":[14.264832565001727,57.769903023672654]},"properties":{"FID":501,"objekt_id":"909a6a4f-b799-90ec-e040-ed8f66444c3f","externid":"0680\u003eSYSKAN\u003e3\u003e1\u003e\u003e\u003e\u003e1","detaljtyp":"FASTID","kommunkod":"0680","kommunnamn":"JÖNKÖPING","trakt":"SYSKAN","blockenhet":"3","omrnr":1,"fastighet":"SYSKAN 3\u003e1","omrtyp":" ","omrinf":" ","adat":1100217600000}},{"type":"Feature","id":502,"geometry":{"type":"Point","coordinates":[14.264931402485963,57.769831492756921]},"properties":{"FID":502,"objekt_id":"909a6a4f-b79a-90ec-e040-ed8f66444c3f","externid":"0680\u003eSYSKAN\u003e4\u003e1\u003e\u003e\u003e\u003e1","detaljtyp":"FASTID","kommunkod":"0680","kommunnamn":"JÖNKÖPING","trakt":"SYSKAN","blockenhet":"4","omrnr":1,"fastighet":"SYSKAN 4\u003e1","omrtyp":" ","omrinf":" ","adat":1100217600000}},{"type":"Feature","id":503,"geometry":{"type":"Point","coordinates":[14.265313956685494,57.770280662955031]},"properties":{"FID":503,"objekt_id":"909a6a51-7e05-90ec-e040-ed8f66444c3f","externid":"0680\u003eSTENSÖTAN\u003e19\u003e1\u003e\u003e\u003e\u003e1","detaljtyp":"FASTID","kommunkod":"0680","kommunnamn":"JÖNKÖPING","trakt":"STENSÖTAN","blockenhet":"19","omrnr":1,"fastighet":"STENSÖTAN 19\u003e1","omrtyp":" ","omrinf":" ","adat":1140480000000}},{"type":"Feature","id":504,"geometry":{"type":"Point","coordinates":[14.265627331691721,57.77085380560095]},"properties":{"FID":504,"objekt_id":"909a6a51-7dd9-90ec-e040-ed8f66444c3f","externid":"0680\u003eSPARVNÄVAN\u003e10\u003e1\u003e\u003e\u003e\u003e1","detaljtyp":"FASTID","kommunkod":"0680","kommunnamn":"JÖNKÖPING","trakt":"SPARVNÄVAN","blockenhet":"10","omrnr":1,"fastighet":"SPARVNÄVAN 10\u003e1","omrtyp":" ","omrinf":" ","adat":1140480000000}},{"type":"Feature","id":505,"geometry":{"type":"Point","coordinates":[14.25985106093813,57.780760388797439]},"properties":{"FID":505,"objekt_id":"909a6a4f-ae10-90ec-e040-ed8f66444c3f","externid":"0680\u003eSLÖJDREDSKAPET\u003e37\u003e1\u003e\u003e\u003e\u003e1","detaljtyp":"FASTID","kommunkod":"0680","kommunnamn":"JÖNKÖPING","trakt":"SLÖJDREDSKAPET","blockenhet":"37","omrnr":1,"fastighet":"SLÖJDREDSKAPET 37\u003e1","omrtyp":" ","omrinf":" ","adat":1100217600000}},{"type":"Feature","id":506,"geometry":{"type":"Point","coordinates":[14.259874746493082,57.781110905883708]},"properties":{"FID":506,"objekt_id":"909a6a4f-adfa-90ec-e040-ed8f66444c3f","externid":"0680\u003eSLÖJDREDSKAPET\u003e15\u003e1\u003e\u003e\u003e\u003e1","detaljtyp":"FASTID","kommunkod":"0680","kommunnamn":"JÖNKÖPING","trakt":"SLÖJDREDSKAPET","blockenhet":"15","omrnr":1,"fastighet":"SLÖJDREDSKAPET 15\u003e1","omrtyp":" ","omrinf":" ","adat":1100217600000}},{"type":"Feature","id":507,"geometry":{"type":"Point","coordinates":[14.259986098576018,57.780787182005412]},"properties":{"FID":507,"objekt_id":"909a6a4f-ae11-90ec-e040-ed8f66444c3f","externid":"0680\u003eSLÖJDREDSKAPET\u003e38\u003e1\u003e\u003e\u003e\u003e1","detaljtyp":"FASTID","kommunkod":"0680","kommunnamn":"JÖNKÖPING","trakt":"SLÖJDREDSKAPET","blockenhet":"38","omrnr":1,"fastighet":"SLÖJDREDSKAPET 38\u003e1","omrtyp":" ","omrinf":" ","adat":1100217600000}},{"type":"Feature","id":508,"geometry":{"type":"Point","coordinates":[14.260177032558964,57.781118185668554]},"properties":{"FID":508,"objekt_id":"909a6a4f-adfb-90ec-e040-ed8f66444c3f","externid":"0680\u003eSLÖJDREDSKAPET\u003e16\u003e1\u003e\u003e\u003e\u003e1","detaljtyp":"FASTID","kommunkod":"0680","kommunnamn":"JÖNKÖPING","trakt":"SLÖJDREDSKAPET","blockenhet":"16","omrnr":1,"fastighet":"SLÖJDREDSKAPET 16\u003e1","omrtyp":" ","omrinf":" ","adat":1100217600000}},{"type":"Feature","id":509,"geometry":{"type":"Point","coordinates":[14.260362964371561,57.781133921341969]},"properties":{"FID":509,"objekt_id":"909a6a4f-adfc-90ec-e040-ed8f66444c3f","externid":"0680\u003eSLÖJDREDSKAPET\u003e17\u003e1\u003e\u003e\u003e\u003e1","detaljtyp":"FASTID","kommunkod":"0680","kommunnamn":"JÖNKÖPING","trakt":"SLÖJDREDSKAPET","blockenhet":"17","omrnr":1,"fastighet":"SLÖJDREDSKAPET 17\u003e1","omrtyp":" ","omrinf":" ","adat":1100217600000}},{"type":"Feature","id":510,"geometry":{"type":"Point","coordinates":[14.260664882217755,57.781150180503168]},"properties":{"FID":510,"objekt_id":"909a6a4f-adfe-90ec-e040-ed8f66444c3f","externid":"0680\u003eSLÖJDREDSKAPET\u003e19\u003e1\u003e\u003e\u003e\u003e1","detaljtyp":"FASTID","kommunkod":"0680","kommunnamn":"JÖNKÖPING","trakt":"SLÖJDREDSKAPET","blockenhet":"19","omrnr":1,"fastighet":"SLÖJDREDSKAPET 19\u003e1","omrtyp":" ","omrinf":" ","adat":1100217600000}},{"type":"Feature","id":511,"geometry":{"type":"Point","coordinates":[14.261104881590912,57.780412886563887]},"properties":{"FID":511,"objekt_id":"909a6a4f-ad93-90ec-e040-ed8f66444c3f","externid":"0680\u003eSLÖJDKNIVEN\u003e17\u003e1\u003e\u003e\u003e\u003e1","detaljtyp":"FASTID","kommunkod":"0680","kommunnamn":"JÖNKÖPING","trakt":"SLÖJDKNIVEN","blockenhet":"17","omrnr":1,"fastighet":"SLÖJDKNIVEN 17\u003e1","omrtyp":" ","omrinf":" ","adat":1100217600000}},{"type":"Feature","id":512,"geometry":{"type":"Point","coordinates":[14.261104363888112,57.781212109323398]},"properties":{"FID":512,"objekt_id":"909a6a4f-ae00-90ec-e040-ed8f66444c3f","externid":"0680\u003eSLÖJDREDSKAPET\u003e21\u003e1\u003e\u003e\u003e\u003e1","detaljtyp":"FASTID","kommunkod":"0680","kommunnamn":"JÖNKÖPING","trakt":"SLÖJDREDSKAPET","blockenhet":"21","omrnr":1,"fastighet":"SLÖJDREDSKAPET 21\u003e1","omrtyp":" ","omrinf":" ","adat":1100217600000}},{"type":"Feature","id":513,"geometry":{"type":"Point","coordinates":[14.261257659662375,57.780456956720364]},"properties":{"FID":513,"objekt_id":"909a6a4f-ad94-90ec-e040-ed8f66444c3f","externid":"0680\u003eSLÖJDKNIVEN\u003e18\u003e1\u003e\u003e\u003e\u003e1","detaljtyp":"FASTID","kommunkod":"0680","kommunnamn":"JÖNKÖPING","trakt":"SLÖJDKNIVEN","blockenhet":"18","omrnr":1,"fastighet":"SLÖJDKNIVEN 18\u003e1","omrtyp":" ","omrinf":" ","adat":1100217600000}},{"type":"Feature","id":514,"geometry":{"type":"Point","coordinates":[14.261331638080314,57.78085029061009]},"properties":{"FID":514,"objekt_id":"909a6a4f-ae12-90ec-e040-ed8f66444c3f","externid":"0680\u003eSLÖJDREDSKAPET\u003e39\u003e1\u003e\u003e\u003e\u003e1","detaljtyp":"FASTID","kommunkod":"0680","kommunnamn":"JÖNKÖPING","trakt":"SLÖJDREDSKAPET","blockenhet":"39","omrnr":1,"fastighet":"SLÖJDREDSKAPET 39\u003e1","omrtyp":" ","omrinf":" ","adat":1100217600000}},{"type":"Feature","id":515,"geometry":{"type":"Point","coordinates":[14.261409001077187,57.780456104874759]},"properties":{"FID":515,"objekt_id":"909a6a4f-ad95-90ec-e040-ed8f66444c3f","externid":"0680\u003eSLÖJDKNIVEN\u003e19\u003e1\u003e\u003e\u003e\u003e1","detaljtyp":"FASTID","kommunkod":"0680","kommunnamn":"JÖNKÖPING","trakt":"SLÖJDKNIVEN","blockenhet":"19","omrnr":1,"fastighet":"SLÖJDKNIVEN 19\u003e1","omrtyp":" ","omrinf":" ","adat":1100217600000}},{"type":"Feature","id":516,"geometry":{"type":"Point","coordinates":[14.261501037068228,57.780859532612077]},"properties":{"FID":516,"objekt_id":"909a6a4f-ae13-90ec-e040-ed8f66444c3f","externid":"0680\u003eSLÖJDREDSKAPET\u003e40\u003e1\u003e\u003e\u003e\u003e1","detaljtyp":"FASTID","kommunkod":"0680","kommunnamn":"JÖNKÖPING","trakt":"SLÖJDREDSKAPET","blockenhet":"40","omrnr":1,"fastighet":"SLÖJDREDSKAPET 40\u003e1","omrtyp":" ","omrinf":" ","adat":1100217600000}},{"type":"Feature","id":517,"geometry":{"type":"Point","coordinates":[14.261559940569915,57.780464233196518]},"properties":{"FID":517,"objekt_id":"909a6a4f-ad96-90ec-e040-ed8f66444c3f","externid":"0680\u003eSLÖJDKNIVEN\u003e20\u003e1\u003e\u003e\u003e\u003e1","detaljtyp":"FASTID","kommunkod":"0680","kommunnamn":"JÖNKÖPING","trakt":"SLÖJDKNIVEN","blockenhet":"20","omrnr":1,"fastighet":"SLÖJDKNIVEN 20\u003e1","omrtyp":" ","omrinf":" ","adat":1100217600000}},{"type":"Feature","id":518,"geometry":{"type":"Point","coordinates":[14.261895879660376,57.78047102223659]},"properties":{"FID":518,"objekt_id":"909a6a4f-ad98-90ec-e040-ed8f66444c3f","externid":"0680\u003eSLÖJDKNIVEN\u003e22\u003e1\u003e\u003e\u003e\u003e1","detaljtyp":"FASTID","kommunkod":"0680","kommunnamn":"JÖNKÖPING","trakt":"SLÖJDKNIVEN","blockenhet":"22","omrnr":1,"fastighet":"SLÖJDKNIVEN 22\u003e1","omrtyp":" ","omrinf":" ","adat":1100217600000}},{"type":"Feature","id":519,"geometry":{"type":"Point","coordinates":[14.263075412842634,57.780563516201234]},"properties":{"FID":519,"objekt_id":"909a6a4f-aea2-90ec-e040-ed8f66444c3f","externid":"0680\u003eSMULTRONBLOMMAN\u003e1\u003e1\u003e\u003e\u003e\u003e1","detaljtyp":"FASTID","kommunkod":"0680","kommunnamn":"JÖNKÖPING","trakt":"SMULTRONBLOMMAN","blockenhet":"1","omrnr":1,"fastighet":"SMULTRONBLOMMAN 1\u003e1","omrtyp":" ","omrinf":" ","adat":1100217600000}},{"type":"Feature","id":520,"geometry":{"type":"Point","coordinates":[14.259909024836629,57.778578930188466]},"properties":{"FID":520,"objekt_id":"909a6a4f-ae47-90ec-e040-ed8f66444c3f","externid":"0680\u003eSLÖJDVIRKET\u003e46\u003e1\u003e\u003e\u003e\u003e1","detaljtyp":"FASTID","kommunkod":"0680","kommunnamn":"JÖNKÖPING","trakt":"SLÖJDVIRKET","blockenhet":"46","omrnr":1,"fastighet":"SLÖJDVIRKET 46\u003e1","omrtyp":" ","omrinf":" ","adat":1100217600000}},{"type":"Feature","id":521,"geometry":{"type":"Point","coordinates":[14.260229097957222,57.778602590406798]},"properties":{"FID":521,"objekt_id":"909a6a4f-ae48-90ec-e040-ed8f66444c3f","externid":"0680\u003eSLÖJDVIRKET\u003e47\u003e1\u003e\u003e\u003e\u003e1","detaljtyp":"FASTID","kommunkod":"0680","kommunnamn":"JÖNKÖPING","trakt":"SLÖJDVIRKET","blockenhet":"47","omrnr":1,"fastighet":"SLÖJDVIRKET 47\u003e1","omrtyp":" ","omrinf":" ","adat":1100217600000}},{"type":"Feature","id":522,"geometry":{"type":"Point","coordinates":[14.260532273756729,57.778627839998151]},"properties":{"FID":522,"objekt_id":"909a6a4f-ae4a-90ec-e040-ed8f66444c3f","externid":"0680\u003eSLÖJDVIRKET\u003e49\u003e1\u003e\u003e\u003e\u003e1","detaljtyp":"FASTID","kommunkod":"0680","kommunnamn":"JÖNKÖPING","trakt":"SLÖJDVIRKET","blockenhet":"49","omrnr":1,"fastighet":"SLÖJDVIRKET 49\u003e1","omrtyp":" ","omrinf":" ","adat":1100217600000}},{"type":"Feature","id":523,"geometry":{"type":"Point","coordinates":[14.260683222415906,57.778635960464349]},"properties":{"FID":523,"objekt_id":"909a6a4f-ae4b-90ec-e040-ed8f66444c3f","externid":"0680\u003eSLÖJDVIRKET\u003e50\u003e1\u003e\u003e\u003e\u003e1","detaljtyp":"FASTID","kommunkod":"0680","kommunnamn":"JÖNKÖPING","trakt":"SLÖJDVIRKET","blockenhet":"50","omrnr":1,"fastighet":"SLÖJDVIRKET 50\u003e1","omrtyp":" ","omrinf":" ","adat":1100217600000}},{"type":"Feature","id":524,"geometry":{"type":"Point","coordinates":[14.261443099083023,57.778843578240249]},"properties":{"FID":524,"objekt_id":"630c1a69-e174-4bf3-8c7b-598d888895e8","externid":"0680\u003eSPÄDBARNET\u003e2\u003e1\u003e\u003e\u003e\u003e1","detaljtyp":"FASTID","kommunkod":"0680","kommunnamn":"JÖNKÖPING","trakt":"SPÄDBARNET","blockenhet":"2","omrnr":1,"fastighet":"SPÄDBARNET 2\u003e1","omrtyp":" ","omrinf":" ","adat":1605139200000}},{"type":"Feature","id":525,"geometry":{"type":"Point","coordinates":[14.260000235230942,57.778883571718119]},"properties":{"FID":525,"objekt_id":"909a6a4f-ae2f-90ec-e040-ed8f66444c3f","externid":"0680\u003eSLÖJDVIRKET\u003e22\u003e1\u003e\u003e\u003e\u003e1","detaljtyp":"FASTID","kommunkod":"0680","kommunnamn":"JÖNKÖPING","trakt":"SLÖJDVIRKET","blockenhet":"22","omrnr":1,"fastighet":"SLÖJDVIRKET 22\u003e1","omrtyp":" ","omrinf":" ","adat":1100217600000}},{"type":"Feature","id":526,"geometry":{"type":"Point","coordinates":[14.260277403386297,57.779320688217076]},"properties":{"FID":526,"objekt_id":"909a6a4f-ade5-90ec-e040-ed8f66444c3f","externid":"0680\u003eSLÖJDLÄRAREN\u003e52\u003e1\u003e\u003e\u003e\u003e1","detaljtyp":"FASTID","kommunkod":"0680","kommunnamn":"JÖNKÖPING","trakt":"SLÖJDLÄRAREN","blockenhet":"52","omrnr":1,"fastighet":"SLÖJDLÄRAREN 52\u003e1","omrtyp":" ","omrinf":" ","adat":1100217600000}},{"type":"Feature","id":527,"geometry":{"type":"Point","coordinates":[14.260446024204185,57.779347892499906]},"properties":{"FID":527,"objekt_id":"909a6a4f-ade6-90ec-e040-ed8f66444c3f","externid":"0680\u003eSLÖJDLÄRAREN\u003e53\u003e1\u003e\u003e\u003e\u003e1","detaljtyp":"FASTID","kommunkod":"0680","kommunnamn":"JÖNKÖPING","trakt":"SLÖJDLÄRAREN","blockenhet":"53","omrnr":1,"fastighet":"SLÖJDLÄRAREN 53\u003e1","omrtyp":" ","omrinf":" ","adat":1100217600000}},{"type":"Feature","id":528,"geometry":{"type":"Point","coordinates":[14.26067099755714,57.779669428701588]},"properties":{"FID":528,"objekt_id":"909a6a4f-adca-90ec-e040-ed8f66444c3f","externid":"0680\u003eSLÖJDLÄRAREN\u003e25\u003e1\u003e\u003e\u003e\u003e1","detaljtyp":"FASTID","kommunkod":"0680","kommunnamn":"JÖNKÖPING","trakt":"SLÖJDLÄRAREN","blockenhet":"25","omrnr":1,"fastighet":"SLÖJDLÄRAREN 25\u003e1","omrtyp":" ","omrinf":" ","adat":1100217600000}},{"type":"Feature","id":529,"geometry":{"type":"Point","coordinates":[14.259904945527085,57.780050720492298]},"properties":{"FID":529,"objekt_id":"909a6a4f-ada6-90ec-e040-ed8f66444c3f","externid":"0680\u003eSLÖJDKNIVEN\u003e36\u003e1\u003e\u003e\u003e\u003e1","detaljtyp":"FASTID","kommunkod":"0680","kommunnamn":"JÖNKÖPING","trakt":"SLÖJDKNIVEN","blockenhet":"36","omrnr":1,"fastighet":"SLÖJDKNIVEN 36\u003e1","omrtyp":" ","omrinf":" ","adat":1100217600000}},{"type":"Feature","id":530,"geometry":{"type":"Point","coordinates":[14.26007272941467,57.780058158451382]},"properties":{"FID":530,"objekt_id":"909a6a4f-ada7-90ec-e040-ed8f66444c3f","externid":"0680\u003eSLÖJDKNIVEN\u003e37\u003e1\u003e\u003e\u003e\u003e1","detaljtyp":"FASTID","kommunkod":"0680","kommunnamn":"JÖNKÖPING","trakt":"SLÖJDKNIVEN","blockenhet":"37","omrnr":1,"fastighet":"SLÖJDKNIVEN 37\u003e1","omrtyp":" ","omrinf":" ","adat":1100217600000}},{"type":"Feature","id":531,"geometry":{"type":"Point","coordinates":[14.260223683931693,57.780066279476571]},"properties":{"FID":531,"objekt_id":"909a6a4f-ada8-90ec-e040-ed8f66444c3f","externid":"0680\u003eSLÖJDKNIVEN\u003e38\u003e1\u003e\u003e\u003e\u003e1","detaljtyp":"FASTID","kommunkod":"0680","kommunnamn":"JÖNKÖPING","trakt":"SLÖJDKNIVEN","blockenhet":"38","omrnr":1,"fastighet":"SLÖJDKNIVEN 38\u003e1","omrtyp":" ","omrinf":" ","adat":1100217600000}},{"type":"Feature","id":532,"geometry":{"type":"Point","coordinates":[14.260527257156248,57.780082557642324]},"properties":{"FID":532,"objekt_id":"909a6a4f-adaa-90ec-e040-ed8f66444c3f","externid":"0680\u003eSLÖJDKNIVEN\u003e40\u003e1\u003e\u003e\u003e\u003e1","detaljtyp":"FASTID","kommunkod":"0680","kommunnamn":"JÖNKÖPING","trakt":"SLÖJDKNIVEN","blockenhet":"40","omrnr":1,"fastighet":"SLÖJDKNIVEN 40\u003e1","omrtyp":" ","omrinf":" ","adat":1100217600000}},{"type":"Feature","id":533,"geometry":{"type":"Point","coordinates":[14.260829534774912,57.780089835852891]},"properties":{"FID":533,"objekt_id":"909a6a4f-adac-90ec-e040-ed8f66444c3f","externid":"0680\u003eSLÖJDKNIVEN\u003e42\u003e1\u003e\u003e\u003e\u003e1","detaljtyp":"FASTID","kommunkod":"0680","kommunnamn":"JÖNKÖPING","trakt":"SLÖJDKNIVEN","blockenhet":"42","omrnr":1,"fastighet":"SLÖJDKNIVEN 42\u003e1","omrtyp":" ","omrinf":" ","adat":1100217600000}},{"type":"Feature","id":534,"geometry":{"type":"Point","coordinates":[14.261552665429337,57.780122893535776]},"properties":{"FID":534,"objekt_id":"909a6a4f-adaf-90ec-e040-ed8f66444c3f","externid":"0680\u003eSLÖJDKNIVEN\u003e45\u003e1\u003e\u003e\u003e\u003e1","detaljtyp":"FASTID","kommunkod":"0680","kommunnamn":"JÖNKÖPING","trakt":"SLÖJDKNIVEN","blockenhet":"45","omrnr":1,"fastighet":"SLÖJDKNIVEN 45\u003e1","omrtyp":" ","omrinf":" ","adat":1100217600000}},{"type":"Feature","id":535,"geometry":{"type":"Point","coordinates":[14.259691236432475,57.780330990228656]},"properties":{"FID":535,"objekt_id":"909a6a4f-ad92-90ec-e040-ed8f66444c3f","externid":"0680\u003eSLÖJDKNIVEN\u003e16\u003e1\u003e\u003e\u003e\u003e1","detaljtyp":"FASTID","kommunkod":"0680","kommunnamn":"JÖNKÖPING","trakt":"SLÖJDKNIVEN","blockenhet":"16","omrnr":1,"fastighet":"SLÖJDKNIVEN 16\u003e1","omrtyp":" ","omrinf":" ","adat":1100217600000}},{"type":"Feature","id":536,"geometry":{"type":"Point","coordinates":[14.258375309708555,57.780086829515291]},"properties":{"FID":536,"objekt_id":"909a6a4f-adb1-90ec-e040-ed8f66444c3f","externid":"0680\u003eSLÖJDKNIVEN\u003e47\u003e1\u003e\u003e\u003e\u003e1","detaljtyp":"FASTID","kommunkod":"0680","kommunnamn":"JÖNKÖPING","trakt":"SLÖJDKNIVEN","blockenhet":"47","omrnr":1,"fastighet":"SLÖJDKNIVEN 47\u003e1","omrtyp":" ","omrinf":" ","adat":1100217600000}},{"type":"Feature","id":537,"geometry":{"type":"Point","coordinates":[14.258448353651673,57.779519281137155]},"properties":{"FID":537,"objekt_id":"909a6a4f-adc2-90ec-e040-ed8f66444c3f","externid":"0680\u003eSLÖJDLÄRAREN\u003e17\u003e1\u003e\u003e\u003e\u003e1","detaljtyp":"FASTID","kommunkod":"0680","kommunnamn":"JÖNKÖPING","trakt":"SLÖJDLÄRAREN","blockenhet":"17","omrnr":1,"fastighet":"SLÖJDLÄRAREN 17\u003e1","omrtyp":" ","omrinf":" ","adat":1100217600000}},{"type":"Feature","id":538,"geometry":{"type":"Point","coordinates":[14.258583719409705,57.779537993359739]},"properties":{"FID":538,"objekt_id":"909a6a4f-adc3-90ec-e040-ed8f66444c3f","externid":"0680\u003eSLÖJDLÄRAREN\u003e18\u003e1\u003e\u003e\u003e\u003e1","detaljtyp":"FASTID","kommunkod":"0680","kommunnamn":"JÖNKÖPING","trakt":"SLÖJDLÄRAREN","blockenhet":"18","omrnr":1,"fastighet":"SLÖJDLÄRAREN 18\u003e1","omrtyp":" ","omrinf":" ","adat":1100217600000}},{"type":"Feature","id":539,"geometry":{"type":"Point","coordinates":[14.258754815993193,57.778800122443513]},"properties":{"FID":539,"objekt_id":"909a6a4f-ae28-90ec-e040-ed8f66444c3f","externid":"0680\u003eSLÖJDVIRKET\u003e15\u003e1\u003e\u003e\u003e\u003e1","detaljtyp":"FASTID","kommunkod":"0680","kommunnamn":"JÖNKÖPING","trakt":"SLÖJDVIRKET","blockenhet":"15","omrnr":1,"fastighet":"SLÖJDVIRKET 15\u003e1","omrtyp":" ","omrinf":" ","adat":1100217600000}},{"type":"Feature","id":540,"geometry":{"type":"Point","coordinates":[14.258781310104263,57.778495117270886]},"properties":{"FID":540,"objekt_id":"909a6a4f-ae43-90ec-e040-ed8f66444c3f","externid":"0680\u003eSLÖJDVIRKET\u003e42\u003e1\u003e\u003e\u003e\u003e1","detaljtyp":"FASTID","kommunkod":"0680","kommunnamn":"JÖNKÖPING","trakt":"SLÖJDVIRKET","blockenhet":"42","omrnr":1,"fastighet":"SLÖJDVIRKET 42\u003e1","omrtyp":" ","omrinf":" ","adat":1100217600000}},{"type":"Feature","id":541,"geometry":{"type":"Point","coordinates":[14.259034050785885,57.778520650442218]},"properties":{"FID":541,"objekt_id":"909a6a4f-ae44-90ec-e040-ed8f66444c3f","externid":"0680\u003eSLÖJDVIRKET\u003e43\u003e1\u003e\u003e\u003e\u003e1","detaljtyp":"FASTID","kommunkod":"0680","kommunnamn":"JÖNKÖPING","trakt":"SLÖJDVIRKET","blockenhet":"43","omrnr":1,"fastighet":"SLÖJDVIRKET 43\u003e1","omrtyp":" ","omrinf":" ","adat":1100217600000}},{"type":"Feature","id":542,"geometry":{"type":"Point","coordinates":[14.259021042833028,57.779571172260674]},"properties":{"FID":542,"objekt_id":"909a6a4f-adc5-90ec-e040-ed8f66444c3f","externid":"0680\u003eSLÖJDLÄRAREN\u003e20\u003e1\u003e\u003e\u003e\u003e1","detaljtyp":"FASTID","kommunkod":"0680","kommunnamn":"JÖNKÖPING","trakt":"SLÖJDLÄRAREN","blockenhet":"20","omrnr":1,"fastighet":"SLÖJDLÄRAREN 20\u003e1","omrtyp":" ","omrinf":" ","adat":1100217600000}},{"type":"Feature","id":543,"geometry":{"type":"Point","coordinates":[14.259259375141518,57.778833217593764]},"properties":{"FID":543,"objekt_id":"909a6a4f-ae2b-90ec-e040-ed8f66444c3f","externid":"0680\u003eSLÖJDVIRKET\u003e18\u003e1\u003e\u003e\u003e\u003e1","detaljtyp":"FASTID","kommunkod":"0680","kommunnamn":"JÖNKÖPING","trakt":"SLÖJDVIRKET","blockenhet":"18","omrnr":1,"fastighet":"SLÖJDVIRKET 18\u003e1","omrtyp":" ","omrinf":" ","adat":1100217600000}},{"type":"Feature","id":544,"geometry":{"type":"Point","coordinates":[14.25929894026954,57.779991237006023]},"properties":{"FID":544,"objekt_id":"909a6a4f-ada4-90ec-e040-ed8f66444c3f","externid":"0680\u003eSLÖJDKNIVEN\u003e34\u003e1\u003e\u003e\u003e\u003e1","detaljtyp":"FASTID","kommunkod":"0680","kommunnamn":"JÖNKÖPING","trakt":"SLÖJDKNIVEN","blockenhet":"34","omrnr":1,"fastighet":"SLÖJDKNIVEN 34\u003e1","omrtyp":" ","omrinf":" ","adat":1100217600000}},{"type":"Feature","id":545,"geometry":{"type":"Point","coordinates":[14.259337610488156,57.778536931429272]},"properties":{"FID":545,"objekt_id":"909a6a4f-ae45-90ec-e040-ed8f66444c3f","externid":"0680\u003eSLÖJDVIRKET\u003e44\u003e1\u003e\u003e\u003e\u003e1","detaljtyp":"FASTID","kommunkod":"0680","kommunnamn":"JÖNKÖPING","trakt":"SLÖJDVIRKET","blockenhet":"44","omrnr":1,"fastighet":"SLÖJDVIRKET 44\u003e1","omrtyp":" ","omrinf":" ","adat":1100217600000}},{"type":"Feature","id":546,"geometry":{"type":"Point","coordinates":[14.259368368200636,57.779271877473093]},"properties":{"FID":546,"objekt_id":"909a6a4f-ade0-90ec-e040-ed8f66444c3f","externid":"0680\u003eSLÖJDLÄRAREN\u003e47\u003e1\u003e\u003e\u003e\u003e1","detaljtyp":"FASTID","kommunkod":"0680","kommunnamn":"JÖNKÖPING","trakt":"SLÖJDLÄRAREN","blockenhet":"47","omrnr":1,"fastighet":"SLÖJDLÄRAREN 47\u003e1","omrtyp":" ","omrinf":" ","adat":1100217600000}},{"type":"Feature","id":547,"geometry":{"type":"Point","coordinates":[14.259503733334007,57.77929059769459]},"properties":{"FID":547,"objekt_id":"909a6a4f-ade1-90ec-e040-ed8f66444c3f","externid":"0680\u003eSLÖJDLÄRAREN\u003e48\u003e1\u003e\u003e\u003e\u003e1","detaljtyp":"FASTID","kommunkod":"0680","kommunnamn":"JÖNKÖPING","trakt":"SLÖJDLÄRAREN","blockenhet":"48","omrnr":1,"fastighet":"SLÖJDLÄRAREN 48\u003e1","omrtyp":" ","omrinf":" ","adat":1100217600000}},{"type":"Feature","id":548,"geometry":{"type":"Point","coordinates":[14.259692080752091,57.779603603750928]},"properties":{"FID":548,"objekt_id":"909a6a4f-adc7-90ec-e040-ed8f66444c3f","externid":"0680\u003eSLÖJDLÄRAREN\u003e22\u003e1\u003e\u003e\u003e\u003e1","detaljtyp":"FASTID","kommunkod":"0680","kommunnamn":"JÖNKÖPING","trakt":"SLÖJDLÄRAREN","blockenhet":"22","omrnr":1,"fastighet":"SLÖJDLÄRAREN 22\u003e1","omrtyp":" ","omrinf":" ","adat":1100217600000}},{"type":"Feature","id":549,"geometry":{"type":"Point","coordinates":[14.259705504142161,57.77928946756527]},"properties":{"FID":549,"objekt_id":"909a6a4f-ade2-90ec-e040-ed8f66444c3f","externid":"0680\u003eSLÖJDLÄRAREN\u003e49\u003e1\u003e\u003e\u003e\u003e1","detaljtyp":"FASTID","kommunkod":"0680","kommunnamn":"JÖNKÖPING","trakt":"SLÖJDLÄRAREN","blockenhet":"49","omrnr":1,"fastighet":"SLÖJDLÄRAREN 49\u003e1","omrtyp":" ","omrinf":" ","adat":1100217600000}},{"type":"Feature","id":550,"geometry":{"type":"Point","coordinates":[14.258482612067622,57.770900554680658]},"properties":{"FID":550,"objekt_id":"909a6a4f-af70-90ec-e040-ed8f66444c3f","externid":"0680\u003eSOLVÄNDAN\u003e1\u003e1\u003e\u003e\u003e\u003e1","detaljtyp":"FASTID","kommunkod":"0680","kommunnamn":"JÖNKÖPING","trakt":"SOLVÄNDAN","blockenhet":"1","omrnr":1,"fastighet":"SOLVÄNDAN 1\u003e1","omrtyp":" ","omrinf":" ","adat":1100217600000}},{"type":"Feature","id":551,"geometry":{"type":"Point","coordinates":[14.258504113245856,57.770280289894536]},"properties":{"FID":551,"objekt_id":"909a6a4f-af55-90ec-e040-ed8f66444c3f","externid":"0680\u003eSOLROSEN\u003e7\u003e1\u003e\u003e\u003e\u003e1","detaljtyp":"FASTID","kommunkod":"0680","kommunnamn":"JÖNKÖPING","trakt":"SOLROSEN","blockenhet":"7","omrnr":1,"fastighet":"SOLROSEN 7\u003e1","omrtyp":" ","omrinf":" ","adat":1100217600000}},{"type":"Feature","id":552,"geometry":{"type":"Point","coordinates":[14.258509805520067,57.770539887464572]},"properties":{"FID":552,"objekt_id":"909a6a4f-af4f-90ec-e040-ed8f66444c3f","externid":"0680\u003eSOLROSEN\u003e1\u003e1\u003e\u003e\u003e\u003e1","detaljtyp":"FASTID","kommunkod":"0680","kommunnamn":"JÖNKÖPING","trakt":"SOLROSEN","blockenhet":"1","omrnr":1,"fastighet":"SOLROSEN 1\u003e1","omrtyp":" ","omrinf":" ","adat":1100217600000}},{"type":"Feature","id":553,"geometry":{"type":"Point","coordinates":[14.258614414132252,57.769901775070998]},"properties":{"FID":553,"objekt_id":"909a6a4f-a908-90ec-e040-ed8f66444c3f","externid":"0680\u003eSANDNEJLIKAN\u003e1\u003e1\u003e\u003e\u003e\u003e1","detaljtyp":"FASTID","kommunkod":"0680","kommunnamn":"JÖNKÖPING","trakt":"SANDNEJLIKAN","blockenhet":"1","omrnr":1,"fastighet":"SANDNEJLIKAN 1\u003e1","omrtyp":" ","omrinf":" ","adat":1100217600000}},{"type":"Feature","id":554,"geometry":{"type":"Point","coordinates":[14.258918679522017,57.770843019645717]},"properties":{"FID":554,"objekt_id":"909a6a4f-af71-90ec-e040-ed8f66444c3f","externid":"0680\u003eSOLVÄNDAN\u003e2\u003e1\u003e\u003e\u003e\u003e1","detaljtyp":"FASTID","kommunkod":"0680","kommunnamn":"JÖNKÖPING","trakt":"SOLVÄNDAN","blockenhet":"2","omrnr":1,"fastighet":"SOLVÄNDAN 2\u003e1","omrtyp":" ","omrinf":" ","adat":1100217600000}},{"type":"Feature","id":555,"geometry":{"type":"Point","coordinates":[14.258941012426035,57.770242521621967]},"properties":{"FID":555,"objekt_id":"909a6a4f-af56-90ec-e040-ed8f66444c3f","externid":"0680\u003eSOLROSEN\u003e8\u003e1\u003e\u003e\u003e\u003e1","detaljtyp":"FASTID","kommunkod":"0680","kommunnamn":"JÖNKÖPING","trakt":"SOLROSEN","blockenhet":"8","omrnr":1,"fastighet":"SOLROSEN 8\u003e1","omrtyp":" ","omrinf":" ","adat":1100217600000}},{"type":"Feature","id":556,"geometry":{"type":"Point","coordinates":[14.258925369444727,57.771158306781892]},"properties":{"FID":556,"objekt_id":"909a6a4f-af01-90ec-e040-ed8f66444c3f","externid":"0680\u003eSNÖDROPPEN\u003e2\u003e1\u003e\u003e\u003e\u003e1","detaljtyp":"FASTID","kommunkod":"0680","kommunnamn":"JÖNKÖPING","trakt":"SNÖDROPPEN","blockenhet":"2","omrnr":1,"fastighet":"SNÖDROPPEN 2\u003e1","omrtyp":" ","omrinf":" ","adat":1100217600000}},{"type":"Feature","id":557,"geometry":{"type":"Point","coordinates":[14.259084904842712,57.769864418378717]},"properties":{"FID":557,"objekt_id":"909a6a4f-a909-90ec-e040-ed8f66444c3f","externid":"0680\u003eSANDNEJLIKAN\u003e2\u003e1\u003e\u003e\u003e\u003e1","detaljtyp":"FASTID","kommunkod":"0680","kommunnamn":"JÖNKÖPING","trakt":"SANDNEJLIKAN","blockenhet":"2","omrnr":1,"fastighet":"SANDNEJLIKAN 2\u003e1","omrtyp":" ","omrinf":" ","adat":1100217600000}},{"type":"Feature","id":558,"geometry":{"type":"Point","coordinates":[14.25939435043226,57.770213031143363]},"properties":{"FID":558,"objekt_id":"909a6a4f-af57-90ec-e040-ed8f66444c3f","externid":"0680\u003eSOLROSEN\u003e9\u003e1\u003e\u003e\u003e\u003e1","detaljtyp":"FASTID","kommunkod":"0680","kommunnamn":"JÖNKÖPING","trakt":"SOLROSEN","blockenhet":"9","omrnr":1,"fastighet":"SOLROSEN 9\u003e1","omrtyp":" ","omrinf":" ","adat":1100217600000}},{"type":"Feature","id":559,"geometry":{"type":"Point","coordinates":[14.259432771167473,57.770454171782312]},"properties":{"FID":559,"objekt_id":"909a6a4f-af51-90ec-e040-ed8f66444c3f","externid":"0680\u003eSOLROSEN\u003e3\u003e1\u003e\u003e\u003e\u003e1","detaljtyp":"FASTID","kommunkod":"0680","kommunnamn":"JÖNKÖPING","trakt":"SOLROSEN","blockenhet":"3","omrnr":1,"fastighet":"SOLROSEN 3\u003e1","omrtyp":" ","omrinf":" ","adat":1100217600000}},{"type":"Feature","id":560,"geometry":{"type":"Point","coordinates":[14.259521063014006,57.76984369296823]},"properties":{"FID":560,"objekt_id":"909a6a4f-a90a-90ec-e040-ed8f66444c3f","externid":"0680\u003eSANDNEJLIKAN\u003e3\u003e1\u003e\u003e\u003e\u003e1","detaljtyp":"FASTID","kommunkod":"0680","kommunnamn":"JÖNKÖPING","trakt":"SANDNEJLIKAN","blockenhet":"3","omrnr":1,"fastighet":"SANDNEJLIKAN 3\u003e1","omrtyp":" ","omrinf":" ","adat":1100217600000}},{"type":"Feature","id":561,"geometry":{"type":"Point","coordinates":[14.259830933034618,57.770182435140569]},"properties":{"FID":561,"objekt_id":"909a6a4f-af58-90ec-e040-ed8f66444c3f","externid":"0680\u003eSOLROSEN\u003e10\u003e1\u003e\u003e\u003e\u003e1","detaljtyp":"FASTID","kommunkod":"0680","kommunnamn":"JÖNKÖPING","trakt":"SOLROSEN","blockenhet":"10","omrnr":1,"fastighet":"SOLROSEN 10\u003e1","omrtyp":" ","omrinf":" ","adat":1100217600000}},{"type":"Feature","id":562,"geometry":{"type":"Point","coordinates":[14.259906222556934,57.769797211302766]},"properties":{"FID":562,"objekt_id":"909a6a4f-a90b-90ec-e040-ed8f66444c3f","externid":"0680\u003eSANDNEJLIKAN\u003e4\u003e1\u003e\u003e\u003e\u003e1","detaljtyp":"FASTID","kommunkod":"0680","kommunnamn":"JÖNKÖPING","trakt":"SANDNEJLIKAN","blockenhet":"4","omrnr":1,"fastighet":"SANDNEJLIKAN 4\u003e1","omrtyp":" ","omrinf":" ","adat":1100217600000}},{"type":"Feature","id":563,"geometry":{"type":"Point","coordinates":[14.260190832293816,57.771474578298829]},"properties":{"FID":563,"objekt_id":"909a6a4f-aec8-90ec-e040-ed8f66444c3f","externid":"0680\u003eSMÖRBOLLEN\u003e3\u003e1\u003e\u003e\u003e\u003e1","detaljtyp":"FASTID","kommunkod":"0680","kommunnamn":"JÖNKÖPING","trakt":"SMÖRBOLLEN","blockenhet":"3","omrnr":1,"fastighet":"SMÖRBOLLEN 3\u003e1","omrtyp":" ","omrinf":" ","adat":1100217600000}},{"type":"Feature","id":564,"geometry":{"type":"Point","coordinates":[14.260289045946012,57.770395466442352]},"properties":{"FID":564,"objekt_id":"909a6a4f-af53-90ec-e040-ed8f66444c3f","externid":"0680\u003eSOLROSEN\u003e5\u003e1\u003e\u003e\u003e\u003e1","detaljtyp":"FASTID","kommunkod":"0680","kommunnamn":"JÖNKÖPING","trakt":"SOLROSEN","blockenhet":"5","omrnr":1,"fastighet":"SOLROSEN 5\u003e1","omrtyp":" ","omrinf":" ","adat":1100217600000}},{"type":"Feature","id":565,"geometry":{"type":"Point","coordinates":[14.260495006660969,57.769783742366982]},"properties":{"FID":565,"objekt_id":"909a6a4f-ab9c-90ec-e040-ed8f66444c3f","externid":"0680\u003eSKOGSNÄVAN\u003e1\u003e1\u003e\u003e\u003e\u003e1","detaljtyp":"FASTID","kommunkod":"0680","kommunnamn":"JÖNKÖPING","trakt":"SKOGSNÄVAN","blockenhet":"1","omrnr":1,"fastighet":"SKOGSNÄVAN 1\u003e1","omrtyp":" ","omrinf":" ","adat":1100217600000}},{"type":"Feature","id":566,"geometry":{"type":"Point","coordinates":[14.260686815384018,57.770132716531279]},"properties":{"FID":566,"objekt_id":"909a6a4f-af5a-90ec-e040-ed8f66444c3f","externid":"0680\u003eSOLROSEN\u003e12\u003e1\u003e\u003e\u003e\u003e1","detaljtyp":"FASTID","kommunkod":"0680","kommunnamn":"JÖNKÖPING","trakt":"SOLROSEN","blockenhet":"12","omrnr":1,"fastighet":"SOLROSEN 12\u003e1","omrtyp":" ","omrinf":" ","adat":1100217600000}},{"type":"Feature","id":567,"geometry":{"type":"Point","coordinates":[14.256821859782585,57.78056085746686]},"properties":{"FID":567,"objekt_id":"909a6a4f-ae05-90ec-e040-ed8f66444c3f","externid":"0680\u003eSLÖJDREDSKAPET\u003e26\u003e1\u003e\u003e\u003e\u003e1","detaljtyp":"FASTID","kommunkod":"0680","kommunnamn":"JÖNKÖPING","trakt":"SLÖJDREDSKAPET","blockenhet":"26","omrnr":1,"fastighet":"SLÖJDREDSKAPET 26\u003e1","omrtyp":" ","omrinf":" ","adat":1100217600000}},{"type":"Feature","id":568,"geometry":{"type":"Point","coordinates":[14.256990869975803,57.780579085918731]},"properties":{"FID":568,"objekt_id":"909a6a4f-ae06-90ec-e040-ed8f66444c3f","externid":"0680\u003eSLÖJDREDSKAPET\u003e27\u003e1\u003e\u003e\u003e\u003e1","detaljtyp":"FASTID","kommunkod":"0680","kommunnamn":"JÖNKÖPING","trakt":"SLÖJDREDSKAPET","blockenhet":"27","omrnr":1,"fastighet":"SLÖJDREDSKAPET 27\u003e1","omrtyp":" ","omrinf":" ","adat":1100217600000}},{"type":"Feature","id":569,"geometry":{"type":"Point","coordinates":[14.257333170866136,57.780908349097729]},"properties":{"FID":569,"objekt_id":"909a6a4f-adef-90ec-e040-ed8f66444c3f","externid":"0680\u003eSLÖJDREDSKAPET\u003e4\u003e1\u003e\u003e\u003e\u003e1","detaljtyp":"FASTID","kommunkod":"0680","kommunnamn":"JÖNKÖPING","trakt":"SLÖJDREDSKAPET","blockenhet":"4","omrnr":1,"fastighet":"SLÖJDREDSKAPET 4\u003e1","omrtyp":" ","omrinf":" ","adat":1100217600000}},{"type":"Feature","id":570,"geometry":{"type":"Point","coordinates":[14.257517296569841,57.780926764197929]},"properties":{"FID":570,"objekt_id":"909a6a4f-adf0-90ec-e040-ed8f66444c3f","externid":"0680\u003eSLÖJDREDSKAPET\u003e5\u003e1\u003e\u003e\u003e\u003e1","detaljtyp":"FASTID","kommunkod":"0680","kommunnamn":"JÖNKÖPING","trakt":"SLÖJDREDSKAPET","blockenhet":"5","omrnr":1,"fastighet":"SLÖJDREDSKAPET 5\u003e1","omrtyp":" ","omrinf":" ","adat":1100217600000}},{"type":"Feature","id":571,"geometry":{"type":"Point","coordinates":[14.2576699351283,57.780934916080582]},"properties":{"FID":571,"objekt_id":"909a6a4f-adf1-90ec-e040-ed8f66444c3f","externid":"0680\u003eSLÖJDREDSKAPET\u003e6\u003e1\u003e\u003e\u003e\u003e1","detaljtyp":"FASTID","kommunkod":"0680","kommunnamn":"JÖNKÖPING","trakt":"SLÖJDREDSKAPET","blockenhet":"6","omrnr":1,"fastighet":"SLÖJDREDSKAPET 6\u003e1","omrtyp":" ","omrinf":" ","adat":1100217600000}},{"type":"Feature","id":572,"geometry":{"type":"Point","coordinates":[14.258410099575324,57.781002333394987]},"properties":{"FID":572,"objekt_id":"909a6a4f-adf5-90ec-e040-ed8f66444c3f","externid":"0680\u003eSLÖJDREDSKAPET\u003e10\u003e1\u003e\u003e\u003e\u003e1","detaljtyp":"FASTID","kommunkod":"0680","kommunnamn":"JÖNKÖPING","trakt":"SLÖJDREDSKAPET","blockenhet":"10","omrnr":1,"fastighet":"SLÖJDREDSKAPET 10\u003e1","omrtyp":" ","omrinf":" ","adat":1100217600000}},{"type":"Feature","id":573,"geometry":{"type":"Point","coordinates":[14.258638797897623,57.780686330481799]},"properties":{"FID":573,"objekt_id":"909a6a4f-ae09-90ec-e040-ed8f66444c3f","externid":"0680\u003eSLÖJDREDSKAPET\u003e30\u003e1\u003e\u003e\u003e\u003e1","detaljtyp":"FASTID","kommunkod":"0680","kommunnamn":"JÖNKÖPING","trakt":"SLÖJDREDSKAPET","blockenhet":"30","omrnr":1,"fastighet":"SLÖJDREDSKAPET 30\u003e1","omrtyp":" ","omrinf":" ","adat":1100217600000}},{"type":"Feature","id":574,"geometry":{"type":"Point","coordinates":[14.258791435889782,57.780694472031058]},"properties":{"FID":574,"objekt_id":"909a6a4f-ae0a-90ec-e040-ed8f66444c3f","externid":"0680\u003eSLÖJDREDSKAPET\u003e31\u003e1\u003e\u003e\u003e\u003e1","detaljtyp":"FASTID","kommunkod":"0680","kommunnamn":"JÖNKÖPING","trakt":"SLÖJDREDSKAPET","blockenhet":"31","omrnr":1,"fastighet":"SLÖJDREDSKAPET 31\u003e1","omrtyp":" ","omrinf":" ","adat":1100217600000}},{"type":"Feature","id":575,"geometry":{"type":"Point","coordinates":[14.258949678371399,57.781043045227264]},"properties":{"FID":575,"objekt_id":"909a6a4f-adf7-90ec-e040-ed8f66444c3f","externid":"0680\u003eSLÖJDREDSKAPET\u003e12\u003e1\u003e\u003e\u003e\u003e1","detaljtyp":"FASTID","kommunkod":"0680","kommunnamn":"JÖNKÖPING","trakt":"SLÖJDREDSKAPET","blockenhet":"12","omrnr":1,"fastighet":"SLÖJDREDSKAPET 12\u003e1","omrtyp":" ","omrinf":" ","adat":1100217600000}},{"type":"Feature","id":576,"geometry":{"type":"Point","coordinates":[14.258968068379945,57.780298811005146]},"properties":{"FID":576,"objekt_id":"909a6a4f-ad8e-90ec-e040-ed8f66444c3f","externid":"0680\u003eSLÖJDKNIVEN\u003e12\u003e1\u003e\u003e\u003e\u003e1","detaljtyp":"FASTID","kommunkod":"0680","kommunnamn":"JÖNKÖPING","trakt":"SLÖJDKNIVEN","blockenhet":"12","omrnr":1,"fastighet":"SLÖJDKNIVEN 12\u003e1","omrtyp":" ","omrinf":" ","adat":1100217600000}},{"type":"Feature","id":577,"geometry":{"type":"Point","coordinates":[14.259203118638444,57.78030527791833]},"properties":{"FID":577,"objekt_id":"909a6a4f-ad8f-90ec-e040-ed8f66444c3f","externid":"0680\u003eSLÖJDKNIVEN\u003e13\u003e1\u003e\u003e\u003e\u003e1","detaljtyp":"FASTID","kommunkod":"0680","kommunnamn":"JÖNKÖPING","trakt":"SLÖJDKNIVEN","blockenhet":"13","omrnr":1,"fastighet":"SLÖJDKNIVEN 13\u003e1","omrtyp":" ","omrinf":" ","adat":1100217600000}},{"type":"Feature","id":578,"geometry":{"type":"Point","coordinates":[14.25936293565921,57.78073557535037]},"properties":{"FID":578,"objekt_id":"909a6a4f-ae0d-90ec-e040-ed8f66444c3f","externid":"0680\u003eSLÖJDREDSKAPET\u003e34\u003e1\u003e\u003e\u003e\u003e1","detaljtyp":"FASTID","kommunkod":"0680","kommunnamn":"JÖNKÖPING","trakt":"SLÖJDREDSKAPET","blockenhet":"34","omrnr":1,"fastighet":"SLÖJDREDSKAPET 34\u003e1","omrtyp":" ","omrinf":" ","adat":1100217600000}},{"type":"Feature","id":579,"geometry":{"type":"Point","coordinates":[14.259554405045309,57.781093531172992]},"properties":{"FID":579,"objekt_id":"909a6a4f-adf9-90ec-e040-ed8f66444c3f","externid":"0680\u003eSLÖJDREDSKAPET\u003e14\u003e1\u003e\u003e\u003e\u003e1","detaljtyp":"FASTID","kommunkod":"0680","kommunnamn":"JÖNKÖPING","trakt":"SLÖJDREDSKAPET","blockenhet":"14","omrnr":1,"fastighet":"SLÖJDREDSKAPET 14\u003e1","omrtyp":" ","omrinf":" ","adat":1100217600000}},{"type":"Feature","id":580,"geometry":{"type":"Point","coordinates":[14.255816598941584,57.778089803275911]},"properties":{"FID":580,"objekt_id":"909a6a4f-ae35-90ec-e040-ed8f66444c3f","externid":"0680\u003eSLÖJDVIRKET\u003e28\u003e1\u003e\u003e\u003e\u003e1","detaljtyp":"FASTID","kommunkod":"0680","kommunnamn":"JÖNKÖPING","trakt":"SLÖJDVIRKET","blockenhet":"28","omrnr":1,"fastighet":"SLÖJDVIRKET 28\u003e1","omrtyp":" ","omrinf":" ","adat":1100217600000}},{"type":"Feature","id":581,"geometry":{"type":"Point","coordinates":[14.255951255795372,57.778124674048392]},"properties":{"FID":581,"objekt_id":"909a6a4f-ae36-90ec-e040-ed8f66444c3f","externid":"0680\u003eSLÖJDVIRKET\u003e29\u003e1\u003e\u003e\u003e\u003e1","detaljtyp":"FASTID","kommunkod":"0680","kommunnamn":"JÖNKÖPING","trakt":"SLÖJDVIRKET","blockenhet":"29","omrnr":1,"fastighet":"SLÖJDVIRKET 29\u003e1","omrtyp":" ","omrinf":" ","adat":1100217600000}},{"type":"Feature","id":582,"geometry":{"type":"Point","coordinates":[14.256085056611942,57.778140675989157]},"properties":{"FID":582,"objekt_id":"909a6a4f-ae37-90ec-e040-ed8f66444c3f","externid":"0680\u003eSLÖJDVIRKET\u003e30\u003e1\u003e\u003e\u003e\u003e1","detaljtyp":"FASTID","kommunkod":"0680","kommunnamn":"JÖNKÖPING","trakt":"SLÖJDVIRKET","blockenhet":"30","omrnr":1,"fastighet":"SLÖJDVIRKET 30\u003e1","omrtyp":" ","omrinf":" ","adat":1100217600000}},{"type":"Feature","id":583,"geometry":{"type":"Point","coordinates":[14.256254963420504,57.778176885108614]},"properties":{"FID":583,"objekt_id":"909a6a4f-ae38-90ec-e040-ed8f66444c3f","externid":"0680\u003eSLÖJDVIRKET\u003e31\u003e1\u003e\u003e\u003e\u003e1","detaljtyp":"FASTID","kommunkod":"0680","kommunnamn":"JÖNKÖPING","trakt":"SLÖJDVIRKET","blockenhet":"31","omrnr":1,"fastighet":"SLÖJDVIRKET 31\u003e1","omrtyp":" ","omrinf":" ","adat":1100217600000}},{"type":"Feature","id":584,"geometry":{"type":"Point","coordinates":[14.25652410747189,57.778211601042486]},"properties":{"FID":584,"objekt_id":"909a6a4f-ae39-90ec-e040-ed8f66444c3f","externid":"0680\u003eSLÖJDVIRKET\u003e32\u003e1\u003e\u003e\u003e\u003e1","detaljtyp":"FASTID","kommunkod":"0680","kommunnamn":"JÖNKÖPING","trakt":"SLÖJDVIRKET","blockenhet":"32","omrnr":1,"fastighet":"SLÖJDVIRKET 32\u003e1","omrtyp":" ","omrinf":" ","adat":1100217600000}},{"type":"Feature","id":585,"geometry":{"type":"Point","coordinates":[14.256810097512336,57.778245633669876]},"properties":{"FID":585,"objekt_id":"909a6a4f-ae3a-90ec-e040-ed8f66444c3f","externid":"0680\u003eSLÖJDVIRKET\u003e33\u003e1\u003e\u003e\u003e\u003e1","detaljtyp":"FASTID","kommunkod":"0680","kommunnamn":"JÖNKÖPING","trakt":"SLÖJDVIRKET","blockenhet":"33","omrnr":1,"fastighet":"SLÖJDVIRKET 33\u003e1","omrtyp":" ","omrinf":" ","adat":1100217600000}},{"type":"Feature","id":586,"geometry":{"type":"Point","coordinates":[14.257382953196931,57.778332556790616]},"properties":{"FID":586,"objekt_id":"909a6a4f-ae3c-90ec-e040-ed8f66444c3f","externid":"0680\u003eSLÖJDVIRKET\u003e35\u003e1\u003e\u003e\u003e\u003e1","detaljtyp":"FASTID","kommunkod":"0680","kommunnamn":"JÖNKÖPING","trakt":"SLÖJDVIRKET","blockenhet":"35","omrnr":1,"fastighet":"SLÖJDVIRKET 35\u003e1","omrtyp":" ","omrinf":" ","adat":1100217600000}},{"type":"Feature","id":587,"geometry":{"type":"Point","coordinates":[14.258142464865911,57.778418171384615]},"properties":{"FID":587,"objekt_id":"909a6a4f-ae3f-90ec-e040-ed8f66444c3f","externid":"0680\u003eSLÖJDVIRKET\u003e38\u003e1\u003e\u003e\u003e\u003e1","detaljtyp":"FASTID","kommunkod":"0680","kommunnamn":"JÖNKÖPING","trakt":"SLÖJDVIRKET","blockenhet":"38","omrnr":1,"fastighet":"SLÖJDVIRKET 38\u003e1","omrtyp":" ","omrinf":" ","adat":1100217600000}},{"type":"Feature","id":588,"geometry":{"type":"Point","coordinates":[14.257974338266349,57.778418813260231]},"properties":{"FID":588,"objekt_id":"909a6a4f-ae3e-90ec-e040-ed8f66444c3f","externid":"0680\u003eSLÖJDVIRKET\u003e37\u003e1\u003e\u003e\u003e\u003e1","detaljtyp":"FASTID","kommunkod":"0680","kommunnamn":"JÖNKÖPING","trakt":"SLÖJDVIRKET","blockenhet":"37","omrnr":1,"fastighet":"SLÖJDVIRKET 37\u003e1","omrtyp":" ","omrinf":" ","adat":1100217600000}},{"type":"Feature","id":589,"geometry":{"type":"Point","coordinates":[14.256715399245769,57.778533638597096]},"properties":{"FID":589,"objekt_id":"909a6a4f-ae22-90ec-e040-ed8f66444c3f","externid":"0680\u003eSLÖJDVIRKET\u003e9\u003e1\u003e\u003e\u003e\u003e1","detaljtyp":"FASTID","kommunkod":"0680","kommunnamn":"JÖNKÖPING","trakt":"SLÖJDVIRKET","blockenhet":"9","omrnr":1,"fastighet":"SLÖJDVIRKET 9\u003e1","omrtyp":" ","omrinf":" ","adat":1100217600000}},{"type":"Feature","id":590,"geometry":{"type":"Point","coordinates":[14.257893458290633,57.778580360687499]},"properties":{"FID":590,"objekt_id":"909a6a4f-ae4d-90ec-e040-ed8f66444c3f","externid":"0680\u003eSLÖJDVIRKET\u003e52\u003e1\u003e\u003e\u003e\u003e1","detaljtyp":"FASTID","kommunkod":"0680","kommunnamn":"JÖNKÖPING","trakt":"SLÖJDVIRKET","blockenhet":"52","omrnr":1,"fastighet":"SLÖJDVIRKET 52\u003e1","omrtyp":" ","omrinf":" ","adat":1109894400000}},{"type":"Feature","id":591,"geometry":{"type":"Point","coordinates":[14.257238230334766,57.778610971945618]},"properties":{"FID":591,"objekt_id":"909a6a4f-ae25-90ec-e040-ed8f66444c3f","externid":"0680\u003eSLÖJDVIRKET\u003e12\u003e1\u003e\u003e\u003e\u003e1","detaljtyp":"FASTID","kommunkod":"0680","kommunnamn":"JÖNKÖPING","trakt":"SLÖJDVIRKET","blockenhet":"12","omrnr":1,"fastighet":"SLÖJDVIRKET 12\u003e1","omrtyp":" ","omrinf":" ","adat":1100217600000}},{"type":"Feature","id":592,"geometry":{"type":"Point","coordinates":[14.257390087016619,57.778637076029781]},"properties":{"FID":592,"objekt_id":"909a6a4f-ae26-90ec-e040-ed8f66444c3f","externid":"0680\u003eSLÖJDVIRKET\u003e13\u003e1\u003e\u003e\u003e\u003e1","detaljtyp":"FASTID","kommunkod":"0680","kommunnamn":"JÖNKÖPING","trakt":"SLÖJDVIRKET","blockenhet":"13","omrnr":1,"fastighet":"SLÖJDVIRKET 13\u003e1","omrtyp":" ","omrinf":" ","adat":1100217600000}},{"type":"Feature","id":593,"geometry":{"type":"Point","coordinates":[14.257558737878998,57.778663377098773]},"properties":{"FID":593,"objekt_id":"909a6a4f-ae27-90ec-e040-ed8f66444c3f","externid":"0680\u003eSLÖJDVIRKET\u003e14\u003e1\u003e\u003e\u003e\u003e1","detaljtyp":"FASTID","kommunkod":"0680","kommunnamn":"JÖNKÖPING","trakt":"SLÖJDVIRKET","blockenhet":"14","omrnr":1,"fastighet":"SLÖJDVIRKET 14\u003e1","omrtyp":" ","omrinf":" ","adat":1100217600000}},{"type":"Feature","id":594,"geometry":{"type":"Point","coordinates":[14.255257543879674,57.778739409569447]},"properties":{"FID":594,"objekt_id":"909a6a4f-add4-90ec-e040-ed8f66444c3f","externid":"0680\u003eSLÖJDLÄRAREN\u003e35\u003e1\u003e\u003e\u003e\u003e1","detaljtyp":"FASTID","kommunkod":"0680","kommunnamn":"JÖNKÖPING","trakt":"SLÖJDLÄRAREN","blockenhet":"35","omrnr":1,"fastighet":"SLÖJDLÄRAREN 35\u003e1","omrtyp":" ","omrinf":" ","adat":1100217600000}},{"type":"Feature","id":595,"geometry":{"type":"Point","coordinates":[14.255409956594738,57.778791560133179]},"properties":{"FID":595,"objekt_id":"909a6a4f-add5-90ec-e040-ed8f66444c3f","externid":"0680\u003eSLÖJDLÄRAREN\u003e36\u003e1\u003e\u003e\u003e\u003e1","detaljtyp":"FASTID","kommunkod":"0680","kommunnamn":"JÖNKÖPING","trakt":"SLÖJDLÄRAREN","blockenhet":"36","omrnr":1,"fastighet":"SLÖJDLÄRAREN 36\u003e1","omrtyp":" ","omrinf":" ","adat":1100217600000}},{"type":"Feature","id":596,"geometry":{"type":"Point","coordinates":[14.255500321307945,57.779115054734717]},"properties":{"FID":596,"objekt_id":"909a6a4f-adb5-90ec-e040-ed8f66444c3f","externid":"0680\u003eSLÖJDLÄRAREN\u003e4\u003e1\u003e\u003e\u003e\u003e1","detaljtyp":"FASTID","kommunkod":"0680","kommunnamn":"JÖNKÖPING","trakt":"SLÖJDLÄRAREN","blockenhet":"4","omrnr":1,"fastighet":"SLÖJDLÄRAREN 4\u003e1","omrtyp":" ","omrinf":" ","adat":1100217600000}},{"type":"Feature","id":597,"geometry":{"type":"Point","coordinates":[14.258005068200596,57.779153759583686]},"properties":{"FID":597,"objekt_id":"909a6a4f-adde-90ec-e040-ed8f66444c3f","externid":"0680\u003eSLÖJDLÄRAREN\u003e45\u003e1\u003e\u003e\u003e\u003e1","detaljtyp":"FASTID","kommunkod":"0680","kommunnamn":"JÖNKÖPING","trakt":"SLÖJDLÄRAREN","blockenhet":"45","omrnr":1,"fastighet":"SLÖJDLÄRAREN 45\u003e1","omrtyp":" ","omrinf":" ","adat":1100217600000}},{"type":"Feature","id":598,"geometry":{"type":"Point","coordinates":[14.25652844751952,57.779287475008438]},"properties":{"FID":598,"objekt_id":"909a6a4f-adbb-90ec-e040-ed8f66444c3f","externid":"0680\u003eSLÖJDLÄRAREN\u003e10\u003e1\u003e\u003e\u003e\u003e1","detaljtyp":"FASTID","kommunkod":"0680","kommunnamn":"JÖNKÖPING","trakt":"SLÖJDLÄRAREN","blockenhet":"10","omrnr":1,"fastighet":"SLÖJDLÄRAREN 10\u003e1","omrtyp":" ","omrinf":" ","adat":1100217600000}},{"type":"Feature","id":599,"geometry":{"type":"Point","coordinates":[14.258111865407653,57.779486429901731]},"properties":{"FID":599,"objekt_id":"909a6a4f-adc0-90ec-e040-ed8f66444c3f","externid":"0680\u003eSLÖJDLÄRAREN\u003e15\u003e1\u003e\u003e\u003e\u003e1","detaljtyp":"FASTID","kommunkod":"0680","kommunnamn":"JÖNKÖPING","trakt":"SLÖJDLÄRAREN","blockenhet":"15","omrnr":1,"fastighet":"SLÖJDLÄRAREN 15\u003e1","omrtyp":" ","omrinf":" ","adat":1100217600000}},{"type":"Feature","id":600,"geometry":{"type":"Point","coordinates":[14.255158821759574,57.779708951802078]},"properties":{"FID":600,"objekt_id":"909a6a4f-ad83-90ec-e040-ed8f66444c3f","externid":"0680\u003eSLÖJDKNIVEN\u003e1\u003e1\u003e\u003e\u003e\u003e1","detaljtyp":"FASTID","kommunkod":"0680","kommunnamn":"JÖNKÖPING","trakt":"SLÖJDKNIVEN","blockenhet":"1","omrnr":1,"fastighet":"SLÖJDKNIVEN 1\u003e1","omrtyp":" ","omrinf":" ","adat":1100217600000}},{"type":"Feature","id":601,"geometry":{"type":"Point","coordinates":[14.25679014319596,57.779771110718265]},"properties":{"FID":601,"objekt_id":"909a6a4f-ad99-90ec-e040-ed8f66444c3f","externid":"0680\u003eSLÖJDKNIVEN\u003e23\u003e1\u003e\u003e\u003e\u003e1","detaljtyp":"FASTID","kommunkod":"0680","kommunnamn":"JÖNKÖPING","trakt":"SLÖJDKNIVEN","blockenhet":"23","omrnr":1,"fastighet":"SLÖJDKNIVEN 23\u003e1","omrtyp":" ","omrinf":" ","adat":1100217600000}},{"type":"Feature","id":602,"geometry":{"type":"Point","coordinates":[14.257666171786717,57.779884197469535]},"properties":{"FID":602,"objekt_id":"909a6a4f-ad9c-90ec-e040-ed8f66444c3f","externid":"0680\u003eSLÖJDKNIVEN\u003e26\u003e1\u003e\u003e\u003e\u003e1","detaljtyp":"FASTID","kommunkod":"0680","kommunnamn":"JÖNKÖPING","trakt":"SLÖJDKNIVEN","blockenhet":"26","omrnr":1,"fastighet":"SLÖJDKNIVEN 26\u003e1","omrtyp":" ","omrinf":" ","adat":1100217600000}},{"type":"Feature","id":603,"geometry":{"type":"Point","coordinates":[14.257833954601988,57.779891629407338]},"properties":{"FID":603,"objekt_id":"909a6a4f-ad9d-90ec-e040-ed8f66444c3f","externid":"0680\u003eSLÖJDKNIVEN\u003e27\u003e1\u003e\u003e\u003e\u003e1","detaljtyp":"FASTID","kommunkod":"0680","kommunnamn":"JÖNKÖPING","trakt":"SLÖJDKNIVEN","blockenhet":"27","omrnr":1,"fastighet":"SLÖJDKNIVEN 27\u003e1","omrtyp":" ","omrinf":" ","adat":1100217600000}},{"type":"Feature","id":604,"geometry":{"type":"Point","coordinates":[14.258003032478591,57.779908069361227]},"properties":{"FID":604,"objekt_id":"909a6a4f-ad9e-90ec-e040-ed8f66444c3f","externid":"0680\u003eSLÖJDKNIVEN\u003e28\u003e1\u003e\u003e\u003e\u003e1","detaljtyp":"FASTID","kommunkod":"0680","kommunnamn":"JÖNKÖPING","trakt":"SLÖJDKNIVEN","blockenhet":"28","omrnr":1,"fastighet":"SLÖJDKNIVEN 28\u003e1","omrtyp":" ","omrinf":" ","adat":1100217600000}},{"type":"Feature","id":605,"geometry":{"type":"Point","coordinates":[14.255971643484139,57.780080802700851]},"properties":{"FID":605,"objekt_id":"909a6a4f-ad85-90ec-e040-ed8f66444c3f","externid":"0680\u003eSLÖJDKNIVEN\u003e3\u003e1\u003e\u003e\u003e\u003e1","detaljtyp":"FASTID","kommunkod":"0680","kommunnamn":"JÖNKÖPING","trakt":"SLÖJDKNIVEN","blockenhet":"3","omrnr":1,"fastighet":"SLÖJDKNIVEN 3\u003e1","omrtyp":" ","omrinf":" ","adat":1100217600000}},{"type":"Feature","id":606,"geometry":{"type":"Point","coordinates":[14.256476990383401,57.780095957082743]},"properties":{"FID":606,"objekt_id":"909a6a4f-ad86-90ec-e040-ed8f66444c3f","externid":"0680\u003eSLÖJDKNIVEN\u003e4\u003e1\u003e\u003e\u003e\u003e1","detaljtyp":"FASTID","kommunkod":"0680","kommunnamn":"JÖNKÖPING","trakt":"SLÖJDKNIVEN","blockenhet":"4","omrnr":1,"fastighet":"SLÖJDKNIVEN 4\u003e1","omrtyp":" ","omrinf":" ","adat":1100217600000}},{"type":"Feature","id":607,"geometry":{"type":"Point","coordinates":[14.256964700278104,57.780130660210453]},"properties":{"FID":607,"objekt_id":"909a6a4f-ad89-90ec-e040-ed8f66444c3f","externid":"0680\u003eSLÖJDKNIVEN\u003e7\u003e1\u003e\u003e\u003e\u003e1","detaljtyp":"FASTID","kommunkod":"0680","kommunnamn":"JÖNKÖPING","trakt":"SLÖJDKNIVEN","blockenhet":"7","omrnr":1,"fastighet":"SLÖJDKNIVEN 7\u003e1","omrtyp":" ","omrinf":" ","adat":1100217600000}},{"type":"Feature","id":608,"geometry":{"type":"Point","coordinates":[14.257113956391994,57.780138766002707]},"properties":{"FID":608,"objekt_id":"909a6a4f-ad8a-90ec-e040-ed8f66444c3f","externid":"0680\u003eSLÖJDKNIVEN\u003e8\u003e1\u003e\u003e\u003e\u003e1","detaljtyp":"FASTID","kommunkod":"0680","kommunnamn":"JÖNKÖPING","trakt":"SLÖJDKNIVEN","blockenhet":"8","omrnr":1,"fastighet":"SLÖJDKNIVEN 8\u003e1","omrtyp":" ","omrinf":" ","adat":1100217600000}},{"type":"Feature","id":609,"geometry":{"type":"Point","coordinates":[14.254551363351982,57.777881246890544]},"properties":{"FID":609,"objekt_id":"909a6a4f-ae30-90ec-e040-ed8f66444c3f","externid":"0680\u003eSLÖJDVIRKET\u003e23\u003e1\u003e\u003e\u003e\u003e1","detaljtyp":"FASTID","kommunkod":"0680","kommunnamn":"JÖNKÖPING","trakt":"SLÖJDVIRKET","blockenhet":"23","omrnr":1,"fastighet":"SLÖJDVIRKET 23\u003e1","omrtyp":" ","omrinf":" ","adat":1100217600000}},{"type":"Feature","id":610,"geometry":{"type":"Point","coordinates":[14.255529386991626,57.778044981985346]},"properties":{"FID":610,"objekt_id":"909a6a4f-ae33-90ec-e040-ed8f66444c3f","externid":"0680\u003eSLÖJDVIRKET\u003e26\u003e1\u003e\u003e\u003e\u003e1","detaljtyp":"FASTID","kommunkod":"0680","kommunnamn":"JÖNKÖPING","trakt":"SLÖJDVIRKET","blockenhet":"26","omrnr":1,"fastighet":"SLÖJDVIRKET 26\u003e1","omrtyp":" ","omrinf":" ","adat":1100217600000}},{"type":"Feature","id":611,"geometry":{"type":"Point","coordinates":[14.255664359353393,57.778072668759158]},"properties":{"FID":611,"objekt_id":"909a6a4f-ae34-90ec-e040-ed8f66444c3f","externid":"0680\u003eSLÖJDVIRKET\u003e27\u003e1\u003e\u003e\u003e\u003e1","detaljtyp":"FASTID","kommunkod":"0680","kommunnamn":"JÖNKÖPING","trakt":"SLÖJDVIRKET","blockenhet":"27","omrnr":1,"fastighet":"SLÖJDVIRKET 27\u003e1","omrtyp":" ","omrinf":" ","adat":1100217600000}},{"type":"Feature","id":612,"geometry":{"type":"Point","coordinates":[14.255947229865628,57.77359055148289]},"properties":{"FID":612,"objekt_id":"909a6a4f-b54c-90ec-e040-ed8f66444c3f","externid":"0680\u003eSTRÖMMEN\u003e1\u003e1\u003e\u003e\u003e\u003e1","detaljtyp":"FASTID","kommunkod":"0680","kommunnamn":"JÖNKÖPING","trakt":"STRÖMMEN","blockenhet":"1","omrnr":1,"fastighet":"STRÖMMEN 1\u003e1","omrtyp":" ","omrinf":" ","adat":1100217600000}},{"type":"Feature","id":613,"geometry":{"type":"Point","coordinates":[14.258516841121393,57.777839926881569]},"properties":{"FID":613,"objekt_id":"909a6a4f-adeb-90ec-e040-ed8f66444c3f","externid":"0680\u003eSLÖJDPÅSEN\u003e1\u003e1\u003e\u003e\u003e\u003e1","detaljtyp":"FASTID","kommunkod":"0680","kommunnamn":"JÖNKÖPING","trakt":"SLÖJDPÅSEN","blockenhet":"1","omrnr":1,"fastighet":"SLÖJDPÅSEN 1\u003e1","omrtyp":" ","omrinf":" ","adat":1109894400000}},{"type":"Feature","id":614,"geometry":{"type":"Point","coordinates":[14.259200806128204,57.771516377483188]},"properties":{"FID":614,"objekt_id":"909a6a4f-aec6-90ec-e040-ed8f66444c3f","externid":"0680\u003eSMÖRBOLLEN\u003e1\u003e1\u003e\u003e\u003e\u003e1","detaljtyp":"FASTID","kommunkod":"0680","kommunnamn":"JÖNKÖPING","trakt":"SMÖRBOLLEN","blockenhet":"1","omrnr":1,"fastighet":"SMÖRBOLLEN 1\u003e1","omrtyp":" ","omrinf":" ","adat":1100217600000}},{"type":"Feature","id":615,"geometry":{"type":"Point","coordinates":[14.259334667897113,57.77581501371273]},"properties":{"FID":615,"objekt_id":"909a6a4f-ae18-90ec-e040-ed8f66444c3f","externid":"0680\u003eSLÖJDSALEN\u003e2\u003e1\u003e\u003e\u003e\u003e1","detaljtyp":"FASTID","kommunkod":"0680","kommunnamn":"JÖNKÖPING","trakt":"SLÖJDSALEN","blockenhet":"2","omrnr":1,"fastighet":"SLÖJDSALEN 2\u003e1","omrtyp":" ","omrinf":" ","adat":1109894400000}},{"type":"Feature","id":616,"geometry":{"type":"Point","coordinates":[14.259383973040361,57.773993547579515]},"properties":{"FID":616,"objekt_id":"909a6a4f-ad3c-90ec-e040-ed8f66444c3f","externid":"0680\u003eSLÅTTERÄNGEN\u003e1\u003e1\u003e\u003e\u003e\u003e1","detaljtyp":"FASTID","kommunkod":"0680","kommunnamn":"JÖNKÖPING","trakt":"SLÅTTERÄNGEN","blockenhet":"1","omrnr":1,"fastighet":"SLÅTTERÄNGEN 1\u003e1","omrtyp":" ","omrinf":" ","adat":1109894400000}},{"type":"Feature","id":617,"geometry":{"type":"Point","coordinates":[14.259517692206432,57.776605706939968]},"properties":{"FID":617,"objekt_id":"909a6a4f-ae17-90ec-e040-ed8f66444c3f","externid":"0680\u003eSLÖJDSALEN\u003e1\u003e1\u003e\u003e\u003e\u003e1","detaljtyp":"FASTID","kommunkod":"0680","kommunnamn":"JÖNKÖPING","trakt":"SLÖJDSALEN","blockenhet":"1","omrnr":1,"fastighet":"SLÖJDSALEN 1\u003e1","omrtyp":" ","omrinf":" ","adat":1109894400000}},{"type":"Feature","id":618,"geometry":{"type":"Point","coordinates":[14.26209155472416,57.771516612082735]},"properties":{"FID":618,"objekt_id":"909a6a4f-aecc-90ec-e040-ed8f66444c3f","externid":"0680\u003eSMÖRBOLLEN\u003e7\u003e1\u003e\u003e\u003e\u003e1","detaljtyp":"FASTID","kommunkod":"0680","kommunnamn":"JÖNKÖPING","trakt":"SMÖRBOLLEN","blockenhet":"7","omrnr":1,"fastighet":"SMÖRBOLLEN 7\u003e1","omrtyp":" ","omrinf":" ","adat":1100217600000}},{"type":"Feature","id":619,"geometry":{"type":"Point","coordinates":[14.262329679678137,57.77771222322319]},"properties":{"FID":619,"objekt_id":"909a6a51-6a68-90ec-e040-ed8f66444c3f","externid":"0680\u003eSMÅSKOLAN\u003e2\u003e1\u003e\u003e\u003e\u003e1","detaljtyp":"FASTID","kommunkod":"0680","kommunnamn":"JÖNKÖPING","trakt":"SMÅSKOLAN","blockenhet":"2","omrnr":1,"fastighet":"SMÅSKOLAN 2\u003e1","omrtyp":" ","omrinf":" ","adat":1109894400000}},{"type":"Feature","id":620,"geometry":{"type":"Point","coordinates":[14.262546328461257,57.774999263908562]},"properties":{"FID":620,"objekt_id":"909a6a4f-ad35-90ec-e040-ed8f66444c3f","externid":"0680\u003eSLÅTTERGUBBEN\u003e1\u003e1\u003e\u003e\u003e\u003e1","detaljtyp":"FASTID","kommunkod":"0680","kommunnamn":"JÖNKÖPING","trakt":"SLÅTTERGUBBEN","blockenhet":"1","omrnr":1,"fastighet":"SLÅTTERGUBBEN 1\u003e1","omrtyp":" ","omrinf":" ","adat":1109894400000}},{"type":"Feature","id":621,"geometry":{"type":"Point","coordinates":[14.265594713479826,57.774461633485728]},"properties":{"FID":621,"objekt_id":"909a6a4f-ad36-90ec-e040-ed8f66444c3f","externid":"0680\u003eSLÅTTERKARLEN\u003e1\u003e1\u003e\u003e\u003e\u003e1","detaljtyp":"FASTID","kommunkod":"0680","kommunnamn":"JÖNKÖPING","trakt":"SLÅTTERKARLEN","blockenhet":"1","omrnr":1,"fastighet":"SLÅTTERKARLEN 1\u003e1","omrtyp":" ","omrinf":" ","adat":1109894400000}},{"type":"Feature","id":622,"geometry":{"type":"Point","coordinates":[14.265712646665259,57.773626117653471]},"properties":{"FID":622,"objekt_id":"909a6a4f-ad39-90ec-e040-ed8f66444c3f","externid":"0680\u003eSLÅTTERVALLEN\u003e1\u003e1\u003e\u003e\u003e\u003e1","detaljtyp":"FASTID","kommunkod":"0680","kommunnamn":"JÖNKÖPING","trakt":"SLÅTTERVALLEN","blockenhet":"1","omrnr":1,"fastighet":"SLÅTTERVALLEN 1\u003e1","omrtyp":" ","omrinf":" ","adat":1109894400000}},{"type":"Feature","id":623,"geometry":{"type":"Point","coordinates":[14.266162037280237,57.777717533626607]},"properties":{"FID":623,"objekt_id":"909a6a4f-aeb3-90ec-e040-ed8f66444c3f","externid":"0680\u003eSMULTRONPLANTAN\u003e2\u003e1\u003e\u003e\u003e\u003e1","detaljtyp":"FASTID","kommunkod":"0680","kommunnamn":"JÖNKÖPING","trakt":"SMULTRONPLANTAN","blockenhet":"2","omrnr":1,"fastighet":"SMULTRONPLANTAN 2\u003e1","omrtyp":" ","omrinf":" ","adat":1109894400000}},{"type":"Feature","id":624,"geometry":{"type":"Point","coordinates":[14.266570295708744,57.772786116724646]},"properties":{"FID":624,"objekt_id":"909a6a4f-ad3a-90ec-e040-ed8f66444c3f","externid":"0680\u003eSLÅTTERVALLEN\u003e2\u003e1\u003e\u003e\u003e\u003e1","detaljtyp":"FASTID","kommunkod":"0680","kommunnamn":"JÖNKÖPING","trakt":"SLÅTTERVALLEN","blockenhet":"2","omrnr":1,"fastighet":"SLÅTTERVALLEN 2\u003e1","omrtyp":" ","omrinf":" ","adat":1109894400000}},{"type":"Feature","id":625,"geometry":{"type":"Point","coordinates":[14.266794675952482,57.774637759964591]},"properties":{"FID":625,"objekt_id":"7621d900-161c-176b-e053-7e44ed8fae3b","externid":"0680\u003eSLÅTTERKARLEN\u003e2\u003e1\u003e\u003e\u003e\u003e1","detaljtyp":"FASTID","kommunkod":"0680","kommunnamn":"JÖNKÖPING","trakt":"SLÅTTERKARLEN","blockenhet":"2","omrnr":1,"fastighet":"SLÅTTERKARLEN 2\u003e1","omrtyp":" ","omrinf":" ","adat":1537747200000}},{"type":"Feature","id":626,"geometry":{"type":"Point","coordinates":[14.267557062335303,57.774628432878004]},"properties":{"FID":626,"objekt_id":"7621d900-161d-176b-e053-7e44ed8fae3b","externid":"0680\u003eSLÅTTERKARLEN\u003e3\u003e1\u003e\u003e\u003e\u003e1","detaljtyp":"FASTID","kommunkod":"0680","kommunnamn":"JÖNKÖPING","trakt":"SLÅTTERKARLEN","blockenhet":"3","omrnr":1,"fastighet":"SLÅTTERKARLEN 3\u003e1","omrtyp":" ","omrinf":" ","adat":1537747200000}},{"type":"Feature","id":627,"geometry":{"type":"Point","coordinates":[14.251648214342067,57.77991738955712]},"properties":{"FID":627,"objekt_id":"909a6a4f-ad6b-90ec-e040-ed8f66444c3f","externid":"0680\u003eSLÖJDARBETET\u003e5\u003e1\u003e\u003e\u003e\u003e1","detaljtyp":"FASTID","kommunkod":"0680","kommunnamn":"JÖNKÖPING","trakt":"SLÖJDARBETET","blockenhet":"5","omrnr":1,"fastighet":"SLÖJDARBETET 5\u003e1","omrtyp":" ","omrinf":" ","adat":1100217600000}},{"type":"Feature","id":628,"geometry":{"type":"Point","coordinates":[14.252014895092149,57.779717137456643]},"properties":{"FID":628,"objekt_id":"909a6a4f-ad6c-90ec-e040-ed8f66444c3f","externid":"0680\u003eSLÖJDARBETET\u003e6\u003e1\u003e\u003e\u003e\u003e1","detaljtyp":"FASTID","kommunkod":"0680","kommunnamn":"JÖNKÖPING","trakt":"SLÖJDARBETET","blockenhet":"6","omrnr":1,"fastighet":"SLÖJDARBETET 6\u003e1","omrtyp":" ","omrinf":" ","adat":1100217600000}},{"type":"Feature","id":629,"geometry":{"type":"Point","coordinates":[14.252648723922167,57.779480651314167]},"properties":{"FID":629,"objekt_id":"909a6a4f-ad7b-90ec-e040-ed8f66444c3f","externid":"0680\u003eSLÖJDBÄNKEN\u003e1\u003e1\u003e\u003e\u003e\u003e1","detaljtyp":"FASTID","kommunkod":"0680","kommunnamn":"JÖNKÖPING","trakt":"SLÖJDBÄNKEN","blockenhet":"1","omrnr":1,"fastighet":"SLÖJDBÄNKEN 1\u003e1","omrtyp":" ","omrinf":" ","adat":1100217600000}},{"type":"Feature","id":630,"geometry":{"type":"Point","coordinates":[14.25302390248828,57.77888626763481]},"properties":{"FID":630,"objekt_id":"909a6a4f-ae4e-90ec-e040-ed8f66444c3f","externid":"0680\u003eSLÖJDYXAN\u003e1\u003e1\u003e\u003e\u003e\u003e1","detaljtyp":"FASTID","kommunkod":"0680","kommunnamn":"JÖNKÖPING","trakt":"SLÖJDYXAN","blockenhet":"1","omrnr":1,"fastighet":"SLÖJDYXAN 1\u003e1","omrtyp":" ","omrinf":" ","adat":1100217600000}},{"type":"Feature","id":631,"geometry":{"type":"Point","coordinates":[14.253447862264727,57.779035147101155]},"properties":{"FID":631,"objekt_id":"909a6a4f-ae4f-90ec-e040-ed8f66444c3f","externid":"0680\u003eSLÖJDYXAN\u003e2\u003e1\u003e\u003e\u003e\u003e1","detaljtyp":"FASTID","kommunkod":"0680","kommunnamn":"JÖNKÖPING","trakt":"SLÖJDYXAN","blockenhet":"2","omrnr":1,"fastighet":"SLÖJDYXAN 2\u003e1","omrtyp":" ","omrinf":" ","adat":1100217600000}},{"type":"Feature","id":632,"geometry":{"type":"Point","coordinates":[14.253836751648553,57.779178204531163]},"properties":{"FID":632,"objekt_id":"909a6a4f-ae50-90ec-e040-ed8f66444c3f","externid":"0680\u003eSLÖJDYXAN\u003e3\u003e1\u003e\u003e\u003e\u003e1","detaljtyp":"FASTID","kommunkod":"0680","kommunnamn":"JÖNKÖPING","trakt":"SLÖJDYXAN","blockenhet":"3","omrnr":1,"fastighet":"SLÖJDYXAN 3\u003e1","omrtyp":" ","omrinf":" ","adat":1100217600000}},{"type":"Feature","id":633,"geometry":{"type":"Point","coordinates":[14.254355027646747,57.778186860353863]},"properties":{"FID":633,"objekt_id":"909a6a4f-ae1a-90ec-e040-ed8f66444c3f","externid":"0680\u003eSLÖJDVIRKET\u003e1\u003e1\u003e\u003e\u003e\u003e1","detaljtyp":"FASTID","kommunkod":"0680","kommunnamn":"JÖNKÖPING","trakt":"SLÖJDVIRKET","blockenhet":"1","omrnr":1,"fastighet":"SLÖJDVIRKET 1\u003e1","omrtyp":" ","omrinf":" ","adat":1100217600000}},{"type":"Feature","id":634,"geometry":{"type":"Point","coordinates":[14.254360146799019,57.780143699205226]},"properties":{"FID":634,"objekt_id":"909a6a4f-ad75-90ec-e040-ed8f66444c3f","externid":"0680\u003eSLÖJDBODEN\u003e1\u003e1\u003e\u003e\u003e\u003e1","detaljtyp":"FASTID","kommunkod":"0680","kommunnamn":"JÖNKÖPING","trakt":"SLÖJDBODEN","blockenhet":"1","omrnr":1,"fastighet":"SLÖJDBODEN 1\u003e1","omrtyp":" ","omrinf":" ","adat":1100217600000}},{"type":"Feature","id":635,"geometry":{"type":"Point","coordinates":[14.254638874628039,57.778976096619871]},"properties":{"FID":635,"objekt_id":"909a6a4f-adb2-90ec-e040-ed8f66444c3f","externid":"0680\u003eSLÖJDLÄRAREN\u003e1\u003e1\u003e\u003e\u003e\u003e1","detaljtyp":"FASTID","kommunkod":"0680","kommunnamn":"JÖNKÖPING","trakt":"SLÖJDLÄRAREN","blockenhet":"1","omrnr":1,"fastighet":"SLÖJDLÄRAREN 1\u003e1","omrtyp":" ","omrinf":" ","adat":1100217600000}},{"type":"Feature","id":636,"geometry":{"type":"Point","coordinates":[14.25476803892437,57.77866875845131]},"properties":{"FID":636,"objekt_id":"909a6a4f-add1-90ec-e040-ed8f66444c3f","externid":"0680\u003eSLÖJDLÄRAREN\u003e32\u003e1\u003e\u003e\u003e\u003e1","detaljtyp":"FASTID","kommunkod":"0680","kommunnamn":"JÖNKÖPING","trakt":"SLÖJDLÄRAREN","blockenhet":"32","omrnr":1,"fastighet":"SLÖJDLÄRAREN 32\u003e1","omrtyp":" ","omrinf":" ","adat":1100217600000}},{"type":"Feature","id":637,"geometry":{"type":"Point","coordinates":[14.255088121357128,57.778731048329384]},"properties":{"FID":637,"objekt_id":"909a6a4f-add3-90ec-e040-ed8f66444c3f","externid":"0680\u003eSLÖJDLÄRAREN\u003e34\u003e1\u003e\u003e\u003e\u003e1","detaljtyp":"FASTID","kommunkod":"0680","kommunnamn":"JÖNKÖPING","trakt":"SLÖJDLÄRAREN","blockenhet":"34","omrnr":1,"fastighet":"SLÖJDLÄRAREN 34\u003e1","omrtyp":" ","omrinf":" ","adat":1100217600000}},{"type":"Feature","id":638,"geometry":{"type":"Point","coordinates":[14.251190867840776,57.780584394056383]},"properties":{"FID":638,"objekt_id":"909a6a4f-abf0-90ec-e040-ed8f66444c3f","externid":"0680\u003eSKRÄDDERIET\u003e9\u003e1\u003e\u003e\u003e\u003e1","detaljtyp":"FASTID","kommunkod":"0680","kommunnamn":"JÖNKÖPING","trakt":"SKRÄDDERIET","blockenhet":"9","omrnr":1,"fastighet":"SKRÄDDERIET 9\u003e1","omrtyp":" ","omrinf":" ","adat":1100217600000}},{"type":"Feature","id":639,"geometry":{"type":"Point","coordinates":[14.251201312368091,57.780224411233839]},"properties":{"FID":639,"objekt_id":"909a6a4f-abe8-90ec-e040-ed8f66444c3f","externid":"0680\u003eSKRÄDDERIET\u003e1\u003e1\u003e\u003e\u003e\u003e1","detaljtyp":"FASTID","kommunkod":"0680","kommunnamn":"JÖNKÖPING","trakt":"SKRÄDDERIET","blockenhet":"1","omrnr":1,"fastighet":"SKRÄDDERIET 1\u003e1","omrtyp":" ","omrinf":" ","adat":1100217600000}},{"type":"Feature","id":640,"geometry":{"type":"Point","coordinates":[14.251801441567187,57.780850509378972]},"properties":{"FID":640,"objekt_id":"909a6a4f-abee-90ec-e040-ed8f66444c3f","externid":"0680\u003eSKRÄDDERIET\u003e7\u003e1\u003e\u003e\u003e\u003e1","detaljtyp":"FASTID","kommunkod":"0680","kommunnamn":"JÖNKÖPING","trakt":"SKRÄDDERIET","blockenhet":"7","omrnr":1,"fastighet":"SKRÄDDERIET 7\u003e1","omrtyp":" ","omrinf":" ","adat":1100217600000}},{"type":"Feature","id":641,"geometry":{"type":"Point","coordinates":[14.251912512904841,57.780534875097565]},"properties":{"FID":641,"objekt_id":"909a6a4f-abea-90ec-e040-ed8f66444c3f","externid":"0680\u003eSKRÄDDERIET\u003e3\u003e1\u003e\u003e\u003e\u003e1","detaljtyp":"FASTID","kommunkod":"0680","kommunnamn":"JÖNKÖPING","trakt":"SKRÄDDERIET","blockenhet":"3","omrnr":1,"fastighet":"SKRÄDDERIET 3\u003e1","omrtyp":" ","omrinf":" ","adat":1100217600000}},{"type":"Feature","id":642,"geometry":{"type":"Point","coordinates":[14.252190299599635,57.78095585324489]},"properties":{"FID":642,"objekt_id":"909a6a4f-abed-90ec-e040-ed8f66444c3f","externid":"0680\u003eSKRÄDDERIET\u003e6\u003e1\u003e\u003e\u003e\u003e1","detaljtyp":"FASTID","kommunkod":"0680","kommunnamn":"JÖNKÖPING","trakt":"SKRÄDDERIET","blockenhet":"6","omrnr":1,"fastighet":"SKRÄDDERIET 6\u003e1","omrtyp":" ","omrinf":" ","adat":1100217600000}},{"type":"Feature","id":643,"geometry":{"type":"Point","coordinates":[14.252300796527281,57.780614165429618]},"properties":{"FID":643,"objekt_id":"909a6a4f-abeb-90ec-e040-ed8f66444c3f","externid":"0680\u003eSKRÄDDERIET\u003e4\u003e1\u003e\u003e\u003e\u003e1","detaljtyp":"FASTID","kommunkod":"0680","kommunnamn":"JÖNKÖPING","trakt":"SKRÄDDERIET","blockenhet":"4","omrnr":1,"fastighet":"SKRÄDDERIET 4\u003e1","omrtyp":" ","omrinf":" ","adat":1100217600000}},{"type":"Feature","id":644,"geometry":{"type":"Point","coordinates":[14.25255682961274,57.780837323266944]},"properties":{"FID":644,"objekt_id":"909a6a4f-abec-90ec-e040-ed8f66444c3f","externid":"0680\u003eSKRÄDDERIET\u003e5\u003e1\u003e\u003e\u003e\u003e1","detaljtyp":"FASTID","kommunkod":"0680","kommunnamn":"JÖNKÖPING","trakt":"SKRÄDDERIET","blockenhet":"5","omrnr":1,"fastighet":"SKRÄDDERIET 5\u003e1","omrtyp":" ","omrinf":" ","adat":1100217600000}},{"type":"Feature","id":645,"geometry":{"type":"Point","coordinates":[14.252733707397452,57.78035904929235]},"properties":{"FID":645,"objekt_id":"909a6a4f-ad68-90ec-e040-ed8f66444c3f","externid":"0680\u003eSLÖJDARBETET\u003e2\u003e1\u003e\u003e\u003e\u003e1","detaljtyp":"FASTID","kommunkod":"0680","kommunnamn":"JÖNKÖPING","trakt":"SLÖJDARBETET","blockenhet":"2","omrnr":1,"fastighet":"SLÖJDARBETET 2\u003e1","omrtyp":" ","omrinf":" ","adat":1100217600000}},{"type":"Feature","id":646,"geometry":{"type":"Point","coordinates":[14.253386486467269,57.780229655080724]},"properties":{"FID":646,"objekt_id":"909a6a4f-ad6f-90ec-e040-ed8f66444c3f","externid":"0680\u003eSLÖJDARBETET\u003e9\u003e1\u003e\u003e\u003e\u003e1","detaljtyp":"FASTID","kommunkod":"0680","kommunnamn":"JÖNKÖPING","trakt":"SLÖJDARBETET","blockenhet":"9","omrnr":1,"fastighet":"SLÖJDARBETET 9\u003e1","omrtyp":" ","omrinf":" ","adat":1100217600000}},{"type":"Feature","id":647,"geometry":{"type":"Point","coordinates":[14.253512136324188,57.780670322563836]},"properties":{"FID":647,"objekt_id":"909a6a4f-ad72-90ec-e040-ed8f66444c3f","externid":"0680\u003eSLÖJDAREN\u003e3\u003e1\u003e\u003e\u003e\u003e1","detaljtyp":"FASTID","kommunkod":"0680","kommunnamn":"JÖNKÖPING","trakt":"SLÖJDAREN","blockenhet":"3","omrnr":1,"fastighet":"SLÖJDAREN 3\u003e1","omrtyp":" ","omrinf":" ","adat":1100217600000}},{"type":"Feature","id":648,"geometry":{"type":"Point","coordinates":[14.253917658633313,57.780739945240093]},"properties":{"FID":648,"objekt_id":"909a6a4f-ad71-90ec-e040-ed8f66444c3f","externid":"0680\u003eSLÖJDAREN\u003e2\u003e1\u003e\u003e\u003e\u003e1","detaljtyp":"FASTID","kommunkod":"0680","kommunnamn":"JÖNKÖPING","trakt":"SLÖJDAREN","blockenhet":"2","omrnr":1,"fastighet":"SLÖJDAREN 2\u003e1","omrtyp":" ","omrinf":" ","adat":1100217600000}},{"type":"Feature","id":649,"geometry":{"type":"Point","coordinates":[14.254468525045672,57.78067395632953]},"properties":{"FID":649,"objekt_id":"909a6a4f-ad74-90ec-e040-ed8f66444c3f","externid":"0680\u003eSLÖJDAREN\u003e5\u003e1\u003e\u003e\u003e\u003e1","detaljtyp":"FASTID","kommunkod":"0680","kommunnamn":"JÖNKÖPING","trakt":"SLÖJDAREN","blockenhet":"5","omrnr":1,"fastighet":"SLÖJDAREN 5\u003e1","omrtyp":" ","omrinf":" ","adat":1100217600000}},{"type":"Feature","id":650,"geometry":{"type":"Point","coordinates":[14.255020901990646,57.780455313010378]},"properties":{"FID":650,"objekt_id":"909a6a4f-ad77-90ec-e040-ed8f66444c3f","externid":"0680\u003eSLÖJDBODEN\u003e3\u003e1\u003e\u003e\u003e\u003e1","detaljtyp":"FASTID","kommunkod":"0680","kommunnamn":"JÖNKÖPING","trakt":"SLÖJDBODEN","blockenhet":"3","omrnr":1,"fastighet":"SLÖJDBODEN 3\u003e1","omrtyp":" ","omrinf":" ","adat":1100217600000}},{"type":"Feature","id":651,"geometry":{"type":"Point","coordinates":[14.255443807024331,57.78141327764606]},"properties":{"FID":651,"objekt_id":"909a6a4f-b77a-90ec-e040-ed8f66444c3f","externid":"0680\u003eSYNÅLEN\u003e1\u003e1\u003e\u003e\u003e\u003e1","detaljtyp":"FASTID","kommunkod":"0680","kommunnamn":"JÖNKÖPING","trakt":"SYNÅLEN","blockenhet":"1","omrnr":1,"fastighet":"SYNÅLEN 1\u003e1","omrtyp":" ","omrinf":" ","adat":1100217600000}},{"type":"Feature","id":652,"geometry":{"type":"Point","coordinates":[14.256501788459117,57.780537188716551]},"properties":{"FID":652,"objekt_id":"909a6a4f-ae03-90ec-e040-ed8f66444c3f","externid":"0680\u003eSLÖJDREDSKAPET\u003e24\u003e1\u003e\u003e\u003e\u003e1","detaljtyp":"FASTID","kommunkod":"0680","kommunnamn":"JÖNKÖPING","trakt":"SLÖJDREDSKAPET","blockenhet":"24","omrnr":1,"fastighet":"SLÖJDREDSKAPET 24\u003e1","omrtyp":" ","omrinf":" ","adat":1100217600000}},{"type":"Feature","id":653,"geometry":{"type":"Point","coordinates":[14.256669625948199,57.780543733218821]},"properties":{"FID":653,"objekt_id":"909a6a4f-ae04-90ec-e040-ed8f66444c3f","externid":"0680\u003eSLÖJDREDSKAPET\u003e25\u003e1\u003e\u003e\u003e\u003e1","detaljtyp":"FASTID","kommunkod":"0680","kommunnamn":"JÖNKÖPING","trakt":"SLÖJDREDSKAPET","blockenhet":"25","omrnr":1,"fastighet":"SLÖJDREDSKAPET 25\u003e1","omrtyp":" ","omrinf":" ","adat":1100217600000}},{"type":"Feature","id":654,"geometry":{"type":"Point","coordinates":[14.250752391582518,57.780460474062458]},"properties":{"FID":654,"objekt_id":"909a6a4f-abf1-90ec-e040-ed8f66444c3f","externid":"0680\u003eSKRÄDDERIET\u003e10\u003e1\u003e\u003e\u003e\u003e1","detaljtyp":"FASTID","kommunkod":"0680","kommunnamn":"JÖNKÖPING","trakt":"SKRÄDDERIET","blockenhet":"10","omrnr":1,"fastighet":"SKRÄDDERIET 10\u003e1","omrtyp":" ","omrinf":" ","adat":1100217600000}},{"type":"Feature","id":655,"geometry":{"type":"Point","coordinates":[14.250387318932026,57.780740660100555]},"properties":{"FID":655,"objekt_id":"909a6a4f-abe1-90ec-e040-ed8f66444c3f","externid":"0680\u003eSKRÄDDAREN\u003e1\u003e1\u003e\u003e\u003e\u003e1","detaljtyp":"FASTID","kommunkod":"0680","kommunnamn":"JÖNKÖPING","trakt":"SKRÄDDAREN","blockenhet":"1","omrnr":1,"fastighet":"SKRÄDDAREN 1\u003e1","omrtyp":" ","omrinf":" ","adat":1100217600000}},{"type":"Feature","id":656,"geometry":{"type":"Point","coordinates":[14.250727106717543,57.780892104968238]},"properties":{"FID":656,"objekt_id":"909a6a4f-abe2-90ec-e040-ed8f66444c3f","externid":"0680\u003eSKRÄDDAREN\u003e2\u003e1\u003e\u003e\u003e\u003e1","detaljtyp":"FASTID","kommunkod":"0680","kommunnamn":"JÖNKÖPING","trakt":"SKRÄDDAREN","blockenhet":"2","omrnr":1,"fastighet":"SKRÄDDAREN 2\u003e1","omrtyp":" ","omrinf":" ","adat":1100217600000}},{"type":"Feature","id":657,"geometry":{"type":"Point","coordinates":[14.250021524226858,57.780958878169052]},"properties":{"FID":657,"objekt_id":"909a6a4f-abe7-90ec-e040-ed8f66444c3f","externid":"0680\u003eSKRÄDDAREN\u003e7\u003e1\u003e\u003e\u003e\u003e1","detaljtyp":"FASTID","kommunkod":"0680","kommunnamn":"JÖNKÖPING","trakt":"SKRÄDDAREN","blockenhet":"7","omrnr":1,"fastighet":"SKRÄDDAREN 7\u003e1","omrtyp":" ","omrinf":" ","adat":1466380800000}},{"type":"Feature","id":658,"geometry":{"type":"Point","coordinates":[14.249962623264587,57.781390103448565]},"properties":{"FID":658,"objekt_id":"909a6a4f-b8eb-90ec-e040-ed8f66444c3f","externid":"0680\u003eSÖMMEN\u003e2\u003e1\u003e\u003e\u003e\u003e1","detaljtyp":"FASTID","kommunkod":"0680","kommunnamn":"JÖNKÖPING","trakt":"SÖMMEN","blockenhet":"2","omrnr":1,"fastighet":"SÖMMEN 2\u003e1","omrtyp":" ","omrinf":" ","adat":1466380800000}},{"type":"Feature","id":659,"geometry":{"type":"Point","coordinates":[14.265645231959581,57.770907006042805]},"properties":{"FID":659,"objekt_id":"909a6a51-7dda-90ec-e040-ed8f66444c3f","externid":"0680\u003eSPARVNÄVAN\u003e11\u003e1\u003e\u003e\u003e\u003e1","detaljtyp":"FASTID","kommunkod":"0680","kommunnamn":"JÖNKÖPING","trakt":"SPARVNÄVAN","blockenhet":"11","omrnr":1,"fastighet":"SPARVNÄVAN 11\u003e1","omrtyp":" ","omrinf":" ","adat":1140480000000}},{"type":"Feature","id":660,"geometry":{"type":"Point","coordinates":[14.26569802638855,57.77096961589946]},"properties":{"FID":660,"objekt_id":"909a6a51-7ddb-90ec-e040-ed8f66444c3f","externid":"0680\u003eSPARVNÄVAN\u003e12\u003e1\u003e\u003e\u003e\u003e1","detaljtyp":"FASTID","kommunkod":"0680","kommunnamn":"JÖNKÖPING","trakt":"SPARVNÄVAN","blockenhet":"12","omrnr":1,"fastighet":"SPARVNÄVAN 12\u003e1","omrtyp":" ","omrinf":" ","adat":1140480000000}},{"type":"Feature","id":661,"geometry":{"type":"Point","coordinates":[14.265715140869698,57.771041666462487]},"properties":{"FID":661,"objekt_id":"909a6a51-7ddc-90ec-e040-ed8f66444c3f","externid":"0680\u003eSPARVNÄVAN\u003e13\u003e1\u003e\u003e\u003e\u003e1","detaljtyp":"FASTID","kommunkod":"0680","kommunnamn":"JÖNKÖPING","trakt":"SPARVNÄVAN","blockenhet":"13","omrnr":1,"fastighet":"SPARVNÄVAN 13\u003e1","omrtyp":" ","omrinf":" ","adat":1140480000000}},{"type":"Feature","id":662,"geometry":{"type":"Point","coordinates":[14.265741007026897,57.77059207052541]},"properties":{"FID":662,"objekt_id":"909a6a51-7dd6-90ec-e040-ed8f66444c3f","externid":"0680\u003eSPARVNÄVAN\u003e7\u003e1\u003e\u003e\u003e\u003e1","detaljtyp":"FASTID","kommunkod":"0680","kommunnamn":"JÖNKÖPING","trakt":"SPARVNÄVAN","blockenhet":"7","omrnr":1,"fastighet":"SPARVNÄVAN 7\u003e1","omrtyp":" ","omrinf":" ","adat":1140480000000}},{"type":"Feature","id":663,"geometry":{"type":"Point","coordinates":[14.265751290809501,57.771139984908828]},"properties":{"FID":663,"objekt_id":"909a6a51-7ddd-90ec-e040-ed8f66444c3f","externid":"0680\u003eSPARVNÄVAN\u003e14\u003e1\u003e\u003e\u003e\u003e1","detaljtyp":"FASTID","kommunkod":"0680","kommunnamn":"JÖNKÖPING","trakt":"SPARVNÄVAN","blockenhet":"14","omrnr":1,"fastighet":"SPARVNÄVAN 14\u003e1","omrtyp":" ","omrinf":" ","adat":1140480000000}},{"type":"Feature","id":664,"geometry":{"type":"Point","coordinates":[14.265796492489235,57.769999156474398]},"properties":{"FID":664,"objekt_id":"909a6a51-7e01-90ec-e040-ed8f66444c3f","externid":"0680\u003eSTENSÖTAN\u003e15\u003e1\u003e\u003e\u003e\u003e1","detaljtyp":"FASTID","kommunkod":"0680","kommunnamn":"JÖNKÖPING","trakt":"STENSÖTAN","blockenhet":"15","omrnr":1,"fastighet":"STENSÖTAN 15\u003e1","omrtyp":" ","omrinf":" ","adat":1140480000000}},{"type":"Feature","id":665,"geometry":{"type":"Point","coordinates":[14.265878154843923,57.7699363912648]},"properties":{"FID":665,"objekt_id":"909a6a51-7e00-90ec-e040-ed8f66444c3f","externid":"0680\u003eSTENSÖTAN\u003e14\u003e1\u003e\u003e\u003e\u003e1","detaljtyp":"FASTID","kommunkod":"0680","kommunnamn":"JÖNKÖPING","trakt":"STENSÖTAN","blockenhet":"14","omrnr":1,"fastighet":"STENSÖTAN 14\u003e1","omrtyp":" ","omrinf":" ","adat":1140480000000}},{"type":"Feature","id":666,"geometry":{"type":"Point","coordinates":[14.265903224395389,57.770295009066082]},"properties":{"FID":666,"objekt_id":"909a6a51-7e06-90ec-e040-ed8f66444c3f","externid":"0680\u003eSTENSÖTAN\u003e20\u003e1\u003e\u003e\u003e\u003e1","detaljtyp":"FASTID","kommunkod":"0680","kommunnamn":"JÖNKÖPING","trakt":"STENSÖTAN","blockenhet":"20","omrnr":1,"fastighet":"STENSÖTAN 20\u003e1","omrtyp":" ","omrinf":" ","adat":1140480000000}},{"type":"Feature","id":667,"geometry":{"type":"Point","coordinates":[14.265993721386659,57.769827345852825]},"properties":{"FID":667,"objekt_id":"909a6a51-7dff-90ec-e040-ed8f66444c3f","externid":"0680\u003eSTENSÖTAN\u003e13\u003e1\u003e\u003e\u003e\u003e1","detaljtyp":"FASTID","kommunkod":"0680","kommunnamn":"JÖNKÖPING","trakt":"STENSÖTAN","blockenhet":"13","omrnr":1,"fastighet":"STENSÖTAN 13\u003e1","omrtyp":" ","omrinf":" ","adat":1140480000000}},{"type":"Feature","id":668,"geometry":{"type":"Point","coordinates":[14.266119503479375,57.771057356578993]},"properties":{"FID":668,"objekt_id":"909a6a51-7dde-90ec-e040-ed8f66444c3f","externid":"0680\u003eSPARVNÄVAN\u003e15\u003e1\u003e\u003e\u003e\u003e1","detaljtyp":"FASTID","kommunkod":"0680","kommunnamn":"JÖNKÖPING","trakt":"SPARVNÄVAN","blockenhet":"15","omrnr":1,"fastighet":"SPARVNÄVAN 15\u003e1","omrtyp":" ","omrinf":" ","adat":1140480000000}},{"type":"Feature","id":669,"geometry":{"type":"Point","coordinates":[14.266487714656988,57.770974718193003]},"properties":{"FID":669,"objekt_id":"909a6a51-7de0-90ec-e040-ed8f66444c3f","externid":"0680\u003eSPARVNÄVAN\u003e17\u003e1\u003e\u003e\u003e\u003e1","detaljtyp":"FASTID","kommunkod":"0680","kommunnamn":"JÖNKÖPING","trakt":"SPARVNÄVAN","blockenhet":"17","omrnr":1,"fastighet":"SPARVNÄVAN 17\u003e1","omrtyp":" ","omrinf":" ","adat":1140480000000}},{"type":"Feature","id":670,"geometry":{"type":"Point","coordinates":[14.266511890257602,57.770525112344323]},"properties":{"FID":670,"objekt_id":"909a6a51-7dd2-90ec-e040-ed8f66444c3f","externid":"0680\u003eSPARVNÄVAN\u003e3\u003e1\u003e\u003e\u003e\u003e1","detaljtyp":"FASTID","kommunkod":"0680","kommunnamn":"JÖNKÖPING","trakt":"SPARVNÄVAN","blockenhet":"3","omrnr":1,"fastighet":"SPARVNÄVAN 3\u003e1","omrtyp":" ","omrinf":" ","adat":1140480000000}},{"type":"Feature","id":671,"geometry":{"type":"Point","coordinates":[14.266566984754391,57.770731422395841]},"properties":{"FID":671,"objekt_id":"909a6a51-7de5-90ec-e040-ed8f66444c3f","externid":"0680\u003eSPARVNÄVAN\u003e42\u003e1\u003e\u003e\u003e\u003e1","detaljtyp":"FASTID","kommunkod":"0680","kommunnamn":"JÖNKÖPING","trakt":"SPARVNÄVAN","blockenhet":"42","omrnr":1,"fastighet":"SPARVNÄVAN 42\u003e1","omrtyp":" ","omrinf":" ","adat":1140480000000}},{"type":"Feature","id":672,"geometry":{"type":"Point","coordinates":[14.266821509771749,57.770002637421214]},"properties":{"FID":672,"objekt_id":"909a6a51-7df8-90ec-e040-ed8f66444c3f","externid":"0680\u003eSTENSÖTAN\u003e6\u003e1\u003e\u003e\u003e\u003e1","detaljtyp":"FASTID","kommunkod":"0680","kommunnamn":"JÖNKÖPING","trakt":"STENSÖTAN","blockenhet":"6","omrnr":1,"fastighet":"STENSÖTAN 6\u003e1","omrtyp":" ","omrinf":" ","adat":1140480000000}},{"type":"Feature","id":673,"geometry":{"type":"Point","coordinates":[14.266805699665309,57.770927395638338]},"properties":{"FID":673,"objekt_id":"909a6a51-7de2-90ec-e040-ed8f66444c3f","externid":"0680\u003eSPARVNÄVAN\u003e19\u003e1\u003e\u003e\u003e\u003e1","detaljtyp":"FASTID","kommunkod":"0680","kommunnamn":"JÖNKÖPING","trakt":"SPARVNÄVAN","blockenhet":"19","omrnr":1,"fastighet":"SPARVNÄVAN 19\u003e1","omrtyp":" ","omrinf":" ","adat":1140480000000}},{"type":"Feature","id":674,"geometry":{"type":"Point","coordinates":[14.266838992901782,57.770065707270398]},"properties":{"FID":674,"objekt_id":"909a6a51-7df7-90ec-e040-ed8f66444c3f","externid":"0680\u003eSTENSÖTAN\u003e5\u003e1\u003e\u003e\u003e\u003e1","detaljtyp":"FASTID","kommunkod":"0680","kommunnamn":"JÖNKÖPING","trakt":"STENSÖTAN","blockenhet":"5","omrnr":1,"fastighet":"STENSÖTAN 5\u003e1","omrtyp":" ","omrinf":" ","adat":1140480000000}},{"type":"Feature","id":675,"geometry":{"type":"Point","coordinates":[14.266959744841344,57.770190205226683]},"properties":{"FID":675,"objekt_id":"909a6a51-7df5-90ec-e040-ed8f66444c3f","externid":"0680\u003eSTENSÖTAN\u003e3\u003e1\u003e\u003e\u003e\u003e1","detaljtyp":"FASTID","kommunkod":"0680","kommunnamn":"JÖNKÖPING","trakt":"STENSÖTAN","blockenhet":"3","omrnr":1,"fastighet":"STENSÖTAN 3\u003e1","omrtyp":" ","omrinf":" ","adat":1140480000000}},{"type":"Feature","id":676,"geometry":{"type":"Point","coordinates":[14.267558189584749,57.770779381596242]},"properties":{"FID":676,"objekt_id":"909a6a51-7e18-90ec-e040-ed8f66444c3f","externid":"0680\u003eSPARVNÄVAN\u003e23\u003e1\u003e\u003e\u003e\u003e1","detaljtyp":"FASTID","kommunkod":"0680","kommunnamn":"JÖNKÖPING","trakt":"SPARVNÄVAN","blockenhet":"23","omrnr":1,"fastighet":"SPARVNÄVAN 23\u003e1","omrtyp":" ","omrinf":" ","adat":1140480000000}},{"type":"Feature","id":677,"geometry":{"type":"Point","coordinates":[14.26766698990259,57.770276018024063]},"properties":{"FID":677,"objekt_id":"909a6a51-7e28-90ec-e040-ed8f66444c3f","externid":"0680\u003eSPARVNÄVAN\u003e39\u003e1\u003e\u003e\u003e\u003e1","detaljtyp":"FASTID","kommunkod":"0680","kommunnamn":"JÖNKÖPING","trakt":"SPARVNÄVAN","blockenhet":"39","omrnr":1,"fastighet":"SPARVNÄVAN 39\u003e1","omrtyp":" ","omrinf":" ","adat":1140480000000}},{"type":"Feature","id":678,"geometry":{"type":"Point","coordinates":[14.267704098605568,57.770509953238985]},"properties":{"FID":678,"objekt_id":"909a6a51-7e2a-90ec-e040-ed8f66444c3f","externid":"0680\u003eSPARVNÄVAN\u003e41\u003e1\u003e\u003e\u003e\u003e1","detaljtyp":"FASTID","kommunkod":"0680","kommunnamn":"JÖNKÖPING","trakt":"SPARVNÄVAN","blockenhet":"41","omrnr":1,"fastighet":"SPARVNÄVAN 41\u003e1","omrtyp":" ","omrinf":" ","adat":1140480000000}},{"type":"Feature","id":679,"geometry":{"type":"Point","coordinates":[14.267743087617319,57.770778931815364]},"properties":{"FID":679,"objekt_id":"909a6a51-7e19-90ec-e040-ed8f66444c3f","externid":"0680\u003eSPARVNÄVAN\u003e24\u003e1\u003e\u003e\u003e\u003e1","detaljtyp":"FASTID","kommunkod":"0680","kommunnamn":"JÖNKÖPING","trakt":"SPARVNÄVAN","blockenhet":"24","omrnr":1,"fastighet":"SPARVNÄVAN 24\u003e1","omrtyp":" ","omrinf":" ","adat":1140480000000}},{"type":"Feature","id":680,"geometry":{"type":"Point","coordinates":[14.268048246384973,57.77000495756878]},"properties":{"FID":680,"objekt_id":"909a6a51-7d94-90ec-e040-ed8f66444c3f","externid":"0680\u003eSTENSÖTAN\u003e39\u003e1\u003e\u003e\u003e\u003e1","detaljtyp":"FASTID","kommunkod":"0680","kommunnamn":"JÖNKÖPING","trakt":"STENSÖTAN","blockenhet":"39","omrnr":1,"fastighet":"STENSÖTAN 39\u003e1","omrtyp":" ","omrinf":" ","adat":1140480000000}},{"type":"Feature","id":681,"geometry":{"type":"Point","coordinates":[14.268053753193984,57.77031035618721]},"properties":{"FID":681,"objekt_id":"909a6a51-7e27-90ec-e040-ed8f66444c3f","externid":"0680\u003eSPARVNÄVAN\u003e38\u003e1\u003e\u003e\u003e\u003e1","detaljtyp":"FASTID","kommunkod":"0680","kommunnamn":"JÖNKÖPING","trakt":"SPARVNÄVAN","blockenhet":"38","omrnr":1,"fastighet":"SPARVNÄVAN 38\u003e1","omrtyp":" ","omrinf":" ","adat":1140480000000}},{"type":"Feature","id":682,"geometry":{"type":"Point","coordinates":[14.268418052508446,57.770003167105912]},"properties":{"FID":682,"objekt_id":"909a6a51-7d96-90ec-e040-ed8f66444c3f","externid":"0680\u003eSTENSÖTAN\u003e41\u003e1\u003e\u003e\u003e\u003e1","detaljtyp":"FASTID","kommunkod":"0680","kommunnamn":"JÖNKÖPING","trakt":"STENSÖTAN","blockenhet":"41","omrnr":1,"fastighet":"STENSÖTAN 41\u003e1","omrtyp":" ","omrinf":" ","adat":1140480000000}},{"type":"Feature","id":683,"geometry":{"type":"Point","coordinates":[14.268513675063776,57.770640116142033]},"properties":{"FID":683,"objekt_id":"909a6a51-7e1d-90ec-e040-ed8f66444c3f","externid":"0680\u003eSPARVNÄVAN\u003e28\u003e1\u003e\u003e\u003e\u003e1","detaljtyp":"FASTID","kommunkod":"0680","kommunnamn":"JÖNKÖPING","trakt":"SPARVNÄVAN","blockenhet":"28","omrnr":1,"fastighet":"SPARVNÄVAN 28\u003e1","omrtyp":" ","omrinf":" ","adat":1140480000000}},{"type":"Feature","id":684,"geometry":{"type":"Point","coordinates":[14.268708657012994,57.77024376586327]},"properties":{"FID":684,"objekt_id":"909a6a51-7e22-90ec-e040-ed8f66444c3f","externid":"0680\u003eSPARVNÄVAN\u003e33\u003e1\u003e\u003e\u003e\u003e1","detaljtyp":"FASTID","kommunkod":"0680","kommunnamn":"JÖNKÖPING","trakt":"SPARVNÄVAN","blockenhet":"33","omrnr":1,"fastighet":"SPARVNÄVAN 33\u003e1","omrtyp":" ","omrinf":" ","adat":1140480000000}},{"type":"Feature","id":685,"geometry":{"type":"Point","coordinates":[14.268749611190328,57.769794355246589]},"properties":{"FID":685,"objekt_id":"909a6a51-7d87-90ec-e040-ed8f66444c3f","externid":"0680\u003eSTENSÖTAN\u003e26\u003e1\u003e\u003e\u003e\u003e1","detaljtyp":"FASTID","kommunkod":"0680","kommunnamn":"JÖNKÖPING","trakt":"STENSÖTAN","blockenhet":"26","omrnr":1,"fastighet":"STENSÖTAN 26\u003e1","omrtyp":" ","omrinf":" ","adat":1140480000000}},{"type":"Feature","id":686,"geometry":{"type":"Point","coordinates":[14.267685935964652,57.770384009690623]},"properties":{"FID":686,"objekt_id":"909a6a51-7e29-90ec-e040-ed8f66444c3f","externid":"0680\u003eSPARVNÄVAN\u003e40\u003e1\u003e\u003e\u003e\u003e1","detaljtyp":"FASTID","kommunkod":"0680","kommunnamn":"JÖNKÖPING","trakt":"SPARVNÄVAN","blockenhet":"40","omrnr":1,"fastighet":"SPARVNÄVAN 40\u003e1","omrtyp":" ","omrinf":" ","adat":1140480000000}},{"type":"Feature","id":687,"geometry":{"type":"Point","coordinates":[14.268801791781145,57.769910829505292]},"properties":{"FID":687,"objekt_id":"909a6a51-7d86-90ec-e040-ed8f66444c3f","externid":"0680\u003eSTENSÖTAN\u003e25\u003e1\u003e\u003e\u003e\u003e1","detaljtyp":"FASTID","kommunkod":"0680","kommunnamn":"JÖNKÖPING","trakt":"STENSÖTAN","blockenhet":"25","omrnr":1,"fastighet":"STENSÖTAN 25\u003e1","omrtyp":" ","omrinf":" ","adat":1140480000000}},{"type":"Feature","id":688,"geometry":{"type":"Point","coordinates":[14.268853824102942,57.769991390059275]},"properties":{"FID":688,"objekt_id":"909a6a51-7d85-90ec-e040-ed8f66444c3f","externid":"0680\u003eSTENSÖTAN\u003e24\u003e1\u003e\u003e\u003e\u003e1","detaljtyp":"FASTID","kommunkod":"0680","kommunnamn":"JÖNKÖPING","trakt":"STENSÖTAN","blockenhet":"24","omrnr":1,"fastighet":"STENSÖTAN 24\u003e1","omrtyp":" ","omrinf":" ","adat":1140480000000}},{"type":"Feature","id":689,"geometry":{"type":"Point","coordinates":[14.268891375120166,57.770215446495861]},"properties":{"FID":689,"objekt_id":"909a6a51-7e21-90ec-e040-ed8f66444c3f","externid":"0680\u003eSPARVNÄVAN\u003e32\u003e1\u003e\u003e\u003e\u003e1","detaljtyp":"FASTID","kommunkod":"0680","kommunnamn":"JÖNKÖPING","trakt":"SPARVNÄVAN","blockenhet":"32","omrnr":1,"fastighet":"SPARVNÄVAN 32\u003e1","omrtyp":" ","omrinf":" ","adat":1140480000000}},{"type":"Feature","id":690,"geometry":{"type":"Point","coordinates":[14.268966478854557,57.770583649248508]},"properties":{"FID":690,"objekt_id":"909a6a51-7e1e-90ec-e040-ed8f66444c3f","externid":"0680\u003eSPARVNÄVAN\u003e29\u003e1\u003e\u003e\u003e\u003e1","detaljtyp":"FASTID","kommunkod":"0680","kommunnamn":"JÖNKÖPING","trakt":"SPARVNÄVAN","blockenhet":"29","omrnr":1,"fastighet":"SPARVNÄVAN 29\u003e1","omrtyp":" ","omrinf":" ","adat":1140480000000}},{"type":"Feature","id":691,"geometry":{"type":"Point","coordinates":[14.264901298297268,57.769157615546099]},"properties":{"FID":691,"objekt_id":"909a6a4f-b7ab-90ec-e040-ed8f66444c3f","externid":"0680\u003eSYSKAN\u003e21\u003e1\u003e\u003e\u003e\u003e1","detaljtyp":"FASTID","kommunkod":"0680","kommunnamn":"JÖNKÖPING","trakt":"SYSKAN","blockenhet":"21","omrnr":1,"fastighet":"SYSKAN 21\u003e1","omrtyp":" ","omrinf":" ","adat":1100217600000}},{"type":"Feature","id":692,"geometry":{"type":"Point","coordinates":[14.265659014893734,57.769162340096067]},"properties":{"FID":692,"objekt_id":"909a6a4f-b7a8-90ec-e040-ed8f66444c3f","externid":"0680\u003eSYSKAN\u003e18\u003e1\u003e\u003e\u003e\u003e1","detaljtyp":"FASTID","kommunkod":"0680","kommunnamn":"JÖNKÖPING","trakt":"SYSKAN","blockenhet":"18","omrnr":1,"fastighet":"SYSKAN 18\u003e1","omrtyp":" ","omrinf":" ","adat":1100217600000}},{"type":"Feature","id":693,"geometry":{"type":"Point","coordinates":[14.260449194234255,57.769164449887214]},"properties":{"FID":693,"objekt_id":"909a6a4f-b727-90ec-e040-ed8f66444c3f","externid":"0680\u003eSVINGELN\u003e1\u003e1\u003e\u003e\u003e\u003e1","detaljtyp":"FASTID","kommunkod":"0680","kommunnamn":"JÖNKÖPING","trakt":"SVINGELN","blockenhet":"1","omrnr":1,"fastighet":"SVINGELN 1\u003e1","omrtyp":" ","omrinf":" ","adat":1100217600000}},{"type":"Feature","id":694,"geometry":{"type":"Point","coordinates":[14.259290237979299,57.769188924244489]},"properties":{"FID":694,"objekt_id":"909a6a4f-ab2d-90ec-e040-ed8f66444c3f","externid":"0680\u003eSKATNÄVAN\u003e3\u003e1\u003e\u003e\u003e\u003e1","detaljtyp":"FASTID","kommunkod":"0680","kommunnamn":"JÖNKÖPING","trakt":"SKATNÄVAN","blockenhet":"3","omrnr":1,"fastighet":"SKATNÄVAN 3\u003e1","omrtyp":" ","omrinf":" ","adat":1100217600000}},{"type":"Feature","id":695,"geometry":{"type":"Point","coordinates":[14.264820094486142,57.769249118457367]},"properties":{"FID":695,"objekt_id":"909a6a4f-b7aa-90ec-e040-ed8f66444c3f","externid":"0680\u003eSYSKAN\u003e20\u003e1\u003e\u003e\u003e\u003e1","detaljtyp":"FASTID","kommunkod":"0680","kommunnamn":"JÖNKÖPING","trakt":"SYSKAN","blockenhet":"20","omrnr":1,"fastighet":"SYSKAN 20\u003e1","omrtyp":" ","omrinf":" ","adat":1100217600000}},{"type":"Feature","id":696,"geometry":{"type":"Point","coordinates":[14.258283586689695,57.769267331233543]},"properties":{"FID":696,"objekt_id":"909a6a4f-ab2b-90ec-e040-ed8f66444c3f","externid":"0680\u003eSKATNÄVAN\u003e1\u003e1\u003e\u003e\u003e\u003e1","detaljtyp":"FASTID","kommunkod":"0680","kommunnamn":"JÖNKÖPING","trakt":"SKATNÄVAN","blockenhet":"1","omrnr":1,"fastighet":"SKATNÄVAN 1\u003e1","omrtyp":" ","omrinf":" ","adat":1100217600000}},{"type":"Feature","id":697,"geometry":{"type":"Point","coordinates":[14.265475965796531,57.769317264058103]},"properties":{"FID":697,"objekt_id":"909a6a4f-b7a6-90ec-e040-ed8f66444c3f","externid":"0680\u003eSYSKAN\u003e16\u003e1\u003e\u003e\u003e\u003e1","detaljtyp":"FASTID","kommunkod":"0680","kommunnamn":"JÖNKÖPING","trakt":"SYSKAN","blockenhet":"16","omrnr":1,"fastighet":"SYSKAN 16\u003e1","omrtyp":" ","omrinf":" ","adat":1100217600000}},{"type":"Feature","id":698,"geometry":{"type":"Point","coordinates":[14.264770875511468,57.76933921691424]},"properties":{"FID":698,"objekt_id":"909a6a4f-b7a9-90ec-e040-ed8f66444c3f","externid":"0680\u003eSYSKAN\u003e19\u003e1\u003e\u003e\u003e\u003e1","detaljtyp":"FASTID","kommunkod":"0680","kommunnamn":"JÖNKÖPING","trakt":"SYSKAN","blockenhet":"19","omrnr":1,"fastighet":"SYSKAN 19\u003e1","omrtyp":" ","omrinf":" ","adat":1100217600000}},{"type":"Feature","id":699,"geometry":{"type":"Point","coordinates":[14.265377479591105,57.769380721982969]},"properties":{"FID":699,"objekt_id":"909a6a4f-b7a5-90ec-e040-ed8f66444c3f","externid":"0680\u003eSYSKAN\u003e15\u003e1\u003e\u003e\u003e\u003e1","detaljtyp":"FASTID","kommunkod":"0680","kommunnamn":"JÖNKÖPING","trakt":"SYSKAN","blockenhet":"15","omrnr":1,"fastighet":"SYSKAN 15\u003e1","omrtyp":" ","omrinf":" ","adat":1100217600000}},{"type":"Feature","id":700,"geometry":{"type":"Point","coordinates":[14.26452046871897,57.769457404763187]},"properties":{"FID":700,"objekt_id":"909a6a4f-b7a3-90ec-e040-ed8f66444c3f","externid":"0680\u003eSYSKAN\u003e13\u003e1\u003e\u003e\u003e\u003e1","detaljtyp":"FASTID","kommunkod":"0680","kommunnamn":"JÖNKÖPING","trakt":"SYSKAN","blockenhet":"13","omrnr":1,"fastighet":"SYSKAN 13\u003e1","omrtyp":" ","omrinf":" ","adat":1100217600000}},{"type":"Feature","id":701,"geometry":{"type":"Point","coordinates":[14.26137965622347,57.76949279472678]},"properties":{"FID":701,"objekt_id":"909a6a4f-aba2-90ec-e040-ed8f66444c3f","externid":"0680\u003eSKOGSNÄVAN\u003e7\u003e1\u003e\u003e\u003e\u003e1","detaljtyp":"FASTID","kommunkod":"0680","kommunnamn":"JÖNKÖPING","trakt":"SKOGSNÄVAN","blockenhet":"7","omrnr":1,"fastighet":"SKOGSNÄVAN 7\u003e1","omrtyp":" ","omrinf":" ","adat":1100217600000}},{"type":"Feature","id":702,"geometry":{"type":"Point","coordinates":[14.265061450223538,57.769579832971772]},"properties":{"FID":702,"objekt_id":"909a6a4f-b79d-90ec-e040-ed8f66444c3f","externid":"0680\u003eSYSKAN\u003e7\u003e1\u003e\u003e\u003e\u003e1","detaljtyp":"FASTID","kommunkod":"0680","kommunnamn":"JÖNKÖPING","trakt":"SYSKAN","blockenhet":"7","omrnr":1,"fastighet":"SYSKAN 7\u003e1","omrtyp":" ","omrinf":" ","adat":1100217600000}},{"type":"Feature","id":703,"geometry":{"type":"Point","coordinates":[14.259499696422575,57.769556965923442]},"properties":{"FID":703,"objekt_id":"909a6a4f-a90e-90ec-e040-ed8f66444c3f","externid":"0680\u003eSANDNEJLIKAN\u003e7\u003e1\u003e\u003e\u003e\u003e1","detaljtyp":"FASTID","kommunkod":"0680","kommunnamn":"JÖNKÖPING","trakt":"SANDNEJLIKAN","blockenhet":"7","omrnr":1,"fastighet":"SANDNEJLIKAN 7\u003e1","omrtyp":" ","omrinf":" ","adat":1100217600000}},{"type":"Feature","id":704,"geometry":{"type":"Point","coordinates":[14.264391077089323,57.76965429130167]},"properties":{"FID":704,"objekt_id":"909a6a4f-b7a1-90ec-e040-ed8f66444c3f","externid":"0680\u003eSYSKAN\u003e11\u003e1\u003e\u003e\u003e\u003e1","detaljtyp":"FASTID","kommunkod":"0680","kommunnamn":"JÖNKÖPING","trakt":"SYSKAN","blockenhet":"11","omrnr":1,"fastighet":"SYSKAN 11\u003e1","omrtyp":" ","omrinf":" ","adat":1100217600000}},{"type":"Feature","id":705,"geometry":{"type":"Point","coordinates":[14.265012231392562,57.769669931517988]},"properties":{"FID":705,"objekt_id":"909a6a4f-b79c-90ec-e040-ed8f66444c3f","externid":"0680\u003eSYSKAN\u003e6\u003e1\u003e\u003e\u003e\u003e1","detaljtyp":"FASTID","kommunkod":"0680","kommunnamn":"JÖNKÖPING","trakt":"SYSKAN","blockenhet":"6","omrnr":1,"fastighet":"SYSKAN 6\u003e1","omrtyp":" ","omrinf":" ","adat":1100217600000}},{"type":"Feature","id":706,"geometry":{"type":"Point","coordinates":[14.258593560233995,57.769642888258595]},"properties":{"FID":706,"objekt_id":"909a6a4f-a90c-90ec-e040-ed8f66444c3f","externid":"0680\u003eSANDNEJLIKAN\u003e5\u003e1\u003e\u003e\u003e\u003e1","detaljtyp":"FASTID","kommunkod":"0680","kommunnamn":"JÖNKÖPING","trakt":"SANDNEJLIKAN","blockenhet":"5","omrnr":1,"fastighet":"SANDNEJLIKAN 5\u003e1","omrtyp":" ","omrinf":" ","adat":1100217600000}},{"type":"Feature","id":707,"geometry":{"type":"Point","coordinates":[14.264291784603804,57.769736598401316]},"properties":{"FID":707,"objekt_id":"909a6a4f-b7a0-90ec-e040-ed8f66444c3f","externid":"0680\u003eSYSKAN\u003e10\u003e1\u003e\u003e\u003e\u003e1","detaljtyp":"FASTID","kommunkod":"0680","kommunnamn":"JÖNKÖPING","trakt":"SYSKAN","blockenhet":"10","omrnr":1,"fastighet":"SYSKAN 10\u003e1","omrtyp":" ","omrinf":" ","adat":1100217600000}},{"type":"Feature","id":708,"geometry":{"type":"Point","coordinates":[14.261804734771227,57.769731462321992]},"properties":{"FID":708,"objekt_id":"909a6a4f-ab9f-90ec-e040-ed8f66444c3f","externid":"0680\u003eSKOGSNÄVAN\u003e4\u003e1\u003e\u003e\u003e\u003e1","detaljtyp":"FASTID","kommunkod":"0680","kommunnamn":"JÖNKÖPING","trakt":"SKOGSNÄVAN","blockenhet":"4","omrnr":1,"fastighet":"SKOGSNÄVAN 4\u003e1","omrtyp":" ","omrinf":" ","adat":1100217600000}},{"type":"Feature","id":709,"geometry":{"type":"Point","coordinates":[14.265551410143717,57.769755518087912]},"properties":{"FID":709,"objekt_id":"909a6a4f-b355-90ec-e040-ed8f66444c3f","externid":"0680\u003eSTENSÖTAN\u003e2\u003e1\u003e\u003e\u003e\u003e1","detaljtyp":"FASTID","kommunkod":"0680","kommunnamn":"JÖNKÖPING","trakt":"STENSÖTAN","blockenhet":"2","omrnr":1,"fastighet":"STENSÖTAN 2\u003e1","omrtyp":" ","omrinf":" ","adat":1100217600000}},{"type":"Feature","id":710,"geometry":{"type":"Point","coordinates":[14.261797711760174,57.778872259411067]},"properties":{"FID":710,"objekt_id":"909a6a4f-b01c-90ec-e040-ed8f66444c3f","externid":"0680\u003eSPÄDBARNET\u003e1\u003e1\u003e\u003e\u003e\u003e1","detaljtyp":"FASTID","kommunkod":"0680","kommunnamn":"JÖNKÖPING","trakt":"SPÄDBARNET","blockenhet":"1","omrnr":1,"fastighet":"SPÄDBARNET 1\u003e1","omrtyp":" ","omrinf":" ","adat":1605139200000}}]}