{"type":"FeatureCollection","features":[{"type":"Feature","id":1,"geometry":{"type":"Point","coordinates":[14.252933879076487,57.782808417694156]},"properties":{"OBJECTID":1,"pointid":1,"grid_code":132.717117}},{"type":"Feature","id":2,"geometry":{"type":"Point","coordinates":[14.253774614678749,57.782813369091741]},"properties":{"OBJECTID":2,"pointid":2,"grid_code":132.328995}},{"type":"Feature","id":3,"geometry":{"type":"Point","coordinates":[14.254615350556749,57.782818314914557]},"properties":{"OBJECTID":3,"pointid":3,"grid_code":133.909225}},{"type":"Feature","id":4,"geometry":{"type":"Point","coordinates":[14.261341247471863,57.782857680804639]},"properties":{"OBJECTID":4,"pointid":4,"grid_code":138.191055}},{"type":"Feature","id":5,"geometry":{"type":"Point","coordinates":[14.252943153808957,57.782359337660225]},"properties":{"OBJECTID":5,"pointid":5,"grid_code":136.366608}},{"type":"Feature","id":6,"geometry":{"type":"Point","coordinates":[14.253783878975959,57.782364288972246]},"properties":{"OBJECTID":6,"pointid":6,"grid_code":135.560715}},{"type":"Feature","id":7,"geometry":{"type":"Point","coordinates":[14.25462460441868,57.782369234709613]},"properties":{"OBJECTID":7,"pointid":7,"grid_code":136.853683}},{"type":"Feature","id":8,"geometry":{"type":"Point","coordinates":[14.262191145761896,57.782413495484434]},"properties":{"OBJECTID":8,"pointid":8,"grid_code":141.989777}},{"type":"Feature","id":9,"geometry":{"type":"Point","coordinates":[14.263031873945311,57.782418385474742]},"properties":{"OBJECTID":9,"pointid":9,"grid_code":144.456497}},{"type":"Feature","id":10,"geometry":{"type":"Point","coordinates":[14.263872602401012,57.782423269890373]},"properties":{"OBJECTID":10,"pointid":10,"grid_code":144.979202}},{"type":"Feature","id":11,"geometry":{"type":"Point","coordinates":[14.250430285726903,57.781895370466501]},"properties":{"OBJECTID":11,"pointid":11,"grid_code":140.628616}},{"type":"Feature","id":12,"geometry":{"type":"Point","coordinates":[14.252952428265345,57.781910257593317]},"properties":{"OBJECTID":12,"pointid":12,"grid_code":140.723969}},{"type":"Feature","id":13,"geometry":{"type":"Point","coordinates":[14.25379314299739,57.781915208819782]},"properties":{"OBJECTID":13,"pointid":13,"grid_code":139.831467}},{"type":"Feature","id":14,"geometry":{"type":"Point","coordinates":[14.254633858005148,57.781920154471656]},"properties":{"OBJECTID":14,"pointid":14,"grid_code":141.32869}},{"type":"Feature","id":15,"geometry":{"type":"Point","coordinates":[14.262200305433165,57.781964414481578]},"properties":{"OBJECTID":15,"pointid":15,"grid_code":145.338318}},{"type":"Feature","id":16,"geometry":{"type":"Point","coordinates":[14.263041023181495,57.781969304387395]},"properties":{"OBJECTID":16,"pointid":16,"grid_code":146.893097}},{"type":"Feature","id":17,"geometry":{"type":"Point","coordinates":[14.263881741202106,57.781974188718593]},"properties":{"OBJECTID":17,"pointid":17,"grid_code":149.555695}},{"type":"Feature","id":18,"geometry":{"type":"Point","coordinates":[14.2647224594948,57.781979067475142]},"properties":{"OBJECTID":18,"pointid":18,"grid_code":148.491714}},{"type":"Feature","id":19,"geometry":{"type":"Point","coordinates":[14.26556317805918,57.781983940657099]},"properties":{"OBJECTID":19,"pointid":19,"grid_code":144.632446}},{"type":"Feature","id":20,"geometry":{"type":"Point","coordinates":[14.249598888019813,57.781441317185106]},"properties":{"OBJECTID":20,"pointid":20,"grid_code":141.640976}},{"type":"Feature","id":21,"geometry":{"type":"Point","coordinates":[14.250439591211089,57.781446290623919]},"properties":{"OBJECTID":21,"pointid":21,"grid_code":142.617477}},{"type":"Feature","id":22,"geometry":{"type":"Point","coordinates":[14.251280294679381,57.781451258488239]},"properties":{"OBJECTID":22,"pointid":22,"grid_code":143.076797}},{"type":"Feature","id":23,"geometry":{"type":"Point","coordinates":[14.252120998424321,57.781456220778104]},"properties":{"OBJECTID":23,"pointid":23,"grid_code":143.603912}},{"type":"Feature","id":24,"geometry":{"type":"Point","coordinates":[14.252961702445665,57.78146117749349]},"properties":{"OBJECTID":24,"pointid":24,"grid_code":144.358047}},{"type":"Feature","id":25,"geometry":{"type":"Point","coordinates":[14.253802406743064,57.781466128634378]},"properties":{"OBJECTID":25,"pointid":25,"grid_code":144.896606}},{"type":"Feature","id":26,"geometry":{"type":"Point","coordinates":[14.254643111316167,57.78147107420078]},"properties":{"OBJECTID":26,"pointid":26,"grid_code":145.87059}},{"type":"Feature","id":27,"geometry":{"type":"Point","coordinates":[14.25548381616475,57.78147601419272]},"properties":{"OBJECTID":27,"pointid":27,"grid_code":146.841888}},{"type":"Feature","id":28,"geometry":{"type":"Point","coordinates":[14.25632452128843,57.78148094861011]},"properties":{"OBJECTID":28,"pointid":28,"grid_code":147.587219}},{"type":"Feature","id":29,"geometry":{"type":"Point","coordinates":[14.25716522668696,57.781485877453029]},"properties":{"OBJECTID":29,"pointid":29,"grid_code":149.240311}},{"type":"Feature","id":30,"geometry":{"type":"Point","coordinates":[14.258005932359962,57.781490800721457]},"properties":{"OBJECTID":30,"pointid":30,"grid_code":151.005539}},{"type":"Feature","id":31,"geometry":{"type":"Point","coordinates":[14.258846638307192,57.781495718415357]},"properties":{"OBJECTID":31,"pointid":31,"grid_code":152.020996}},{"type":"Feature","id":32,"geometry":{"type":"Point","coordinates":[14.25968734452827,57.781500630534758]},"properties":{"OBJECTID":32,"pointid":32,"grid_code":152.420807}},{"type":"Feature","id":33,"geometry":{"type":"Point","coordinates":[14.260528051022961,57.781505537079624]},"properties":{"OBJECTID":33,"pointid":33,"grid_code":153.05455}},{"type":"Feature","id":34,"geometry":{"type":"Point","coordinates":[14.261368757790866,57.781510438049992]},"properties":{"OBJECTID":34,"pointid":34,"grid_code":153.093857}},{"type":"Feature","id":35,"geometry":{"type":"Point","coordinates":[14.262209464831766,57.781515333445817]},"properties":{"OBJECTID":35,"pointid":35,"grid_code":152.7061}},{"type":"Feature","id":36,"geometry":{"type":"Point","coordinates":[14.263050172145334,57.781520223267151]},"properties":{"OBJECTID":36,"pointid":36,"grid_code":154.671661}},{"type":"Feature","id":37,"geometry":{"type":"Point","coordinates":[14.263890879731164,57.781525107513907]},"properties":{"OBJECTID":37,"pointid":37,"grid_code":154.083252}},{"type":"Feature","id":38,"geometry":{"type":"Point","coordinates":[14.264731587589063,57.781529986186165]},"properties":{"OBJECTID":38,"pointid":38,"grid_code":152.778946}},{"type":"Feature","id":39,"geometry":{"type":"Point","coordinates":[14.265572295718647,57.781534859283873]},"properties":{"OBJECTID":39,"pointid":39,"grid_code":149.402267}},{"type":"Feature","id":40,"geometry":{"type":"Point","coordinates":[14.266413004119656,57.781539726807047]},"properties":{"OBJECTID":40,"pointid":40,"grid_code":146.539108}},{"type":"Feature","id":41,"geometry":{"type":"Point","coordinates":[14.249608203661298,57.780992237395481]},"properties":{"OBJECTID":41,"pointid":41,"grid_code":142.010391}},{"type":"Feature","id":42,"geometry":{"type":"Point","coordinates":[14.250448896418282,57.780997210748325]},"properties":{"OBJECTID":42,"pointid":42,"grid_code":144.138321}},{"type":"Feature","id":43,"geometry":{"type":"Point","coordinates":[14.251289589452275,57.781002178526812]},"properties":{"OBJECTID":43,"pointid":43,"grid_code":145.092743}},{"type":"Feature","id":44,"geometry":{"type":"Point","coordinates":[14.252130282762906,57.781007140730935]},"properties":{"OBJECTID":44,"pointid":44,"grid_code":145.968155}},{"type":"Feature","id":45,"geometry":{"type":"Point","coordinates":[14.252970976349925,57.781012097360644]},"properties":{"OBJECTID":45,"pointid":45,"grid_code":147.198578}},{"type":"Feature","id":46,"geometry":{"type":"Point","coordinates":[14.253811670212992,57.781017048415976]},"properties":{"OBJECTID":46,"pointid":46,"grid_code":148.390289}},{"type":"Feature","id":47,"geometry":{"type":"Point","coordinates":[14.254652364351747,57.7810219938969]},"properties":{"OBJECTID":47,"pointid":47,"grid_code":149.682205}},{"type":"Feature","id":48,"geometry":{"type":"Point","coordinates":[14.25549305876598,57.781026933803439]},"properties":{"OBJECTID":48,"pointid":48,"grid_code":150.789536}},{"type":"Feature","id":49,"geometry":{"type":"Point","coordinates":[14.256333753455291,57.781031868135592]},"properties":{"OBJECTID":49,"pointid":49,"grid_code":151.922043}},{"type":"Feature","id":50,"geometry":{"type":"Point","coordinates":[14.257174448419438,57.781036796893325]},"properties":{"OBJECTID":50,"pointid":50,"grid_code":153.324341}},{"type":"Feature","id":51,"geometry":{"type":"Point","coordinates":[14.258015143658051,57.781041720076665]},"properties":{"OBJECTID":51,"pointid":51,"grid_code":155.04007}},{"type":"Feature","id":52,"geometry":{"type":"Point","coordinates":[14.258855839170881,57.78104663768557]},"properties":{"OBJECTID":52,"pointid":52,"grid_code":156.562378}},{"type":"Feature","id":53,"geometry":{"type":"Point","coordinates":[14.259696534957545,57.781051549720097]},"properties":{"OBJECTID":53,"pointid":53,"grid_code":157.353119}},{"type":"Feature","id":54,"geometry":{"type":"Point","coordinates":[14.260537231017812,57.781056456180174]},"properties":{"OBJECTID":54,"pointid":54,"grid_code":158.457809}},{"type":"Feature","id":55,"geometry":{"type":"Point","coordinates":[14.26137792735128,57.781061357065823]},"properties":{"OBJECTID":55,"pointid":55,"grid_code":159.009811}},{"type":"Feature","id":56,"geometry":{"type":"Point","coordinates":[14.262218623957732,57.781066252377087]},"properties":{"OBJECTID":56,"pointid":56,"grid_code":158.636887}},{"type":"Feature","id":57,"geometry":{"type":"Point","coordinates":[14.26305932083684,57.781071142113895]},"properties":{"OBJECTID":57,"pointid":57,"grid_code":160.703796}},{"type":"Feature","id":58,"geometry":{"type":"Point","coordinates":[14.263900017988201,57.781076026276267]},"properties":{"OBJECTID":58,"pointid":58,"grid_code":160.632507}},{"type":"Feature","id":59,"geometry":{"type":"Point","coordinates":[14.264740715411619,57.781080904864197]},"properties":{"OBJECTID":59,"pointid":59,"grid_code":158.042694}},{"type":"Feature","id":60,"geometry":{"type":"Point","coordinates":[14.265581413106709,57.781085777877692]},"properties":{"OBJECTID":60,"pointid":60,"grid_code":155.674286}},{"type":"Feature","id":61,"geometry":{"type":"Point","coordinates":[14.266422111073219,57.781090645316723]},"properties":{"OBJECTID":61,"pointid":61,"grid_code":152.107117}},{"type":"Feature","id":62,"geometry":{"type":"Point","coordinates":[14.267262809310777,57.781095507181348]},"properties":{"OBJECTID":62,"pointid":62,"grid_code":147.853149}},{"type":"Feature","id":63,"geometry":{"type":"Point","coordinates":[14.24961751902549,57.780543157572808]},"properties":{"OBJECTID":63,"pointid":63,"grid_code":142.464752}},{"type":"Feature","id":64,"geometry":{"type":"Point","coordinates":[14.250458201348495,57.780548130839719]},"properties":{"OBJECTID":64,"pointid":64,"grid_code":144.845673}},{"type":"Feature","id":65,"geometry":{"type":"Point","coordinates":[14.2512988839485,57.780553098532351]},"properties":{"OBJECTID":65,"pointid":65,"grid_code":146.99118}},{"type":"Feature","id":66,"geometry":{"type":"Point","coordinates":[14.252139566825132,57.780558060650705]},"properties":{"OBJECTID":66,"pointid":66,"grid_code":148.149551}},{"type":"Feature","id":67,"geometry":{"type":"Point","coordinates":[14.252980249978142,57.780563017194787]},"properties":{"OBJECTID":67,"pointid":67,"grid_code":149.08934}},{"type":"Feature","id":68,"geometry":{"type":"Point","coordinates":[14.253820933407182,57.780567968164533]},"properties":{"OBJECTID":68,"pointid":68,"grid_code":151.281296}},{"type":"Feature","id":69,"geometry":{"type":"Point","coordinates":[14.254661617111903,57.780572913560007]},"properties":{"OBJECTID":69,"pointid":69,"grid_code":153.476318}},{"type":"Feature","id":70,"geometry":{"type":"Point","coordinates":[14.255502301092086,57.780577853381203]},"properties":{"OBJECTID":70,"pointid":70,"grid_code":154.419586}},{"type":"Feature","id":71,"geometry":{"type":"Point","coordinates":[14.256342985347345,57.780582787628063]},"properties":{"OBJECTID":71,"pointid":71,"grid_code":155.96846}},{"type":"Feature","id":72,"geometry":{"type":"Point","coordinates":[14.257183669877424,57.780587716300644]},"properties":{"OBJECTID":72,"pointid":72,"grid_code":157.615479}},{"type":"Feature","id":73,"geometry":{"type":"Point","coordinates":[14.258024354681956,57.780592639398861]},"properties":{"OBJECTID":73,"pointid":73,"grid_code":159.088165}},{"type":"Feature","id":74,"geometry":{"type":"Point","coordinates":[14.258865039760691,57.780597556922807]},"properties":{"OBJECTID":74,"pointid":74,"grid_code":160.597168}},{"type":"Feature","id":75,"geometry":{"type":"Point","coordinates":[14.259705725113257,57.780602468872431]},"properties":{"OBJECTID":75,"pointid":75,"grid_code":161.651459}},{"type":"Feature","id":76,"geometry":{"type":"Point","coordinates":[14.260546410739408,57.780607375247733]},"properties":{"OBJECTID":76,"pointid":76,"grid_code":162.430145}},{"type":"Feature","id":77,"geometry":{"type":"Point","coordinates":[14.261387096638751,57.780612276048693]},"properties":{"OBJECTID":77,"pointid":77,"grid_code":163.281586}},{"type":"Feature","id":78,"geometry":{"type":"Point","coordinates":[14.26222778281107,57.780617171275324]},"properties":{"OBJECTID":78,"pointid":78,"grid_code":163.168655}},{"type":"Feature","id":79,"geometry":{"type":"Point","coordinates":[14.263068469256027,57.780622060927669]},"properties":{"OBJECTID":79,"pointid":79,"grid_code":164.280701}},{"type":"Feature","id":80,"geometry":{"type":"Point","coordinates":[14.263909155973229,57.780626945005608]},"properties":{"OBJECTID":80,"pointid":80,"grid_code":164.356491}},{"type":"Feature","id":81,"geometry":{"type":"Point","coordinates":[14.264749842962479,57.780631823509239]},"properties":{"OBJECTID":81,"pointid":81,"grid_code":162.736389}},{"type":"Feature","id":82,"geometry":{"type":"Point","coordinates":[14.265590530223387,57.780636696438528]},"properties":{"OBJECTID":82,"pointid":82,"grid_code":160.945419}},{"type":"Feature","id":83,"geometry":{"type":"Point","coordinates":[14.2664312177557,57.780641563793466]},"properties":{"OBJECTID":83,"pointid":83,"grid_code":158.046768}},{"type":"Feature","id":84,"geometry":{"type":"Point","coordinates":[14.267271905559053,57.780646425574034]},"properties":{"OBJECTID":84,"pointid":84,"grid_code":152.964798}},{"type":"Feature","id":85,"geometry":{"type":"Point","coordinates":[14.268112593633193,57.780651281780258]},"properties":{"OBJECTID":85,"pointid":85,"grid_code":149.000534}},{"type":"Feature","id":86,"geometry":{"type":"Point","coordinates":[14.250467506001746,57.780099050898166]},"properties":{"OBJECTID":86,"pointid":86,"grid_code":145.200897}},{"type":"Feature","id":87,"geometry":{"type":"Point","coordinates":[14.25130817816807,57.780104018504936]},"properties":{"OBJECTID":87,"pointid":87,"grid_code":148.629532}},{"type":"Feature","id":88,"geometry":{"type":"Point","coordinates":[14.252148850611013,57.780108980537541]},"properties":{"OBJECTID":88,"pointid":88,"grid_code":150.854065}},{"type":"Feature","id":89,"geometry":{"type":"Point","coordinates":[14.252989523330319,57.78011393699596]},"properties":{"OBJECTID":89,"pointid":89,"grid_code":152.570267}},{"type":"Feature","id":90,"geometry":{"type":"Point","coordinates":[14.253830196325652,57.780118887880171]},"properties":{"OBJECTID":90,"pointid":90,"grid_code":154.782288}},{"type":"Feature","id":91,"geometry":{"type":"Point","coordinates":[14.254670869596646,57.780123833190189]},"properties":{"OBJECTID":91,"pointid":91,"grid_code":156.953995}},{"type":"Feature","id":92,"geometry":{"type":"Point","coordinates":[14.255511543143095,57.780128772925984]},"properties":{"OBJECTID":92,"pointid":92,"grid_code":157.897949}},{"type":"Feature","id":93,"geometry":{"type":"Point","coordinates":[14.256352216964601,57.780133707087579]},"properties":{"OBJECTID":93,"pointid":93,"grid_code":159.632523}},{"type":"Feature","id":94,"geometry":{"type":"Point","coordinates":[14.257192891060924,57.780138635674966]},"properties":{"OBJECTID":94,"pointid":94,"grid_code":161.376984}},{"type":"Feature","id":95,"geometry":{"type":"Point","coordinates":[14.258033565431687,57.780143558688145]},"properties":{"OBJECTID":95,"pointid":95,"grid_code":162.946793}},{"type":"Feature","id":96,"geometry":{"type":"Point","coordinates":[14.258874240076642,57.780148476127096]},"properties":{"OBJECTID":96,"pointid":96,"grid_code":164.795456}},{"type":"Feature","id":97,"geometry":{"type":"Point","coordinates":[14.259714914995415,57.780153387991845]},"properties":{"OBJECTID":97,"pointid":97,"grid_code":166.257507}},{"type":"Feature","id":98,"geometry":{"type":"Point","coordinates":[14.260555590187764,57.780158294282359]},"properties":{"OBJECTID":98,"pointid":98,"grid_code":167.184952}},{"type":"Feature","id":99,"geometry":{"type":"Point","coordinates":[14.261396265653291,57.780163194998629]},"properties":{"OBJECTID":99,"pointid":99,"grid_code":168.044632}},{"type":"Feature","id":100,"geometry":{"type":"Point","coordinates":[14.262236941391787,57.78016809014067]},"properties":{"OBJECTID":100,"pointid":100,"grid_code":167.611145}},{"type":"Feature","id":101,"geometry":{"type":"Point","coordinates":[14.263077617402905,57.780172979708468]},"properties":{"OBJECTID":101,"pointid":101,"grid_code":168.005707}},{"type":"Feature","id":102,"geometry":{"type":"Point","coordinates":[14.263918293686258,57.780177863702022]},"properties":{"OBJECTID":102,"pointid":102,"grid_code":168.158188}},{"type":"Feature","id":103,"geometry":{"type":"Point","coordinates":[14.264758970241648,57.780182742121369]},"properties":{"OBJECTID":103,"pointid":103,"grid_code":166.993408}},{"type":"Feature","id":104,"geometry":{"type":"Point","coordinates":[14.265599647068683,57.780187614966422]},"properties":{"OBJECTID":104,"pointid":104,"grid_code":165.296829}},{"type":"Feature","id":105,"geometry":{"type":"Point","coordinates":[14.266440324167116,57.780192482237254]},"properties":{"OBJECTID":105,"pointid":105,"grid_code":164.031784}},{"type":"Feature","id":106,"geometry":{"type":"Point","coordinates":[14.267281001536576,57.780197343933821]},"properties":{"OBJECTID":106,"pointid":106,"grid_code":159.813797}},{"type":"Feature","id":107,"geometry":{"type":"Point","coordinates":[14.26812167917681,57.780202200056117]},"properties":{"OBJECTID":107,"pointid":107,"grid_code":154.541016}},{"type":"Feature","id":108,"geometry":{"type":"Point","coordinates":[14.268962357087432,57.780207050604147]},"properties":{"OBJECTID":108,"pointid":108,"grid_code":148.614151}},{"type":"Feature","id":109,"geometry":{"type":"Point","coordinates":[14.251317472110996,57.77965493844458]},"properties":{"OBJECTID":109,"pointid":109,"grid_code":149.941254}},{"type":"Feature","id":110,"geometry":{"type":"Point","coordinates":[14.252158134120558,57.779659900391422]},"properties":{"OBJECTID":110,"pointid":110,"grid_code":154.036942}},{"type":"Feature","id":111,"geometry":{"type":"Point","coordinates":[14.252998796406475,57.779664856764157]},"properties":{"OBJECTID":111,"pointid":111,"grid_code":155.997177}},{"type":"Feature","id":112,"geometry":{"type":"Point","coordinates":[14.253839458968404,57.779669807562811]},"properties":{"OBJECTID":112,"pointid":112,"grid_code":158.088257}},{"type":"Feature","id":113,"geometry":{"type":"Point","coordinates":[14.254680121805986,57.779674752787372]},"properties":{"OBJECTID":113,"pointid":113,"grid_code":160.153885}},{"type":"Feature","id":114,"geometry":{"type":"Point","coordinates":[14.255520784919009,57.779679692437817]},"properties":{"OBJECTID":114,"pointid":114,"grid_code":161.817657}},{"type":"Feature","id":115,"geometry":{"type":"Point","coordinates":[14.256361448307082,57.779684626514147]},"properties":{"OBJECTID":115,"pointid":115,"grid_code":163.712952}},{"type":"Feature","id":116,"geometry":{"type":"Point","coordinates":[14.257202111969955,57.779689555016368]},"properties":{"OBJECTID":116,"pointid":116,"grid_code":165.37413}},{"type":"Feature","id":117,"geometry":{"type":"Point","coordinates":[14.258042775907256,57.77969447794446]},"properties":{"OBJECTID":117,"pointid":117,"grid_code":167.472992}},{"type":"Feature","id":118,"geometry":{"type":"Point","coordinates":[14.258883440118742,57.779699395298444]},"properties":{"OBJECTID":118,"pointid":118,"grid_code":169.49736}},{"type":"Feature","id":119,"geometry":{"type":"Point","coordinates":[14.259724104604034,57.779704307078298]},"properties":{"OBJECTID":119,"pointid":119,"grid_code":170.900284}},{"type":"Feature","id":120,"geometry":{"type":"Point","coordinates":[14.260564769362885,57.779709213284015]},"properties":{"OBJECTID":120,"pointid":120,"grid_code":172.19812}},{"type":"Feature","id":121,"geometry":{"type":"Point","coordinates":[14.261405434394909,57.779714113915595]},"properties":{"OBJECTID":121,"pointid":121,"grid_code":172.611649}},{"type":"Feature","id":122,"geometry":{"type":"Point","coordinates":[14.262246099699889,57.779719008973046]},"properties":{"OBJECTID":122,"pointid":122,"grid_code":171.566772}},{"type":"Feature","id":123,"geometry":{"type":"Point","coordinates":[14.263086765277484,57.779723898456361]},"properties":{"OBJECTID":123,"pointid":123,"grid_code":171.724731}},{"type":"Feature","id":124,"geometry":{"type":"Point","coordinates":[14.263927431127298,57.779728782365538]},"properties":{"OBJECTID":124,"pointid":124,"grid_code":171.812759}},{"type":"Feature","id":125,"geometry":{"type":"Point","coordinates":[14.264768097249137,57.779733660700536]},"properties":{"OBJECTID":125,"pointid":125,"grid_code":170.824051}},{"type":"Feature","id":126,"geometry":{"type":"Point","coordinates":[14.265608763642611,57.779738533461398]},"properties":{"OBJECTID":126,"pointid":126,"grid_code":169.476517}},{"type":"Feature","id":127,"geometry":{"type":"Point","coordinates":[14.266449430307471,57.779743400648108]},"properties":{"OBJECTID":127,"pointid":127,"grid_code":168.283249}},{"type":"Feature","id":128,"geometry":{"type":"Point","coordinates":[14.267290097243349,57.779748262260668]},"properties":{"OBJECTID":128,"pointid":128,"grid_code":166.22052}},{"type":"Feature","id":129,"geometry":{"type":"Point","coordinates":[14.268130764449989,57.779753118299034]},"properties":{"OBJECTID":129,"pointid":129,"grid_code":160.702164}},{"type":"Feature","id":130,"geometry":{"type":"Point","coordinates":[14.268971431927008,57.779757968763256]},"properties":{"OBJECTID":130,"pointid":130,"grid_code":153.714432}},{"type":"Feature","id":131,"geometry":{"type":"Point","coordinates":[14.269812099674203,57.779762813653321]},"properties":{"OBJECTID":131,"pointid":131,"grid_code":147.853577}},{"type":"Feature","id":132,"geometry":{"type":"Point","coordinates":[14.251326765777288,57.779205858351141]},"properties":{"OBJECTID":132,"pointid":132,"grid_code":151.420532}},{"type":"Feature","id":133,"geometry":{"type":"Point","coordinates":[14.252167417353782,57.779210820212242]},"properties":{"OBJECTID":133,"pointid":133,"grid_code":155.849258}},{"type":"Feature","id":134,"geometry":{"type":"Point","coordinates":[14.253008069206619,57.779215776499356]},"properties":{"OBJECTID":134,"pointid":134,"grid_code":159.460464}},{"type":"Feature","id":135,"geometry":{"type":"Point","coordinates":[14.253848721335453,57.779220727212426]},"properties":{"OBJECTID":135,"pointid":135,"grid_code":161.53299}},{"type":"Feature","id":136,"geometry":{"type":"Point","coordinates":[14.254689373739936,57.779225672351544]},"properties":{"OBJECTID":136,"pointid":136,"grid_code":163.663589}},{"type":"Feature","id":137,"geometry":{"type":"Point","coordinates":[14.255530026419839,57.779230611916624]},"properties":{"OBJECTID":137,"pointid":137,"grid_code":165.740311}},{"type":"Feature","id":138,"geometry":{"type":"Point","coordinates":[14.256370679374786,57.779235545907689]},"properties":{"OBJECTID":138,"pointid":138,"grid_code":167.804581}},{"type":"Feature","id":139,"geometry":{"type":"Point","coordinates":[14.257211332604527,57.779240474324745]},"properties":{"OBJECTID":139,"pointid":139,"grid_code":170.093307}},{"type":"Feature","id":140,"geometry":{"type":"Point","coordinates":[14.258051986108679,57.77924539716777]},"properties":{"OBJECTID":140,"pointid":140,"grid_code":172.929443}},{"type":"Feature","id":141,"geometry":{"type":"Point","coordinates":[14.258892639887003,57.77925031443678]},"properties":{"OBJECTID":141,"pointid":141,"grid_code":175.274033}},{"type":"Feature","id":142,"geometry":{"type":"Point","coordinates":[14.259733293939126,57.779255226131738]},"properties":{"OBJECTID":142,"pointid":142,"grid_code":176.434586}},{"type":"Feature","id":143,"geometry":{"type":"Point","coordinates":[14.260573948264794,57.779260132252674]},"properties":{"OBJECTID":143,"pointid":143,"grid_code":177.091095}},{"type":"Feature","id":144,"geometry":{"type":"Point","coordinates":[14.261414602863626,57.779265032799572]},"properties":{"OBJECTID":144,"pointid":144,"grid_code":177.157822}},{"type":"Feature","id":145,"geometry":{"type":"Point","coordinates":[14.262255257735397,57.779269927772418]},"properties":{"OBJECTID":145,"pointid":145,"grid_code":175.763626}},{"type":"Feature","id":146,"geometry":{"type":"Point","coordinates":[14.263095912879773,57.779274817171249]},"properties":{"OBJECTID":146,"pointid":146,"grid_code":175.925064}},{"type":"Feature","id":147,"geometry":{"type":"Point","coordinates":[14.263936568296362,57.779279700996]},"properties":{"OBJECTID":147,"pointid":147,"grid_code":175.836456}},{"type":"Feature","id":148,"geometry":{"type":"Point","coordinates":[14.264777223984964,57.779284579246728]},"properties":{"OBJECTID":148,"pointid":148,"grid_code":174.793991}},{"type":"Feature","id":149,"geometry":{"type":"Point","coordinates":[14.265617879945188,57.779289451923383]},"properties":{"OBJECTID":149,"pointid":149,"grid_code":173.449783}},{"type":"Feature","id":150,"geometry":{"type":"Point","coordinates":[14.266458536176785,57.779294319025972]},"properties":{"OBJECTID":150,"pointid":150,"grid_code":171.932968}},{"type":"Feature","id":151,"geometry":{"type":"Point","coordinates":[14.26729919267939,57.77929918055451]},"properties":{"OBJECTID":151,"pointid":151,"grid_code":170.49614}},{"type":"Feature","id":152,"geometry":{"type":"Point","coordinates":[14.268139849452748,57.779304036508975]},"properties":{"OBJECTID":152,"pointid":152,"grid_code":166.611008}},{"type":"Feature","id":153,"geometry":{"type":"Point","coordinates":[14.268980506496471,57.779308886889368]},"properties":{"OBJECTID":153,"pointid":153,"grid_code":159.363037}},{"type":"Feature","id":154,"geometry":{"type":"Point","coordinates":[14.269821163810359,57.779313731695702]},"properties":{"OBJECTID":154,"pointid":154,"grid_code":152.095993}},{"type":"Feature","id":155,"geometry":{"type":"Point","coordinates":[14.252176700310695,57.778761740000107]},"properties":{"OBJECTID":155,"pointid":155,"grid_code":156.085541}},{"type":"Feature","id":156,"geometry":{"type":"Point","coordinates":[14.253017341730759,57.778766696201551]},"properties":{"OBJECTID":156,"pointid":156,"grid_code":161.475571}},{"type":"Feature","id":157,"geometry":{"type":"Point","coordinates":[14.253857983426814,57.778771646829092]},"properties":{"OBJECTID":157,"pointid":157,"grid_code":165.384262}},{"type":"Feature","id":158,"geometry":{"type":"Point","coordinates":[14.2546986253985,57.778776591882739]},"properties":{"OBJECTID":158,"pointid":158,"grid_code":168.06723}},{"type":"Feature","id":159,"geometry":{"type":"Point","coordinates":[14.255539267645604,57.778781531362469]},"properties":{"OBJECTID":159,"pointid":159,"grid_code":170.244705}},{"type":"Feature","id":160,"geometry":{"type":"Point","coordinates":[14.256379910167734,57.778786465268254]},"properties":{"OBJECTID":160,"pointid":160,"grid_code":172.572113}},{"type":"Feature","id":161,"geometry":{"type":"Point","coordinates":[14.257220552964643,57.778791393600137]},"properties":{"OBJECTID":161,"pointid":161,"grid_code":175.544724}},{"type":"Feature","id":162,"geometry":{"type":"Point","coordinates":[14.258061196035964,57.778796316358097]},"properties":{"OBJECTID":162,"pointid":162,"grid_code":177.912964}},{"type":"Feature","id":163,"geometry":{"type":"Point","coordinates":[14.258901839381435,57.778801233542126]},"properties":{"OBJECTID":163,"pointid":163,"grid_code":179.891312}},{"type":"Feature","id":164,"geometry":{"type":"Point","coordinates":[14.259742483000696,57.77880614515221]},"properties":{"OBJECTID":164,"pointid":164,"grid_code":181.486832}},{"type":"Feature","id":165,"geometry":{"type":"Point","coordinates":[14.260583126893492,57.778811051188377]},"properties":{"OBJECTID":165,"pointid":165,"grid_code":181.694489}},{"type":"Feature","id":166,"geometry":{"type":"Point","coordinates":[14.261423771059441,57.778815951650586]},"properties":{"OBJECTID":166,"pointid":166,"grid_code":180.840088}},{"type":"Feature","id":167,"geometry":{"type":"Point","coordinates":[14.262264415498322,57.778820846538856]},"properties":{"OBJECTID":167,"pointid":167,"grid_code":179.13533}},{"type":"Feature","id":168,"geometry":{"type":"Point","coordinates":[14.26310506020979,57.778825735853182]},"properties":{"OBJECTID":168,"pointid":168,"grid_code":179.855209}},{"type":"Feature","id":169,"geometry":{"type":"Point","coordinates":[14.263945705193459,57.778830619593535]},"properties":{"OBJECTID":169,"pointid":169,"grid_code":180.730362}},{"type":"Feature","id":170,"geometry":{"type":"Point","coordinates":[14.26478635044913,57.778835497759957]},"properties":{"OBJECTID":170,"pointid":170,"grid_code":179.756012}},{"type":"Feature","id":171,"geometry":{"type":"Point","coordinates":[14.265626995976417,57.778840370352412]},"properties":{"OBJECTID":171,"pointid":171,"grid_code":178.405014}},{"type":"Feature","id":172,"geometry":{"type":"Point","coordinates":[14.266467641775064,57.778845237370923]},"properties":{"OBJECTID":172,"pointid":172,"grid_code":176.875381}},{"type":"Feature","id":173,"geometry":{"type":"Point","coordinates":[14.267308287844704,57.778850098815418]},"properties":{"OBJECTID":173,"pointid":173,"grid_code":174.366501}},{"type":"Feature","id":174,"geometry":{"type":"Point","coordinates":[14.268148934185088,57.778854954685954]},"properties":{"OBJECTID":174,"pointid":174,"grid_code":170.509888}},{"type":"Feature","id":175,"geometry":{"type":"Point","coordinates":[14.26898958079583,57.778859804982559]},"properties":{"OBJECTID":175,"pointid":175,"grid_code":164.22522}},{"type":"Feature","id":176,"geometry":{"type":"Point","coordinates":[14.269830227676724,57.778864649705142]},"properties":{"OBJECTID":176,"pointid":176,"grid_code":156.785522}},{"type":"Feature","id":177,"geometry":{"type":"Point","coordinates":[14.270670874827379,57.778869488853758]},"properties":{"OBJECTID":177,"pointid":177,"grid_code":149.100235}},{"type":"Feature","id":178,"geometry":{"type":"Point","coordinates":[14.252185982991305,57.778312659754974]},"properties":{"OBJECTID":178,"pointid":178,"grid_code":161.130829}},{"type":"Feature","id":179,"geometry":{"type":"Point","coordinates":[14.253026613978911,57.778317615870769]},"properties":{"OBJECTID":179,"pointid":179,"grid_code":163.261673}},{"type":"Feature","id":180,"geometry":{"type":"Point","coordinates":[14.253867245242496,57.778322566412783]},"properties":{"OBJECTID":180,"pointid":180,"grid_code":168.720779}},{"type":"Feature","id":181,"geometry":{"type":"Point","coordinates":[14.254707876781701,57.778327511380958]},"properties":{"OBJECTID":181,"pointid":181,"grid_code":172.809952}},{"type":"Feature","id":182,"geometry":{"type":"Point","coordinates":[14.255548508596307,57.778332450775309]},"properties":{"OBJECTID":182,"pointid":182,"grid_code":174.994446}},{"type":"Feature","id":183,"geometry":{"type":"Point","coordinates":[14.256389140685936,57.778337384595858]},"properties":{"OBJECTID":183,"pointid":183,"grid_code":177.950089}},{"type":"Feature","id":184,"geometry":{"type":"Point","coordinates":[14.25722977305033,57.778342312842575]},"properties":{"OBJECTID":184,"pointid":184,"grid_code":180.95578}},{"type":"Feature","id":185,"geometry":{"type":"Point","coordinates":[14.258070405689116,57.778347235515454]},"properties":{"OBJECTID":185,"pointid":185,"grid_code":183.062592}},{"type":"Feature","id":186,"geometry":{"type":"Point","coordinates":[14.258911038602054,57.778352152614517]},"properties":{"OBJECTID":186,"pointid":186,"grid_code":184.51738}},{"type":"Feature","id":187,"geometry":{"type":"Point","coordinates":[14.259751671788761,57.778357064139712]},"properties":{"OBJECTID":187,"pointid":187,"grid_code":185.737732}},{"type":"Feature","id":188,"geometry":{"type":"Point","coordinates":[14.260592305248997,57.778361970091112]},"properties":{"OBJECTID":188,"pointid":188,"grid_code":186.352264}},{"type":"Feature","id":189,"geometry":{"type":"Point","coordinates":[14.261432938982372,57.778366870468616]},"properties":{"OBJECTID":189,"pointid":189,"grid_code":186.03598}},{"type":"Feature","id":190,"geometry":{"type":"Point","coordinates":[14.262273572988667,57.778371765272311]},"properties":{"OBJECTID":190,"pointid":190,"grid_code":185.038864}},{"type":"Feature","id":191,"geometry":{"type":"Point","coordinates":[14.263114207267542,57.778376654502146]},"properties":{"OBJECTID":191,"pointid":191,"grid_code":184.014816}},{"type":"Feature","id":192,"geometry":{"type":"Point","coordinates":[14.263954841818602,57.778381538158101]},"properties":{"OBJECTID":192,"pointid":192,"grid_code":185.500778}},{"type":"Feature","id":193,"geometry":{"type":"Point","coordinates":[14.264795476641657,57.778386416240231]},"properties":{"OBJECTID":193,"pointid":193,"grid_code":184.719666}},{"type":"Feature","id":194,"geometry":{"type":"Point","coordinates":[14.265636111736313,57.77839128874848]},"properties":{"OBJECTID":194,"pointid":194,"grid_code":182.792648}},{"type":"Feature","id":195,"geometry":{"type":"Point","coordinates":[14.266476747102326,57.77839615568287]},"properties":{"OBJECTID":195,"pointid":195,"grid_code":181.675949}},{"type":"Feature","id":196,"geometry":{"type":"Point","coordinates":[14.267317382739312,57.778401017043365]},"properties":{"OBJECTID":196,"pointid":196,"grid_code":179.103134}},{"type":"Feature","id":197,"geometry":{"type":"Point","coordinates":[14.268158018647034,57.778405872830028]},"properties":{"OBJECTID":197,"pointid":197,"grid_code":174.182144}},{"type":"Feature","id":198,"geometry":{"type":"Point","coordinates":[14.268998654825097,57.778410723042789]},"properties":{"OBJECTID":198,"pointid":198,"grid_code":168.893707}},{"type":"Feature","id":199,"geometry":{"type":"Point","coordinates":[14.269839291273307,57.778415567681655]},"properties":{"OBJECTID":199,"pointid":199,"grid_code":162.213242}},{"type":"Feature","id":200,"geometry":{"type":"Point","coordinates":[14.270679927991267,57.778420406746655]},"properties":{"OBJECTID":200,"pointid":200,"grid_code":155.204956}},{"type":"Feature","id":201,"geometry":{"type":"Point","coordinates":[14.252195265395626,57.777863579476836]},"properties":{"OBJECTID":201,"pointid":201,"grid_code":170.53717}},{"type":"Feature","id":202,"geometry":{"type":"Point","coordinates":[14.253035885951086,57.777868535506997]},"properties":{"OBJECTID":202,"pointid":202,"grid_code":170.393265}},{"type":"Feature","id":203,"geometry":{"type":"Point","coordinates":[14.253876506782509,57.777873485963433]},"properties":{"OBJECTID":203,"pointid":203,"grid_code":170.766083}},{"type":"Feature","id":204,"geometry":{"type":"Point","coordinates":[14.254717127889544,57.777878430846165]},"properties":{"OBJECTID":204,"pointid":204,"grid_code":177.242844}},{"type":"Feature","id":205,"geometry":{"type":"Point","coordinates":[14.255557749271969,57.777883370155173]},"properties":{"OBJECTID":205,"pointid":205,"grid_code":180.804092}},{"type":"Feature","id":206,"geometry":{"type":"Point","coordinates":[14.256398370929398,57.77788830389045]},"properties":{"OBJECTID":206,"pointid":206,"grid_code":183.719055}},{"type":"Feature","id":207,"geometry":{"type":"Point","coordinates":[14.257238992861582,57.777893232052016]},"properties":{"OBJECTID":207,"pointid":207,"grid_code":186.404953}},{"type":"Feature","id":208,"geometry":{"type":"Point","coordinates":[14.258079615068157,57.777898154639828]},"properties":{"OBJECTID":208,"pointid":208,"grid_code":187.949875}},{"type":"Feature","id":209,"geometry":{"type":"Point","coordinates":[14.258920237548862,57.77790307165391]},"properties":{"OBJECTID":209,"pointid":209,"grid_code":188.869629}},{"type":"Feature","id":210,"geometry":{"type":"Point","coordinates":[14.259760860303334,57.777907983094245]},"properties":{"OBJECTID":210,"pointid":210,"grid_code":189.552475}},{"type":"Feature","id":211,"geometry":{"type":"Point","coordinates":[14.260601483331319,57.777912888960856]},"properties":{"OBJECTID":211,"pointid":211,"grid_code":189.64505}},{"type":"Feature","id":212,"geometry":{"type":"Point","coordinates":[14.26144210663243,57.777917789253706]},"properties":{"OBJECTID":212,"pointid":212,"grid_code":189.462021}},{"type":"Feature","id":213,"geometry":{"type":"Point","coordinates":[14.262282730206447,57.777922683972783]},"properties":{"OBJECTID":213,"pointid":213,"grid_code":188.545105}},{"type":"Feature","id":214,"geometry":{"type":"Point","coordinates":[14.263123354053038,57.777927573118156]},"properties":{"OBJECTID":214,"pointid":214,"grid_code":188.003571}},{"type":"Feature","id":215,"geometry":{"type":"Point","coordinates":[14.263963978171805,57.777932456689712]},"properties":{"OBJECTID":215,"pointid":215,"grid_code":189.462433}},{"type":"Feature","id":216,"geometry":{"type":"Point","coordinates":[14.264804602562551,57.777937334687536]},"properties":{"OBJECTID":216,"pointid":216,"grid_code":188.916977}},{"type":"Feature","id":217,"geometry":{"type":"Point","coordinates":[14.265645227224887,57.777942207111586]},"properties":{"OBJECTID":217,"pointid":217,"grid_code":186.782272}},{"type":"Feature","id":218,"geometry":{"type":"Point","coordinates":[14.266485852158567,57.777947073961855]},"properties":{"OBJECTID":218,"pointid":218,"grid_code":185.16983}},{"type":"Feature","id":219,"geometry":{"type":"Point","coordinates":[14.267326477363214,57.77795193523837]},"properties":{"OBJECTID":219,"pointid":219,"grid_code":182.988007}},{"type":"Feature","id":220,"geometry":{"type":"Point","coordinates":[14.26816710283858,57.77795679094109]},"properties":{"OBJECTID":220,"pointid":220,"grid_code":179.147751}},{"type":"Feature","id":221,"geometry":{"type":"Point","coordinates":[14.269007728584286,57.777961641070043]},"properties":{"OBJECTID":221,"pointid":221,"grid_code":174.790771}},{"type":"Feature","id":222,"geometry":{"type":"Point","coordinates":[14.26984835460012,57.777966485625193]},"properties":{"OBJECTID":222,"pointid":222,"grid_code":169.183792}},{"type":"Feature","id":223,"geometry":{"type":"Point","coordinates":[14.270688980885694,57.777971324606597]},"properties":{"OBJECTID":223,"pointid":223,"grid_code":163.659637}},{"type":"Feature","id":224,"geometry":{"type":"Point","coordinates":[14.271529607440673,57.777976158014148]},"properties":{"OBJECTID":224,"pointid":224,"grid_code":156.073822}},{"type":"Feature","id":225,"geometry":{"type":"Point","coordinates":[14.252204547523673,57.777414499165737]},"properties":{"OBJECTID":225,"pointid":225,"grid_code":176.616608}},{"type":"Feature","id":226,"geometry":{"type":"Point","coordinates":[14.253045157647291,57.77741945511027]},"properties":{"OBJECTID":226,"pointid":226,"grid_code":178.499344}},{"type":"Feature","id":227,"geometry":{"type":"Point","coordinates":[14.253885768046862,57.777424405481177]},"properties":{"OBJECTID":227,"pointid":227,"grid_code":176.451859}},{"type":"Feature","id":228,"geometry":{"type":"Point","coordinates":[14.254726378722035,57.777429350278446]},"properties":{"OBJECTID":228,"pointid":228,"grid_code":181.121155}},{"type":"Feature","id":229,"geometry":{"type":"Point","coordinates":[14.255566989672587,57.777434289502111]},"properties":{"OBJECTID":229,"pointid":229,"grid_code":187.560913}},{"type":"Feature","id":230,"geometry":{"type":"Point","coordinates":[14.256407600898136,57.777439223152136]},"properties":{"OBJECTID":230,"pointid":230,"grid_code":190.06424}},{"type":"Feature","id":231,"geometry":{"type":"Point","coordinates":[14.257248212398425,57.777444151228515]},"properties":{"OBJECTID":231,"pointid":231,"grid_code":191.716888}},{"type":"Feature","id":232,"geometry":{"type":"Point","coordinates":[14.25808882417309,57.777449073731269]},"properties":{"OBJECTID":232,"pointid":232,"grid_code":192.112411}},{"type":"Feature","id":233,"geometry":{"type":"Point","coordinates":[14.258929436221878,57.777453990660391]},"properties":{"OBJECTID":233,"pointid":233,"grid_code":192.721115}},{"type":"Feature","id":234,"geometry":{"type":"Point","coordinates":[14.259770048544418,57.777458902015859]},"properties":{"OBJECTID":234,"pointid":234,"grid_code":193.293915}},{"type":"Feature","id":235,"geometry":{"type":"Point","coordinates":[14.260610661140463,57.777463807797687]},"properties":{"OBJECTID":235,"pointid":235,"grid_code":193.234909}},{"type":"Feature","id":236,"geometry":{"type":"Point","coordinates":[14.261451274009623,57.77746870800587]},"properties":{"OBJECTID":236,"pointid":236,"grid_code":193.051804}},{"type":"Feature","id":237,"geometry":{"type":"Point","coordinates":[14.26229188715168,57.777473602640356]},"properties":{"OBJECTID":237,"pointid":237,"grid_code":192.06221}},{"type":"Feature","id":238,"geometry":{"type":"Point","coordinates":[14.263132500566295,57.777478491701231]},"properties":{"OBJECTID":238,"pointid":238,"grid_code":191.550812}},{"type":"Feature","id":239,"geometry":{"type":"Point","coordinates":[14.263973114253073,57.777483375188396]},"properties":{"OBJECTID":239,"pointid":239,"grid_code":192.187698}},{"type":"Feature","id":240,"geometry":{"type":"Point","coordinates":[14.264813728211825,57.777488253101922]},"properties":{"OBJECTID":240,"pointid":240,"grid_code":191.906448}},{"type":"Feature","id":241,"geometry":{"type":"Point","coordinates":[14.265654342442152,57.777493125441794]},"properties":{"OBJECTID":241,"pointid":241,"grid_code":190.136749}},{"type":"Feature","id":242,"geometry":{"type":"Point","coordinates":[14.266494956943811,57.777497992207984]},"properties":{"OBJECTID":242,"pointid":242,"grid_code":188.461716}},{"type":"Feature","id":243,"geometry":{"type":"Point","coordinates":[14.267335571716428,57.777502853400463]},"properties":{"OBJECTID":243,"pointid":243,"grid_code":187.492676}},{"type":"Feature","id":244,"geometry":{"type":"Point","coordinates":[14.268176186759757,57.777507709019282]},"properties":{"OBJECTID":244,"pointid":244,"grid_code":185.036545}},{"type":"Feature","id":245,"geometry":{"type":"Point","coordinates":[14.269016802073404,57.777512559064405]},"properties":{"OBJECTID":245,"pointid":245,"grid_code":181.047089}},{"type":"Feature","id":246,"geometry":{"type":"Point","coordinates":[14.269857417657169,57.777517403535846]},"properties":{"OBJECTID":246,"pointid":246,"grid_code":176.231659}},{"type":"Feature","id":247,"geometry":{"type":"Point","coordinates":[14.270698033510673,57.777522242433612]},"properties":{"OBJECTID":247,"pointid":247,"grid_code":170.628174}},{"type":"Feature","id":248,"geometry":{"type":"Point","coordinates":[14.271538649633563,57.777527075757639]},"properties":{"OBJECTID":248,"pointid":248,"grid_code":160.657242}},{"type":"Feature","id":249,"geometry":{"type":"Point","coordinates":[14.272379266025629,57.77753190350802]},"properties":{"OBJECTID":249,"pointid":249,"grid_code":150.184296}},{"type":"Feature","id":250,"geometry":{"type":"Point","coordinates":[14.252213829375449,57.776965418821653]},"properties":{"OBJECTID":250,"pointid":250,"grid_code":180.67923}},{"type":"Feature","id":251,"geometry":{"type":"Point","coordinates":[14.253054429067539,57.776970374680559]},"properties":{"OBJECTID":251,"pointid":251,"grid_code":184.425995}},{"type":"Feature","id":252,"geometry":{"type":"Point","coordinates":[14.253895029035572,57.776975324965889]},"properties":{"OBJECTID":252,"pointid":252,"grid_code":185.114014}},{"type":"Feature","id":253,"geometry":{"type":"Point","coordinates":[14.254735629279194,57.776980269677743]},"properties":{"OBJECTID":253,"pointid":253,"grid_code":187.454468}},{"type":"Feature","id":254,"geometry":{"type":"Point","coordinates":[14.255576229798185,57.776985208816043]},"properties":{"OBJECTID":254,"pointid":254,"grid_code":193.749054}},{"type":"Feature","id":255,"geometry":{"type":"Point","coordinates":[14.256416830592158,57.776990142380797]},"properties":{"OBJECTID":255,"pointid":255,"grid_code":195.774811}},{"type":"Feature","id":256,"geometry":{"type":"Point","coordinates":[14.257257431660864,57.776995070372031]},"properties":{"OBJECTID":256,"pointid":256,"grid_code":196.959}},{"type":"Feature","id":257,"geometry":{"type":"Point","coordinates":[14.258098033003934,57.776999992789719]},"properties":{"OBJECTID":257,"pointid":257,"grid_code":197.403442}},{"type":"Feature","id":258,"geometry":{"type":"Point","coordinates":[14.258938634621114,57.77700490963386]},"properties":{"OBJECTID":258,"pointid":258,"grid_code":197.832138}},{"type":"Feature","id":259,"geometry":{"type":"Point","coordinates":[14.259779236512035,57.777009820904468]},"properties":{"OBJECTID":259,"pointid":259,"grid_code":198.399124}},{"type":"Feature","id":260,"geometry":{"type":"Point","coordinates":[14.260619838676449,57.777014726601529]},"properties":{"OBJECTID":260,"pointid":260,"grid_code":198.955551}},{"type":"Feature","id":261,"geometry":{"type":"Point","coordinates":[14.261460441113964,57.777019626725007]},"properties":{"OBJECTID":261,"pointid":261,"grid_code":198.484177}},{"type":"Feature","id":262,"geometry":{"type":"Point","coordinates":[14.262301043824365,57.777024521274953]},"properties":{"OBJECTID":262,"pointid":262,"grid_code":196.810974}},{"type":"Feature","id":263,"geometry":{"type":"Point","coordinates":[14.26314164680732,57.777029410251316]},"properties":{"OBJECTID":263,"pointid":263,"grid_code":195.03125}},{"type":"Feature","id":264,"geometry":{"type":"Point","coordinates":[14.263982250062424,57.777034293654104]},"properties":{"OBJECTID":264,"pointid":264,"grid_code":194.732407}},{"type":"Feature","id":265,"geometry":{"type":"Point","coordinates":[14.264822853589486,57.777039171483345]},"properties":{"OBJECTID":265,"pointid":265,"grid_code":194.512115}},{"type":"Feature","id":266,"geometry":{"type":"Point","coordinates":[14.265663457388117,57.777044043738996]},"properties":{"OBJECTID":266,"pointid":266,"grid_code":192.88475}},{"type":"Feature","id":267,"geometry":{"type":"Point","coordinates":[14.266504061458068,57.77704891042108]},"properties":{"OBJECTID":267,"pointid":267,"grid_code":191.245621}},{"type":"Feature","id":268,"geometry":{"type":"Point","coordinates":[14.267344665798962,57.777053771529573]},"properties":{"OBJECTID":268,"pointid":268,"grid_code":190.826218}},{"type":"Feature","id":269,"geometry":{"type":"Point","coordinates":[14.268185270410559,57.777058627064484]},"properties":{"OBJECTID":269,"pointid":269,"grid_code":190.739563}},{"type":"Feature","id":270,"geometry":{"type":"Point","coordinates":[14.269025875292463,57.777063477025791]},"properties":{"OBJECTID":270,"pointid":270,"grid_code":188.28801}},{"type":"Feature","id":271,"geometry":{"type":"Point","coordinates":[14.269866480444479,57.777068321413537]},"properties":{"OBJECTID":271,"pointid":271,"grid_code":182.788757}},{"type":"Feature","id":272,"geometry":{"type":"Point","coordinates":[14.270707085866214,57.777073160227665]},"properties":{"OBJECTID":272,"pointid":272,"grid_code":174.314102}},{"type":"Feature","id":273,"geometry":{"type":"Point","coordinates":[14.271547691557329,57.77707799346819]},"properties":{"OBJECTID":273,"pointid":273,"grid_code":161.73172}},{"type":"Feature","id":274,"geometry":{"type":"Point","coordinates":[14.272388297517603,57.777082821135103]},"properties":{"OBJECTID":274,"pointid":274,"grid_code":151.963333}},{"type":"Feature","id":275,"geometry":{"type":"Point","coordinates":[14.253063700211847,57.776521294217787]},"properties":{"OBJECTID":275,"pointid":275,"grid_code":189.479736}},{"type":"Feature","id":276,"geometry":{"type":"Point","coordinates":[14.25390428974865,57.776526244417624]},"properties":{"OBJECTID":276,"pointid":276,"grid_code":193.127243}},{"type":"Feature","id":277,"geometry":{"type":"Point","coordinates":[14.254744879561029,57.776531189043993]},"properties":{"OBJECTID":277,"pointid":277,"grid_code":196.502869}},{"type":"Feature","id":278,"geometry":{"type":"Point","coordinates":[14.255585469648771,57.776536128096936]},"properties":{"OBJECTID":278,"pointid":278,"grid_code":198.286743}},{"type":"Feature","id":279,"geometry":{"type":"Point","coordinates":[14.256426060011478,57.776541061576474]},"properties":{"OBJECTID":279,"pointid":279,"grid_code":200.225418}},{"type":"Feature","id":280,"geometry":{"type":"Point","coordinates":[14.257266650648909,57.776545989482543]},"properties":{"OBJECTID":280,"pointid":280,"grid_code":201.720474}},{"type":"Feature","id":281,"geometry":{"type":"Point","coordinates":[14.258107241560692,57.776550911815185]},"properties":{"OBJECTID":281,"pointid":281,"grid_code":202.621872}},{"type":"Feature","id":282,"geometry":{"type":"Point","coordinates":[14.258947832746575,57.776555828574359]},"properties":{"OBJECTID":282,"pointid":282,"grid_code":202.513702}},{"type":"Feature","id":283,"geometry":{"type":"Point","coordinates":[14.259788424206189,57.7765607397601]},"properties":{"OBJECTID":283,"pointid":283,"grid_code":202.958603}},{"type":"Feature","id":284,"geometry":{"type":"Point","coordinates":[14.260629015939278,57.776565645372365]},"properties":{"OBJECTID":284,"pointid":284,"grid_code":203.279205}},{"type":"Feature","id":285,"geometry":{"type":"Point","coordinates":[14.261469607945468,57.776570545411168]},"properties":{"OBJECTID":285,"pointid":285,"grid_code":203.101715}},{"type":"Feature","id":286,"geometry":{"type":"Point","coordinates":[14.26231020022453,57.776575439876552]},"properties":{"OBJECTID":286,"pointid":286,"grid_code":201.39035}},{"type":"Feature","id":287,"geometry":{"type":"Point","coordinates":[14.263150792776127,57.776580328768425]},"properties":{"OBJECTID":287,"pointid":287,"grid_code":198.643829}},{"type":"Feature","id":288,"geometry":{"type":"Point","coordinates":[14.263991385599866,57.776585212086829]},"properties":{"OBJECTID":288,"pointid":288,"grid_code":197.869141}},{"type":"Feature","id":289,"geometry":{"type":"Point","coordinates":[14.264831978695554,57.776590089831771]},"properties":{"OBJECTID":289,"pointid":289,"grid_code":198.340958}},{"type":"Feature","id":290,"geometry":{"type":"Point","coordinates":[14.265672572062794,57.776594962003237]},"properties":{"OBJECTID":290,"pointid":290,"grid_code":197.0168}},{"type":"Feature","id":291,"geometry":{"type":"Point","coordinates":[14.266513165701344,57.776599828601228]},"properties":{"OBJECTID":291,"pointid":291,"grid_code":195.294556}},{"type":"Feature","id":292,"geometry":{"type":"Point","coordinates":[14.267353759610831,57.776604689625714]},"properties":{"OBJECTID":292,"pointid":292,"grid_code":194.399063}},{"type":"Feature","id":293,"geometry":{"type":"Point","coordinates":[14.268194353791003,57.77660954507671]},"properties":{"OBJECTID":293,"pointid":293,"grid_code":194.624817}},{"type":"Feature","id":294,"geometry":{"type":"Point","coordinates":[14.269034948241474,57.776614394954244]},"properties":{"OBJECTID":294,"pointid":294,"grid_code":196.093811}},{"type":"Feature","id":295,"geometry":{"type":"Point","coordinates":[14.269875542962049,57.776619239258238]},"properties":{"OBJECTID":295,"pointid":295,"grid_code":190.343307}},{"type":"Feature","id":296,"geometry":{"type":"Point","coordinates":[14.270716137952329,57.776624077988771]},"properties":{"OBJECTID":296,"pointid":296,"grid_code":179.43541}},{"type":"Feature","id":297,"geometry":{"type":"Point","coordinates":[14.271556733211977,57.776628911145757]},"properties":{"OBJECTID":297,"pointid":297,"grid_code":169.563736}},{"type":"Feature","id":298,"geometry":{"type":"Point","coordinates":[14.272397328740778,57.776633738729281]},"properties":{"OBJECTID":298,"pointid":298,"grid_code":162.531265}},{"type":"Feature","id":299,"geometry":{"type":"Point","coordinates":[14.273237924538341,57.776638560739265]},"properties":{"OBJECTID":299,"pointid":299,"grid_code":154.851517}},{"type":"Feature","id":300,"geometry":{"type":"Point","coordinates":[14.253072971080222,57.776072213722074]},"properties":{"OBJECTID":300,"pointid":300,"grid_code":194.100632}},{"type":"Feature","id":301,"geometry":{"type":"Point","coordinates":[14.253913550186105,57.776077163836369]},"properties":{"OBJECTID":301,"pointid":301,"grid_code":199.951813}},{"type":"Feature","id":302,"geometry":{"type":"Point","coordinates":[14.254754129567553,57.77608210837731]},"properties":{"OBJECTID":302,"pointid":302,"grid_code":203.633224}},{"type":"Feature","id":303,"geometry":{"type":"Point","coordinates":[14.255594709224351,57.776087047344873]},"properties":{"OBJECTID":303,"pointid":303,"grid_code":201.786469}},{"type":"Feature","id":304,"geometry":{"type":"Point","coordinates":[14.256435289156109,57.776091980739167]},"properties":{"OBJECTID":304,"pointid":304,"grid_code":202.95694}},{"type":"Feature","id":305,"geometry":{"type":"Point","coordinates":[14.257275869362578,57.776096908560085]},"properties":{"OBJECTID":305,"pointid":305,"grid_code":204.874817}},{"type":"Feature","id":306,"geometry":{"type":"Point","coordinates":[14.258116449843381,57.776101830807683]},"properties":{"OBJECTID":306,"pointid":306,"grid_code":206.077072}},{"type":"Feature","id":307,"geometry":{"type":"Point","coordinates":[14.25895703059828,57.776106747481876]},"properties":{"OBJECTID":307,"pointid":307,"grid_code":206.356842}},{"type":"Feature","id":308,"geometry":{"type":"Point","coordinates":[14.25979761162689,57.776111658582764]},"properties":{"OBJECTID":308,"pointid":308,"grid_code":206.985962}},{"type":"Feature","id":309,"geometry":{"type":"Point","coordinates":[14.260638192928978,57.776116564110254]},"properties":{"OBJECTID":309,"pointid":309,"grid_code":207.432877}},{"type":"Feature","id":310,"geometry":{"type":"Point","coordinates":[14.261478774504139,57.776121464064403]},"properties":{"OBJECTID":310,"pointid":310,"grid_code":206.691345}},{"type":"Feature","id":311,"geometry":{"type":"Point","coordinates":[14.262319356352169,57.776126358445147]},"properties":{"OBJECTID":311,"pointid":311,"grid_code":204.611969}},{"type":"Feature","id":312,"geometry":{"type":"Point","coordinates":[14.263159938472722,57.776131247252579]},"properties":{"OBJECTID":312,"pointid":312,"grid_code":201.915146}},{"type":"Feature","id":313,"geometry":{"type":"Point","coordinates":[14.264000520865407,57.776136130486599]},"properties":{"OBJECTID":313,"pointid":313,"grid_code":201.087173}},{"type":"Feature","id":314,"geometry":{"type":"Point","coordinates":[14.264841103530028,57.77614100814727]},"properties":{"OBJECTID":314,"pointid":314,"grid_code":201.377151}},{"type":"Feature","id":315,"geometry":{"type":"Point","coordinates":[14.265681686466193,57.776145880234544]},"properties":{"OBJECTID":315,"pointid":315,"grid_code":200.581726}},{"type":"Feature","id":316,"geometry":{"type":"Point","coordinates":[14.266522269673656,57.776150746748414]},"properties":{"OBJECTID":316,"pointid":316,"grid_code":198.856186}},{"type":"Feature","id":317,"geometry":{"type":"Point","coordinates":[14.267362853152044,57.776155607688921]},"properties":{"OBJECTID":317,"pointid":317,"grid_code":197.626648}},{"type":"Feature","id":318,"geometry":{"type":"Point","coordinates":[14.268203436901105,57.77616046305603]},"properties":{"OBJECTID":318,"pointid":318,"grid_code":197.950058}},{"type":"Feature","id":319,"geometry":{"type":"Point","coordinates":[14.269044020920456,57.776165312849749]},"properties":{"OBJECTID":319,"pointid":319,"grid_code":200.964127}},{"type":"Feature","id":320,"geometry":{"type":"Point","coordinates":[14.269884605209894,57.776170157070041]},"properties":{"OBJECTID":320,"pointid":320,"grid_code":198.78009}},{"type":"Feature","id":321,"geometry":{"type":"Point","coordinates":[14.270725189769033,57.776174995716943]},"properties":{"OBJECTID":321,"pointid":321,"grid_code":188.467957}},{"type":"Feature","id":322,"geometry":{"type":"Point","coordinates":[14.271565774597523,57.776179828790426]},"properties":{"OBJECTID":322,"pointid":322,"grid_code":181.870178}},{"type":"Feature","id":323,"geometry":{"type":"Point","coordinates":[14.272406359695154,57.776184656290518]},"properties":{"OBJECTID":323,"pointid":323,"grid_code":177.260086}},{"type":"Feature","id":324,"geometry":{"type":"Point","coordinates":[14.273246945061539,57.776189478217169]},"properties":{"OBJECTID":324,"pointid":324,"grid_code":169.227478}},{"type":"Feature","id":325,"geometry":{"type":"Point","coordinates":[14.25308224167267,57.775623133193427]},"properties":{"OBJECTID":325,"pointid":325,"grid_code":198.700775}},{"type":"Feature","id":326,"geometry":{"type":"Point","coordinates":[14.253922810347948,57.775628083222159]},"properties":{"OBJECTID":326,"pointid":326,"grid_code":205.30275}},{"type":"Feature","id":327,"geometry":{"type":"Point","coordinates":[14.25476337929878,57.775633027677657]},"properties":{"OBJECTID":327,"pointid":327,"grid_code":209.024841}},{"type":"Feature","id":328,"geometry":{"type":"Point","coordinates":[14.255603948524945,57.775637966559927]},"properties":{"OBJECTID":328,"pointid":328,"grid_code":205.755066}},{"type":"Feature","id":329,"geometry":{"type":"Point","coordinates":[14.256444518026056,57.775642899868927]},"properties":{"OBJECTID":329,"pointid":329,"grid_code":205.275681}},{"type":"Feature","id":330,"geometry":{"type":"Point","coordinates":[14.257285087801874,57.775647827604701]},"properties":{"OBJECTID":330,"pointid":330,"grid_code":207.547058}},{"type":"Feature","id":331,"geometry":{"type":"Point","coordinates":[14.258125657852013,57.775652749767204]},"properties":{"OBJECTID":331,"pointid":331,"grid_code":208.727509}},{"type":"Feature","id":332,"geometry":{"type":"Point","coordinates":[14.258966228176227,57.775657666356494]},"properties":{"OBJECTID":332,"pointid":332,"grid_code":209.282364}},{"type":"Feature","id":333,"geometry":{"type":"Point","coordinates":[14.259806798774161,57.775662577372479]},"properties":{"OBJECTID":333,"pointid":333,"grid_code":209.823868}},{"type":"Feature","id":334,"geometry":{"type":"Point","coordinates":[14.26064736964554,57.775667482815223]},"properties":{"OBJECTID":334,"pointid":334,"grid_code":210.153656}},{"type":"Feature","id":335,"geometry":{"type":"Point","coordinates":[14.261487940789994,57.775672382684697]},"properties":{"OBJECTID":335,"pointid":335,"grid_code":209.232544}},{"type":"Feature","id":336,"geometry":{"type":"Point","coordinates":[14.262328512207302,57.775677276980893]},"properties":{"OBJECTID":336,"pointid":336,"grid_code":207.743301}},{"type":"Feature","id":337,"geometry":{"type":"Point","coordinates":[14.26316908389712,57.775682165703827]},"properties":{"OBJECTID":337,"pointid":337,"grid_code":205.502548}},{"type":"Feature","id":338,"geometry":{"type":"Point","coordinates":[14.264009655859063,57.775687048853456]},"properties":{"OBJECTID":338,"pointid":338,"grid_code":204.418091}},{"type":"Feature","id":339,"geometry":{"type":"Point","coordinates":[14.264850228092929,57.775691926429822]},"properties":{"OBJECTID":339,"pointid":339,"grid_code":204.777634}},{"type":"Feature","id":340,"geometry":{"type":"Point","coordinates":[14.265690800598323,57.775696798432911]},"properties":{"OBJECTID":340,"pointid":340,"grid_code":204.238312}},{"type":"Feature","id":341,"geometry":{"type":"Point","coordinates":[14.26653137337501,57.775701664862709]},"properties":{"OBJECTID":341,"pointid":341,"grid_code":202.791382}},{"type":"Feature","id":342,"geometry":{"type":"Point","coordinates":[14.267371946422605,57.775706525719201]},"properties":{"OBJECTID":342,"pointid":342,"grid_code":201.476776}},{"type":"Feature","id":343,"geometry":{"type":"Point","coordinates":[14.268212519740873,57.775711381002402]},"properties":{"OBJECTID":343,"pointid":343,"grid_code":201.093781}},{"type":"Feature","id":344,"geometry":{"type":"Point","coordinates":[14.269053093329411,57.775716230712312]},"properties":{"OBJECTID":344,"pointid":344,"grid_code":202.968079}},{"type":"Feature","id":345,"geometry":{"type":"Point","coordinates":[14.269893667188024,57.775721074848917]},"properties":{"OBJECTID":345,"pointid":345,"grid_code":203.600571}},{"type":"Feature","id":346,"geometry":{"type":"Point","coordinates":[14.270734241316324,57.775725913412195]},"properties":{"OBJECTID":346,"pointid":346,"grid_code":196.476791}},{"type":"Feature","id":347,"geometry":{"type":"Point","coordinates":[14.271574815713972,57.775730746402168]},"properties":{"OBJECTID":347,"pointid":347,"grid_code":191.488907}},{"type":"Feature","id":348,"geometry":{"type":"Point","coordinates":[14.27241539038075,57.775735573818842]},"properties":{"OBJECTID":348,"pointid":348,"grid_code":188.507172}},{"type":"Feature","id":349,"geometry":{"type":"Point","coordinates":[14.27325596531627,57.775740395662176]},"properties":{"OBJECTID":349,"pointid":349,"grid_code":181.536514}},{"type":"Feature","id":350,"geometry":{"type":"Point","coordinates":[14.274096540520279,57.77574521193219]},"properties":{"OBJECTID":350,"pointid":350,"grid_code":168.103317}},{"type":"Feature","id":351,"geometry":{"type":"Point","coordinates":[14.253091511989213,57.775174052631698]},"properties":{"OBJECTID":351,"pointid":351,"grid_code":203.847137}},{"type":"Feature","id":352,"geometry":{"type":"Point","coordinates":[14.253932070234193,57.775179002574916]},"properties":{"OBJECTID":352,"pointid":352,"grid_code":209.403046}},{"type":"Feature","id":353,"geometry":{"type":"Point","coordinates":[14.254772628754713,57.775183946944956]},"properties":{"OBJECTID":353,"pointid":353,"grid_code":212.450638}},{"type":"Feature","id":354,"geometry":{"type":"Point","coordinates":[14.25561318755056,57.775188885741898]},"properties":{"OBJECTID":354,"pointid":354,"grid_code":209.722198}},{"type":"Feature","id":355,"geometry":{"type":"Point","coordinates":[14.256453746621339,57.775193818965676]},"properties":{"OBJECTID":355,"pointid":355,"grid_code":207.84108}},{"type":"Feature","id":356,"geometry":{"type":"Point","coordinates":[14.257294305966809,57.775198746616269]},"properties":{"OBJECTID":356,"pointid":356,"grid_code":209.51918}},{"type":"Feature","id":357,"geometry":{"type":"Point","coordinates":[14.258134865586594,57.775203668693727]},"properties":{"OBJECTID":357,"pointid":357,"grid_code":211.148224}},{"type":"Feature","id":358,"geometry":{"type":"Point","coordinates":[14.258975425480449,57.775208585198044]},"properties":{"OBJECTID":358,"pointid":358,"grid_code":212.479675}},{"type":"Feature","id":359,"geometry":{"type":"Point","coordinates":[14.259815985647995,57.775213496129176]},"properties":{"OBJECTID":359,"pointid":359,"grid_code":213.411469}},{"type":"Feature","id":360,"geometry":{"type":"Point","coordinates":[14.260656546088988,57.775218401487159]},"properties":{"OBJECTID":360,"pointid":360,"grid_code":213.785736}},{"type":"Feature","id":361,"geometry":{"type":"Point","coordinates":[14.261497106803045,57.775223301271971]},"properties":{"OBJECTID":361,"pointid":361,"grid_code":211.900726}},{"type":"Feature","id":362,"geometry":{"type":"Point","coordinates":[14.262337667789941,57.775228195483614]},"properties":{"OBJECTID":362,"pointid":362,"grid_code":209.826218}},{"type":"Feature","id":363,"geometry":{"type":"Point","coordinates":[14.263178229049336,57.775233084122029]},"properties":{"OBJECTID":363,"pointid":363,"grid_code":208.529755}},{"type":"Feature","id":364,"geometry":{"type":"Point","coordinates":[14.264018790580844,57.775237967187294]},"properties":{"OBJECTID":364,"pointid":364,"grid_code":207.793335}},{"type":"Feature","id":365,"geometry":{"type":"Point","coordinates":[14.264859352384264,57.775242844679404]},"properties":{"OBJECTID":365,"pointid":365,"grid_code":207.631149}},{"type":"Feature","id":366,"geometry":{"type":"Point","coordinates":[14.265699914459207,57.775247716598273]},"properties":{"OBJECTID":366,"pointid":366,"grid_code":206.880661}},{"type":"Feature","id":367,"geometry":{"type":"Point","coordinates":[14.266540476805421,57.77525258294397]},"properties":{"OBJECTID":367,"pointid":367,"grid_code":205.774536}},{"type":"Feature","id":368,"geometry":{"type":"Point","coordinates":[14.26738103942254,57.775257443716477]},"properties":{"OBJECTID":368,"pointid":368,"grid_code":204.797607}},{"type":"Feature","id":369,"geometry":{"type":"Point","coordinates":[14.268221602310311,57.775262298915777]},"properties":{"OBJECTID":369,"pointid":369,"grid_code":204.18602}},{"type":"Feature","id":370,"geometry":{"type":"Point","coordinates":[14.269062165468346,57.775267148541893]},"properties":{"OBJECTID":370,"pointid":370,"grid_code":204.590805}},{"type":"Feature","id":371,"geometry":{"type":"Point","coordinates":[14.269902728896453,57.775271992594789]},"properties":{"OBJECTID":371,"pointid":371,"grid_code":204.931107}},{"type":"Feature","id":372,"geometry":{"type":"Point","coordinates":[14.270743292594235,57.775276831074478]},"properties":{"OBJECTID":372,"pointid":372,"grid_code":200.900208}},{"type":"Feature","id":373,"geometry":{"type":"Point","coordinates":[14.271583856561346,57.775281663980941]},"properties":{"OBJECTID":373,"pointid":373,"grid_code":197.870834}},{"type":"Feature","id":374,"geometry":{"type":"Point","coordinates":[14.272424420797574,57.775286491314169]},"properties":{"OBJECTID":374,"pointid":374,"grid_code":196.808731}},{"type":"Feature","id":375,"geometry":{"type":"Point","coordinates":[14.273264985302536,57.775291313074185]},"properties":{"OBJECTID":375,"pointid":375,"grid_code":193.998489}},{"type":"Feature","id":376,"geometry":{"type":"Point","coordinates":[14.274105550075976,57.77529612926098]},"properties":{"OBJECTID":376,"pointid":376,"grid_code":182.858643}},{"type":"Feature","id":377,"geometry":{"type":"Point","coordinates":[14.274946115117526,57.775300939874555]},"properties":{"OBJECTID":377,"pointid":377,"grid_code":161.484543}},{"type":"Feature","id":378,"geometry":{"type":"Point","coordinates":[14.253941329844849,57.774729921894696]},"properties":{"OBJECTID":378,"pointid":378,"grid_code":213.027222}},{"type":"Feature","id":379,"geometry":{"type":"Point","coordinates":[14.25478187793537,57.774734866179308]},"properties":{"OBJECTID":379,"pointid":379,"grid_code":215.275833}},{"type":"Feature","id":380,"geometry":{"type":"Point","coordinates":[14.255622426301208,57.774739804890864]},"properties":{"OBJECTID":380,"pointid":380,"grid_code":213.220245}},{"type":"Feature","id":381,"geometry":{"type":"Point","coordinates":[14.256462974941961,57.774744738029419]},"properties":{"OBJECTID":381,"pointid":381,"grid_code":210.496323}},{"type":"Feature","id":382,"geometry":{"type":"Point","coordinates":[14.257303523857402,57.774749665594875]},"properties":{"OBJECTID":382,"pointid":382,"grid_code":211.927414}},{"type":"Feature","id":383,"geometry":{"type":"Point","coordinates":[14.258144073047138,57.774754587587289]},"properties":{"OBJECTID":383,"pointid":383,"grid_code":214.034149}},{"type":"Feature","id":384,"geometry":{"type":"Point","coordinates":[14.258984622510939,57.774759504006632]},"properties":{"OBJECTID":384,"pointid":384,"grid_code":215.792465}},{"type":"Feature","id":385,"geometry":{"type":"Point","coordinates":[14.259825172248418,57.774764414852903]},"properties":{"OBJECTID":385,"pointid":385,"grid_code":217.039658}},{"type":"Feature","id":386,"geometry":{"type":"Point","coordinates":[14.260665722259334,57.774769320126119]},"properties":{"OBJECTID":386,"pointid":386,"grid_code":217.237625}},{"type":"Feature","id":387,"geometry":{"type":"Point","coordinates":[14.261506272543297,57.774774219826256]},"properties":{"OBJECTID":387,"pointid":387,"grid_code":214.536057}},{"type":"Feature","id":388,"geometry":{"type":"Point","coordinates":[14.262346823100092,57.774779113953315]},"properties":{"OBJECTID":388,"pointid":388,"grid_code":211.593323}},{"type":"Feature","id":389,"geometry":{"type":"Point","coordinates":[14.263187373929375,57.774784002507289]},"properties":{"OBJECTID":389,"pointid":389,"grid_code":210.158951}},{"type":"Feature","id":390,"geometry":{"type":"Point","coordinates":[14.264027925030762,57.774788885488185]},"properties":{"OBJECTID":390,"pointid":390,"grid_code":209.699707}},{"type":"Feature","id":391,"geometry":{"type":"Point","coordinates":[14.264868476404047,57.774793762895989]},"properties":{"OBJECTID":391,"pointid":391,"grid_code":209.575195}},{"type":"Feature","id":392,"geometry":{"type":"Point","coordinates":[14.265709028048843,57.774798634730701]},"properties":{"OBJECTID":392,"pointid":392,"grid_code":209.312347}},{"type":"Feature","id":393,"geometry":{"type":"Point","coordinates":[14.266549579964899,57.774803500992299]},"properties":{"OBJECTID":393,"pointid":393,"grid_code":209.388794}},{"type":"Feature","id":394,"geometry":{"type":"Point","coordinates":[14.267390132151851,57.774808361680805]},"properties":{"OBJECTID":394,"pointid":394,"grid_code":209.531784}},{"type":"Feature","id":395,"geometry":{"type":"Point","coordinates":[14.268230684609442,57.774813216796218]},"properties":{"OBJECTID":395,"pointid":395,"grid_code":208.647919}},{"type":"Feature","id":396,"geometry":{"type":"Point","coordinates":[14.26907123733729,57.774818066338518]},"properties":{"OBJECTID":396,"pointid":396,"grid_code":206.686417}},{"type":"Feature","id":397,"geometry":{"type":"Point","coordinates":[14.269911790335188,57.774822910307705]},"properties":{"OBJECTID":397,"pointid":397,"grid_code":205.48056}},{"type":"Feature","id":398,"geometry":{"type":"Point","coordinates":[14.270752343602753,57.774827748703792]},"properties":{"OBJECTID":398,"pointid":398,"grid_code":203.484726}},{"type":"Feature","id":399,"geometry":{"type":"Point","coordinates":[14.271592897139643,57.774832581526745]},"properties":{"OBJECTID":399,"pointid":399,"grid_code":202.468628}},{"type":"Feature","id":400,"geometry":{"type":"Point","coordinates":[14.272433450945638,57.774837408776548]},"properties":{"OBJECTID":400,"pointid":400,"grid_code":204.925735}},{"type":"Feature","id":401,"geometry":{"type":"Point","coordinates":[14.273274005020353,57.774842230453267]},"properties":{"OBJECTID":401,"pointid":401,"grid_code":205.792679}},{"type":"Feature","id":402,"geometry":{"type":"Point","coordinates":[14.274114559363538,57.774847046556843]},"properties":{"OBJECTID":402,"pointid":402,"grid_code":194.940567}},{"type":"Feature","id":403,"geometry":{"type":"Point","coordinates":[14.274955113974819,57.774851857087292]},"properties":{"OBJECTID":403,"pointid":403,"grid_code":174.194336}},{"type":"Feature","id":404,"geometry":{"type":"Point","coordinates":[14.253950589179928,57.774280841181479]},"properties":{"OBJECTID":404,"pointid":404,"grid_code":215.289627}},{"type":"Feature","id":405,"geometry":{"type":"Point","coordinates":[14.254791126840761,57.77428578538067]},"properties":{"OBJECTID":405,"pointid":405,"grid_code":217.128616}},{"type":"Feature","id":406,"geometry":{"type":"Point","coordinates":[14.255631664776896,57.774290724006924]},"properties":{"OBJECTID":406,"pointid":406,"grid_code":216.258957}},{"type":"Feature","id":407,"geometry":{"type":"Point","coordinates":[14.256472202987942,57.774295657060186]},"properties":{"OBJECTID":407,"pointid":407,"grid_code":213.439896}},{"type":"Feature","id":408,"geometry":{"type":"Point","coordinates":[14.257312741473656,57.774300584540519]},"properties":{"OBJECTID":408,"pointid":408,"grid_code":214.381363}},{"type":"Feature","id":409,"geometry":{"type":"Point","coordinates":[14.258153280233664,57.774305506447895]},"properties":{"OBJECTID":409,"pointid":409,"grid_code":216.235275}},{"type":"Feature","id":410,"geometry":{"type":"Point","coordinates":[14.258993819267712,57.774310422782278]},"properties":{"OBJECTID":410,"pointid":410,"grid_code":217.653702}},{"type":"Feature","id":411,"geometry":{"type":"Point","coordinates":[14.259834358575434,57.774315333543697]},"properties":{"OBJECTID":411,"pointid":411,"grid_code":218.900635}},{"type":"Feature","id":412,"geometry":{"type":"Point","coordinates":[14.260674898156584,57.774320238732145]},"properties":{"OBJECTID":412,"pointid":412,"grid_code":219.278992}},{"type":"Feature","id":413,"geometry":{"type":"Point","coordinates":[14.261515438010768,57.774325138347599]},"properties":{"OBJECTID":413,"pointid":413,"grid_code":216.663483}},{"type":"Feature","id":414,"geometry":{"type":"Point","coordinates":[14.262355978137771,57.774330032390068]},"properties":{"OBJECTID":414,"pointid":414,"grid_code":214.179672}},{"type":"Feature","id":415,"geometry":{"type":"Point","coordinates":[14.263196518537253,57.774334920859616]},"properties":{"OBJECTID":415,"pointid":415,"grid_code":212.734085}},{"type":"Feature","id":416,"geometry":{"type":"Point","coordinates":[14.264037059208823,57.774339803756128]},"properties":{"OBJECTID":416,"pointid":416,"grid_code":211.523178}},{"type":"Feature","id":417,"geometry":{"type":"Point","coordinates":[14.264877600152284,57.774344681079647]},"properties":{"OBJECTID":417,"pointid":417,"grid_code":211.69397}},{"type":"Feature","id":418,"geometry":{"type":"Point","coordinates":[14.265718141367243,57.774349552830174]},"properties":{"OBJECTID":418,"pointid":418,"grid_code":211.617111}},{"type":"Feature","id":419,"geometry":{"type":"Point","coordinates":[14.266558682853455,57.774354419007707]},"properties":{"OBJECTID":419,"pointid":419,"grid_code":213.565781}},{"type":"Feature","id":420,"geometry":{"type":"Point","coordinates":[14.267399224610546,57.774359279612199]},"properties":{"OBJECTID":420,"pointid":420,"grid_code":214.829269}},{"type":"Feature","id":421,"geometry":{"type":"Point","coordinates":[14.268239766638271,57.774364134643726]},"properties":{"OBJECTID":421,"pointid":421,"grid_code":213.748428}},{"type":"Feature","id":422,"geometry":{"type":"Point","coordinates":[14.269080308936235,57.774368984102217]},"properties":{"OBJECTID":422,"pointid":422,"grid_code":210.629913}},{"type":"Feature","id":423,"geometry":{"type":"Point","coordinates":[14.269920851504244,57.774373827987716]},"properties":{"OBJECTID":423,"pointid":423,"grid_code":207.470764}},{"type":"Feature","id":424,"geometry":{"type":"Point","coordinates":[14.270761394341907,57.77437866630018]},"properties":{"OBJECTID":424,"pointid":424,"grid_code":205.441406}},{"type":"Feature","id":425,"geometry":{"type":"Point","coordinates":[14.271601937448882,57.774383499039608]},"properties":{"OBJECTID":425,"pointid":425,"grid_code":204.678452}},{"type":"Feature","id":426,"geometry":{"type":"Point","coordinates":[14.272442480824951,57.774388326206022]},"properties":{"OBJECTID":426,"pointid":426,"grid_code":206.379349}},{"type":"Feature","id":427,"geometry":{"type":"Point","coordinates":[14.273283024469727,57.774393147799422]},"properties":{"OBJECTID":427,"pointid":427,"grid_code":205.126236}},{"type":"Feature","id":428,"geometry":{"type":"Point","coordinates":[14.274123568382969,57.774397963819759]},"properties":{"OBJECTID":428,"pointid":428,"grid_code":195.622589}},{"type":"Feature","id":429,"geometry":{"type":"Point","coordinates":[14.274964112564289,57.774402774267088]},"properties":{"OBJECTID":429,"pointid":429,"grid_code":177.219803}},{"type":"Feature","id":430,"geometry":{"type":"Point","coordinates":[14.254800375470895,57.773836704549041]},"properties":{"OBJECTID":430,"pointid":430,"grid_code":218.97934}},{"type":"Feature","id":431,"geometry":{"type":"Point","coordinates":[14.255640902977641,57.773841643089945]},"properties":{"OBJECTID":431,"pointid":431,"grid_code":218.955612}},{"type":"Feature","id":432,"geometry":{"type":"Point","coordinates":[14.256481430759287,57.773846576057977]},"properties":{"OBJECTID":432,"pointid":432,"grid_code":216.898254}},{"type":"Feature","id":433,"geometry":{"type":"Point","coordinates":[14.257321958815584,57.773851503453145]},"properties":{"OBJECTID":433,"pointid":433,"grid_code":217.846268}},{"type":"Feature","id":434,"geometry":{"type":"Point","coordinates":[14.258162487146171,57.773856425275476]},"properties":{"OBJECTID":434,"pointid":434,"grid_code":219.123367}},{"type":"Feature","id":435,"geometry":{"type":"Point","coordinates":[14.259003015750784,57.773861341524913]},"properties":{"OBJECTID":435,"pointid":435,"grid_code":219.493011}},{"type":"Feature","id":436,"geometry":{"type":"Point","coordinates":[14.259843544629062,57.773866252201486]},"properties":{"OBJECTID":436,"pointid":436,"grid_code":220.182098}},{"type":"Feature","id":437,"geometry":{"type":"Point","coordinates":[14.260684073780753,57.773871157305166]},"properties":{"OBJECTID":437,"pointid":437,"grid_code":220.337051}},{"type":"Feature","id":438,"geometry":{"type":"Point","coordinates":[14.261524603205466,57.773876056835967]},"properties":{"OBJECTID":438,"pointid":438,"grid_code":218.672623}},{"type":"Feature","id":439,"geometry":{"type":"Point","coordinates":[14.262365132902987,57.773880950793902]},"properties":{"OBJECTID":439,"pointid":439,"grid_code":216.567596}},{"type":"Feature","id":440,"geometry":{"type":"Point","coordinates":[14.263205662872981,57.773885839178931]},"properties":{"OBJECTID":440,"pointid":440,"grid_code":215.713867}},{"type":"Feature","id":441,"geometry":{"type":"Point","coordinates":[14.264046193115046,57.773890721991087]},"properties":{"OBJECTID":441,"pointid":441,"grid_code":214.587326}},{"type":"Feature","id":442,"geometry":{"type":"Point","coordinates":[14.26488672362899,57.773895599230308]},"properties":{"OBJECTID":442,"pointid":442,"grid_code":214.452637}},{"type":"Feature","id":443,"geometry":{"type":"Point","coordinates":[14.265727254414427,57.773900470896663]},"properties":{"OBJECTID":443,"pointid":443,"grid_code":215.094406}},{"type":"Feature","id":444,"geometry":{"type":"Point","coordinates":[14.266567785471102,57.773905336990097]},"properties":{"OBJECTID":444,"pointid":444,"grid_code":217.046463}},{"type":"Feature","id":445,"geometry":{"type":"Point","coordinates":[14.267408316798644,57.773910197510624]},"properties":{"OBJECTID":445,"pointid":445,"grid_code":218.857635}},{"type":"Feature","id":446,"geometry":{"type":"Point","coordinates":[14.268248848396809,57.773915052458264]},"properties":{"OBJECTID":446,"pointid":446,"grid_code":217.965652}},{"type":"Feature","id":447,"geometry":{"type":"Point","coordinates":[14.269089380265202,57.773919901832954]},"properties":{"OBJECTID":447,"pointid":447,"grid_code":213.933929}},{"type":"Feature","id":448,"geometry":{"type":"Point","coordinates":[14.269929912403631,57.773924745634737]},"properties":{"OBJECTID":448,"pointid":448,"grid_code":210.360107}},{"type":"Feature","id":449,"geometry":{"type":"Point","coordinates":[14.270770444811699,57.773929583863612]},"properties":{"OBJECTID":449,"pointid":449,"grid_code":207.701279}},{"type":"Feature","id":450,"geometry":{"type":"Point","coordinates":[14.271610977489074,57.773934416519552]},"properties":{"OBJECTID":450,"pointid":450,"grid_code":206.003265}},{"type":"Feature","id":451,"geometry":{"type":"Point","coordinates":[14.272451510435527,57.773939243602562]},"properties":{"OBJECTID":451,"pointid":451,"grid_code":204.007034}},{"type":"Feature","id":452,"geometry":{"type":"Point","coordinates":[14.273292043650679,57.773944065112623]},"properties":{"OBJECTID":452,"pointid":452,"grid_code":200.386841}},{"type":"Feature","id":453,"geometry":{"type":"Point","coordinates":[14.274132577134278,57.773948881049748]},"properties":{"OBJECTID":453,"pointid":453,"grid_code":192.360703}},{"type":"Feature","id":454,"geometry":{"type":"Point","coordinates":[14.274973110885954,57.773953691413951]},"properties":{"OBJECTID":454,"pointid":454,"grid_code":178.419159}},{"type":"Feature","id":455,"geometry":{"type":"Point","coordinates":[14.275813644905456,57.773958496205175]},"properties":{"OBJECTID":455,"pointid":455,"grid_code":161.411789}},{"type":"Feature","id":456,"geometry":{"type":"Point","coordinates":[14.254809623825791,57.773387623684457]},"properties":{"OBJECTID":456,"pointid":456,"grid_code":220.813812}},{"type":"Feature","id":457,"geometry":{"type":"Point","coordinates":[14.25565014090345,57.773392562140025]},"properties":{"OBJECTID":457,"pointid":457,"grid_code":220.897766}},{"type":"Feature","id":458,"geometry":{"type":"Point","coordinates":[14.256490658256007,57.773397495022834]},"properties":{"OBJECTID":458,"pointid":458,"grid_code":219.565338}},{"type":"Feature","id":459,"geometry":{"type":"Point","coordinates":[14.257331175883204,57.773402422332865]},"properties":{"OBJECTID":459,"pointid":459,"grid_code":220.220383}},{"type":"Feature","id":460,"geometry":{"type":"Point","coordinates":[14.25817169378467,57.773407344070129]},"properties":{"OBJECTID":460,"pointid":460,"grid_code":221.294998}},{"type":"Feature","id":461,"geometry":{"type":"Point","coordinates":[14.259012211960162,57.773412260234636]},"properties":{"OBJECTID":461,"pointid":461,"grid_code":221.522461}},{"type":"Feature","id":462,"geometry":{"type":"Point","coordinates":[14.259852730409307,57.773417170826349]},"properties":{"OBJECTID":462,"pointid":462,"grid_code":221.64444}},{"type":"Feature","id":463,"geometry":{"type":"Point","coordinates":[14.260693249131846,57.773422075845289]},"properties":{"OBJECTID":463,"pointid":463,"grid_code":221.380264}},{"type":"Feature","id":464,"geometry":{"type":"Point","coordinates":[14.261533768127402,57.773426975291422]},"properties":{"OBJECTID":464,"pointid":464,"grid_code":220.233643}},{"type":"Feature","id":465,"geometry":{"type":"Point","coordinates":[14.262374287395755,57.773431869164796]},"properties":{"OBJECTID":465,"pointid":465,"grid_code":219.197769}},{"type":"Feature","id":466,"geometry":{"type":"Point","coordinates":[14.263214806936563,57.773436757465348]},"properties":{"OBJECTID":466,"pointid":466,"grid_code":218.917664}},{"type":"Feature","id":467,"geometry":{"type":"Point","coordinates":[14.264055326749439,57.773441640193127]},"properties":{"OBJECTID":467,"pointid":467,"grid_code":218.02626}},{"type":"Feature","id":468,"geometry":{"type":"Point","coordinates":[14.264895846834179,57.773446517348091]},"properties":{"OBJECTID":468,"pointid":468,"grid_code":217.281876}},{"type":"Feature","id":469,"geometry":{"type":"Point","coordinates":[14.265736367190398,57.773451388930248]},"properties":{"OBJECTID":469,"pointid":469,"grid_code":217.506271}},{"type":"Feature","id":470,"geometry":{"type":"Point","coordinates":[14.266576887817848,57.77345625493961]},"properties":{"OBJECTID":470,"pointid":470,"grid_code":219.72287}},{"type":"Feature","id":471,"geometry":{"type":"Point","coordinates":[14.267417408716154,57.773461115376151]},"properties":{"OBJECTID":471,"pointid":471,"grid_code":221.855042}},{"type":"Feature","id":472,"geometry":{"type":"Point","coordinates":[14.268257929885067,57.773465970239876]},"properties":{"OBJECTID":472,"pointid":472,"grid_code":221.112152}},{"type":"Feature","id":473,"geometry":{"type":"Point","coordinates":[14.269098451324203,57.7734708195308]},"properties":{"OBJECTID":473,"pointid":473,"grid_code":217.196106}},{"type":"Feature","id":474,"geometry":{"type":"Point","coordinates":[14.269938973033362,57.773475663248874]},"properties":{"OBJECTID":474,"pointid":474,"grid_code":212.738861}},{"type":"Feature","id":475,"geometry":{"type":"Point","coordinates":[14.270779495012146,57.773480501394125]},"properties":{"OBJECTID":475,"pointid":475,"grid_code":210.218521}},{"type":"Feature","id":476,"geometry":{"type":"Point","coordinates":[14.271620017260224,57.773485333966555]},"properties":{"OBJECTID":476,"pointid":476,"grid_code":208.872482}},{"type":"Feature","id":477,"geometry":{"type":"Point","coordinates":[14.272460539777375,57.773490160966155]},"properties":{"OBJECTID":477,"pointid":477,"grid_code":205.649414}},{"type":"Feature","id":478,"geometry":{"type":"Point","coordinates":[14.273301062563213,57.773494982392918]},"properties":{"OBJECTID":478,"pointid":478,"grid_code":199.394653}},{"type":"Feature","id":479,"geometry":{"type":"Point","coordinates":[14.274141585617484,57.773499798246831]},"properties":{"OBJECTID":479,"pointid":479,"grid_code":190.766235}},{"type":"Feature","id":480,"geometry":{"type":"Point","coordinates":[14.274982108939819,57.773504608527915]},"properties":{"OBJECTID":480,"pointid":480,"grid_code":176.092712}},{"type":"Feature","id":481,"geometry":{"type":"Point","coordinates":[14.275822632529975,57.773509413236134]},"properties":{"OBJECTID":481,"pointid":481,"grid_code":159.366211}},{"type":"Feature","id":482,"geometry":{"type":"Point","coordinates":[14.253978365531822,57.772933598843984]},"properties":{"OBJECTID":482,"pointid":482,"grid_code":223.779388}},{"type":"Feature","id":483,"geometry":{"type":"Point","coordinates":[14.254818871905444,57.772938542786882]},"properties":{"OBJECTID":483,"pointid":483,"grid_code":223.4711}},{"type":"Feature","id":484,"geometry":{"type":"Point","coordinates":[14.25565937855434,57.772943481157128]},"properties":{"OBJECTID":484,"pointid":484,"grid_code":224.010605}},{"type":"Feature","id":485,"geometry":{"type":"Point","coordinates":[14.256499885478116,57.772948413954673]},"properties":{"OBJECTID":485,"pointid":485,"grid_code":223.050583}},{"type":"Feature","id":486,"geometry":{"type":"Point","coordinates":[14.25734039267652,57.772953341179566]},"properties":{"OBJECTID":486,"pointid":486,"grid_code":222.720322}},{"type":"Feature","id":487,"geometry":{"type":"Point","coordinates":[14.258180900149185,57.772958262831814]},"properties":{"OBJECTID":487,"pointid":487,"grid_code":224.845947}},{"type":"Feature","id":488,"geometry":{"type":"Point","coordinates":[14.259021407895863,57.772963178911347]},"properties":{"OBJECTID":488,"pointid":488,"grid_code":224.771194}},{"type":"Feature","id":489,"geometry":{"type":"Point","coordinates":[14.259861915916176,57.772968089418214]},"properties":{"OBJECTID":489,"pointid":489,"grid_code":223.564774}},{"type":"Feature","id":490,"geometry":{"type":"Point","coordinates":[14.26070242420988,57.772972994352394]},"properties":{"OBJECTID":490,"pointid":490,"grid_code":222.725571}},{"type":"Feature","id":491,"geometry":{"type":"Point","coordinates":[14.261542932776587,57.772977893713893]},"properties":{"OBJECTID":491,"pointid":491,"grid_code":222.43924}},{"type":"Feature","id":492,"geometry":{"type":"Point","coordinates":[14.262383441616082,57.772982787502684]},"properties":{"OBJECTID":492,"pointid":492,"grid_code":222.62616}},{"type":"Feature","id":493,"geometry":{"type":"Point","coordinates":[14.263223950728017,57.772987675718774]},"properties":{"OBJECTID":493,"pointid":493,"grid_code":222.275284}},{"type":"Feature","id":494,"geometry":{"type":"Point","coordinates":[14.264064460112008,57.772992558362184]},"properties":{"OBJECTID":494,"pointid":494,"grid_code":221.003113}},{"type":"Feature","id":495,"geometry":{"type":"Point","coordinates":[14.264904969767857,57.772997435432856]},"properties":{"OBJECTID":495,"pointid":495,"grid_code":220.047348}},{"type":"Feature","id":496,"geometry":{"type":"Point","coordinates":[14.265745479695171,57.773002306930863]},"properties":{"OBJECTID":496,"pointid":496,"grid_code":219.585251}},{"type":"Feature","id":497,"geometry":{"type":"Point","coordinates":[14.266585989893706,57.773007172856126]},"properties":{"OBJECTID":497,"pointid":497,"grid_code":221.406204}},{"type":"Feature","id":498,"geometry":{"type":"Point","coordinates":[14.267426500363081,57.773012033208673]},"properties":{"OBJECTID":498,"pointid":498,"grid_code":223.320389}},{"type":"Feature","id":499,"geometry":{"type":"Point","coordinates":[14.268267011103058,57.773016887988526]},"properties":{"OBJECTID":499,"pointid":499,"grid_code":222.976181}},{"type":"Feature","id":500,"geometry":{"type":"Point","coordinates":[14.269107522113245,57.773021737195648]},"properties":{"OBJECTID":500,"pointid":500,"grid_code":221.264587}},{"type":"Feature","id":501,"geometry":{"type":"Point","coordinates":[14.269948033393439,57.773026580830049]},"properties":{"OBJECTID":501,"pointid":501,"grid_code":216.830154}},{"type":"Feature","id":502,"geometry":{"type":"Point","coordinates":[14.270788544943255,57.773031418891705]},"properties":{"OBJECTID":502,"pointid":502,"grid_code":213.127853}},{"type":"Feature","id":503,"geometry":{"type":"Point","coordinates":[14.271629056762348,57.773036251380638]},"properties":{"OBJECTID":503,"pointid":503,"grid_code":213.454529}},{"type":"Feature","id":504,"geometry":{"type":"Point","coordinates":[14.272469568850504,57.773041078296814]},"properties":{"OBJECTID":504,"pointid":504,"grid_code":212.949493}},{"type":"Feature","id":505,"geometry":{"type":"Point","coordinates":[14.273310081207335,57.773045899640259]},"properties":{"OBJECTID":505,"pointid":505,"grid_code":203.753174}},{"type":"Feature","id":506,"geometry":{"type":"Point","coordinates":[14.274150593832593,57.77305071541096]},"properties":{"OBJECTID":506,"pointid":506,"grid_code":190.118164}},{"type":"Feature","id":507,"geometry":{"type":"Point","coordinates":[14.274991106725903,57.77305552560891]},"properties":{"OBJECTID":507,"pointid":507,"grid_code":175.775848}},{"type":"Feature","id":508,"geometry":{"type":"Point","coordinates":[14.275831619887015,57.773060330234124]},"properties":{"OBJECTID":508,"pointid":508,"grid_code":161.741745}},{"type":"Feature","id":509,"geometry":{"type":"Point","coordinates":[14.253987623764706,57.772484517998819]},"properties":{"OBJECTID":509,"pointid":509,"grid_code":226.592957}},{"type":"Feature","id":510,"geometry":{"type":"Point","coordinates":[14.254828119709883,57.772489461856281]},"properties":{"OBJECTID":510,"pointid":510,"grid_code":226.49202}},{"type":"Feature","id":511,"geometry":{"type":"Point","coordinates":[14.25566861593032,57.772494400141177]},"properties":{"OBJECTID":511,"pointid":511,"grid_code":226.490921}},{"type":"Feature","id":512,"geometry":{"type":"Point","coordinates":[14.256509112425624,57.772499332853506]},"properties":{"OBJECTID":512,"pointid":512,"grid_code":225.934937}},{"type":"Feature","id":513,"geometry":{"type":"Point","coordinates":[14.257349609195547,57.772504259993283]},"properties":{"OBJECTID":513,"pointid":513,"grid_code":225.781311}},{"type":"Feature","id":514,"geometry":{"type":"Point","coordinates":[14.25819010623972,57.77250918156048]},"properties":{"OBJECTID":514,"pointid":514,"grid_code":228.029037}},{"type":"Feature","id":515,"geometry":{"type":"Point","coordinates":[14.259030603557891,57.772514097555067]},"properties":{"OBJECTID":515,"pointid":515,"grid_code":228.266678}},{"type":"Feature","id":516,"geometry":{"type":"Point","coordinates":[14.259871101149688,57.772519007977074]},"properties":{"OBJECTID":516,"pointid":516,"grid_code":227.129471}},{"type":"Feature","id":517,"geometry":{"type":"Point","coordinates":[14.260711599014867,57.772523912826514]},"properties":{"OBJECTID":517,"pointid":517,"grid_code":225.856537}},{"type":"Feature","id":518,"geometry":{"type":"Point","coordinates":[14.261552097153038,57.772528812103346]},"properties":{"OBJECTID":518,"pointid":518,"grid_code":225.308868}},{"type":"Feature","id":519,"geometry":{"type":"Point","coordinates":[14.262392595563979,57.772533705807575]},"properties":{"OBJECTID":519,"pointid":519,"grid_code":225.503693}},{"type":"Feature","id":520,"geometry":{"type":"Point","coordinates":[14.263233094247353,57.772538593939203]},"properties":{"OBJECTID":520,"pointid":520,"grid_code":225.570572}},{"type":"Feature","id":521,"geometry":{"type":"Point","coordinates":[14.264073593202772,57.772543476498242]},"properties":{"OBJECTID":521,"pointid":521,"grid_code":224.199631}},{"type":"Feature","id":522,"geometry":{"type":"Point","coordinates":[14.26491409243004,57.772548353484666]},"properties":{"OBJECTID":522,"pointid":522,"grid_code":222.439514}},{"type":"Feature","id":523,"geometry":{"type":"Point","coordinates":[14.265754591928758,57.772553224898473]},"properties":{"OBJECTID":523,"pointid":523,"grid_code":221.554626}},{"type":"Feature","id":524,"geometry":{"type":"Point","coordinates":[14.266595091698683,57.772558090739665]},"properties":{"OBJECTID":524,"pointid":524,"grid_code":222.572449}},{"type":"Feature","id":525,"geometry":{"type":"Point","coordinates":[14.267435591739444,57.77256295100824]},"properties":{"OBJECTID":525,"pointid":525,"grid_code":224.71759}},{"type":"Feature","id":526,"geometry":{"type":"Point","coordinates":[14.268276092050792,57.772567805704199]},"properties":{"OBJECTID":526,"pointid":526,"grid_code":225.078461}},{"type":"Feature","id":527,"geometry":{"type":"Point","coordinates":[14.26911659263234,57.77257265482752]},"properties":{"OBJECTID":527,"pointid":527,"grid_code":223.819427}},{"type":"Feature","id":528,"geometry":{"type":"Point","coordinates":[14.269957093483885,57.772577498378226]},"properties":{"OBJECTID":528,"pointid":528,"grid_code":220.616562}},{"type":"Feature","id":529,"geometry":{"type":"Point","coordinates":[14.270797594605039,57.772582336356287]},"properties":{"OBJECTID":529,"pointid":529,"grid_code":216.307144}},{"type":"Feature","id":530,"geometry":{"type":"Point","coordinates":[14.27163809599546,57.772587168761724]},"properties":{"OBJECTID":530,"pointid":530,"grid_code":219.052948}},{"type":"Feature","id":531,"geometry":{"type":"Point","coordinates":[14.272478597654931,57.772591995594489]},"properties":{"OBJECTID":531,"pointid":531,"grid_code":223.438339}},{"type":"Feature","id":532,"geometry":{"type":"Point","coordinates":[14.27331909958307,57.772596816854652]},"properties":{"OBJECTID":532,"pointid":532,"grid_code":216.593796}},{"type":"Feature","id":533,"geometry":{"type":"Point","coordinates":[14.274159601779616,57.772601632542134]},"properties":{"OBJECTID":533,"pointid":533,"grid_code":206.911087}},{"type":"Feature","id":534,"geometry":{"type":"Point","coordinates":[14.275000104244208,57.772606442656958]},"properties":{"OBJECTID":534,"pointid":534,"grid_code":190.471863}},{"type":"Feature","id":535,"geometry":{"type":"Point","coordinates":[14.275840606976598,57.772611247199158]},"properties":{"OBJECTID":535,"pointid":535,"grid_code":171.950363}},{"type":"Feature","id":536,"geometry":{"type":"Point","coordinates":[14.276681109976405,57.772616046168658]},"properties":{"OBJECTID":536,"pointid":536,"grid_code":160.608368}},{"type":"Feature","id":537,"geometry":{"type":"Point","coordinates":[14.253996881722072,57.772035437120678]},"properties":{"OBJECTID":537,"pointid":537,"grid_code":229.28772}},{"type":"Feature","id":538,"geometry":{"type":"Point","coordinates":[14.254837367239112,57.772040380892726]},"properties":{"OBJECTID":538,"pointid":538,"grid_code":229.084579}},{"type":"Feature","id":539,"geometry":{"type":"Point","coordinates":[14.255677853031401,57.772045319092307]},"properties":{"OBJECTID":539,"pointid":539,"grid_code":227.629227}},{"type":"Feature","id":540,"geometry":{"type":"Point","coordinates":[14.256518339098543,57.772050251719399]},"properties":{"OBJECTID":540,"pointid":540,"grid_code":227.429108}},{"type":"Feature","id":541,"geometry":{"type":"Point","coordinates":[14.257358825440296,57.772055178774018]},"properties":{"OBJECTID":541,"pointid":541,"grid_code":228.453094}},{"type":"Feature","id":542,"geometry":{"type":"Point","coordinates":[14.258199312056284,57.772060100256184]},"properties":{"OBJECTID":542,"pointid":542,"grid_code":230.537704}},{"type":"Feature","id":543,"geometry":{"type":"Point","coordinates":[14.25903979894626,57.772065016165818]},"properties":{"OBJECTID":543,"pointid":543,"grid_code":231.63707}},{"type":"Feature","id":544,"geometry":{"type":"Point","coordinates":[14.259880286109855,57.772069926502986]},"properties":{"OBJECTID":544,"pointid":544,"grid_code":231.068222}},{"type":"Feature","id":545,"geometry":{"type":"Point","coordinates":[14.260720773546813,57.772074831267659]},"properties":{"OBJECTID":545,"pointid":545,"grid_code":229.820114}},{"type":"Feature","id":546,"geometry":{"type":"Point","coordinates":[14.261561261256753,57.772079730459843]},"properties":{"OBJECTID":546,"pointid":546,"grid_code":229.333069}},{"type":"Feature","id":547,"geometry":{"type":"Point","coordinates":[14.262401749239455,57.772084624079525]},"properties":{"OBJECTID":547,"pointid":547,"grid_code":229.728622}},{"type":"Feature","id":548,"geometry":{"type":"Point","coordinates":[14.263242237494582,57.772089512126705]},"properties":{"OBJECTID":548,"pointid":548,"grid_code":229.23201}},{"type":"Feature","id":549,"geometry":{"type":"Point","coordinates":[14.264082726021742,57.772094394601361]},"properties":{"OBJECTID":549,"pointid":549,"grid_code":227.111084}},{"type":"Feature","id":550,"geometry":{"type":"Point","coordinates":[14.264923214820733,57.772099271503521]},"properties":{"OBJECTID":550,"pointid":550,"grid_code":225.412384}},{"type":"Feature","id":551,"geometry":{"type":"Point","coordinates":[14.265763703891164,57.772104142833157]},"properties":{"OBJECTID":551,"pointid":551,"grid_code":224.54274}},{"type":"Feature","id":552,"geometry":{"type":"Point","coordinates":[14.266604193232798,57.77210900859027]},"properties":{"OBJECTID":552,"pointid":552,"grid_code":224.590683}},{"type":"Feature","id":553,"geometry":{"type":"Point","coordinates":[14.267444682845253,57.772113868774873]},"properties":{"OBJECTID":553,"pointid":553,"grid_code":225.77803}},{"type":"Feature","id":554,"geometry":{"type":"Point","coordinates":[14.268285172728282,57.772118723386932]},"properties":{"OBJECTID":554,"pointid":554,"grid_code":225.901672}},{"type":"Feature","id":555,"geometry":{"type":"Point","coordinates":[14.2691256628815,57.77212357242648]},"properties":{"OBJECTID":555,"pointid":555,"grid_code":224.153}},{"type":"Feature","id":556,"geometry":{"type":"Point","coordinates":[14.269966153304706,57.772128415893491]},"properties":{"OBJECTID":556,"pointid":556,"grid_code":221.544556}},{"type":"Feature","id":557,"geometry":{"type":"Point","coordinates":[14.270806643997506,57.772133253787963]},"properties":{"OBJECTID":557,"pointid":557,"grid_code":219.890488}},{"type":"Feature","id":558,"geometry":{"type":"Point","coordinates":[14.271647134959567,57.772138086109877]},"properties":{"OBJECTID":558,"pointid":558,"grid_code":224.500137}},{"type":"Feature","id":559,"geometry":{"type":"Point","coordinates":[14.272487626190665,57.772142912859273]},"properties":{"OBJECTID":559,"pointid":559,"grid_code":229.337784}},{"type":"Feature","id":560,"geometry":{"type":"Point","coordinates":[14.273328117690415,57.772147734036089]},"properties":{"OBJECTID":560,"pointid":560,"grid_code":226.93367}},{"type":"Feature","id":561,"geometry":{"type":"Point","coordinates":[14.274168609458568,57.77215254964036]},"properties":{"OBJECTID":561,"pointid":561,"grid_code":221.896225}},{"type":"Feature","id":562,"geometry":{"type":"Point","coordinates":[14.275009101494755,57.772157359672086]},"properties":{"OBJECTID":562,"pointid":562,"grid_code":206.41449}},{"type":"Feature","id":563,"geometry":{"type":"Point","coordinates":[14.275849593798723,57.772162164131259]},"properties":{"OBJECTID":563,"pointid":563,"grid_code":189.547363}},{"type":"Feature","id":564,"geometry":{"type":"Point","coordinates":[14.276690086370106,57.772166963017874]},"properties":{"OBJECTID":564,"pointid":564,"grid_code":172.950363}},{"type":"Feature","id":565,"geometry":{"type":"Point","coordinates":[14.253165664590165,57.771581406950595]},"properties":{"OBJECTID":565,"pointid":565,"grid_code":232.068344}},{"type":"Feature","id":566,"geometry":{"type":"Point","coordinates":[14.254006139403927,57.771586356209596]},"properties":{"OBJECTID":566,"pointid":566,"grid_code":232.251251}},{"type":"Feature","id":567,"geometry":{"type":"Point","coordinates":[14.254846614493141,57.771591299896215]},"properties":{"OBJECTID":567,"pointid":567,"grid_code":232.641251}},{"type":"Feature","id":568,"geometry":{"type":"Point","coordinates":[14.25568708985759,57.771596238010453]},"properties":{"OBJECTID":568,"pointid":568,"grid_code":232.05777}},{"type":"Feature","id":569,"geometry":{"type":"Point","coordinates":[14.256527565496883,57.771601170552344]},"properties":{"OBJECTID":569,"pointid":569,"grid_code":231.047821}},{"type":"Feature","id":570,"geometry":{"type":"Point","coordinates":[14.257368041410777,57.771606097521833]},"properties":{"OBJECTID":570,"pointid":570,"grid_code":231.184464}},{"type":"Feature","id":571,"geometry":{"type":"Point","coordinates":[14.25820851759889,57.771611018918932]},"properties":{"OBJECTID":571,"pointid":571,"grid_code":233.268997}},{"type":"Feature","id":572,"geometry":{"type":"Point","coordinates":[14.259048994060986,57.771615934743643]},"properties":{"OBJECTID":572,"pointid":572,"grid_code":234.975479}},{"type":"Feature","id":573,"geometry":{"type":"Point","coordinates":[14.259889470796681,57.771620844995979]},"properties":{"OBJECTID":573,"pointid":573,"grid_code":235.060135}},{"type":"Feature","id":574,"geometry":{"type":"Point","coordinates":[14.260729947805736,57.771625749675906]},"properties":{"OBJECTID":574,"pointid":574,"grid_code":234.17691}},{"type":"Feature","id":575,"geometry":{"type":"Point","coordinates":[14.261570425087756,57.771630648783422]},"properties":{"OBJECTID":575,"pointid":575,"grid_code":233.856674}},{"type":"Feature","id":576,"geometry":{"type":"Point","coordinates":[14.262410902642532,57.771635542318535]},"properties":{"OBJECTID":576,"pointid":576,"grid_code":233.372208}},{"type":"Feature","id":577,"geometry":{"type":"Point","coordinates":[14.263251380469718,57.771640430281266]},"properties":{"OBJECTID":577,"pointid":577,"grid_code":231.974335}},{"type":"Feature","id":578,"geometry":{"type":"Point","coordinates":[14.264091858568923,57.771645312671552]},"properties":{"OBJECTID":578,"pointid":578,"grid_code":229.603912}},{"type":"Feature","id":579,"geometry":{"type":"Point","coordinates":[14.264932336939953,57.771650189489449]},"properties":{"OBJECTID":579,"pointid":579,"grid_code":228.201385}},{"type":"Feature","id":580,"geometry":{"type":"Point","coordinates":[14.265772815582412,57.771655060734915]},"properties":{"OBJECTID":580,"pointid":580,"grid_code":227.150497}},{"type":"Feature","id":581,"geometry":{"type":"Point","coordinates":[14.266613294496059,57.771659926407949]},"properties":{"OBJECTID":581,"pointid":581,"grid_code":227.072479}},{"type":"Feature","id":582,"geometry":{"type":"Point","coordinates":[14.267453773680515,57.771664786508573]},"properties":{"OBJECTID":582,"pointid":582,"grid_code":226.797531}},{"type":"Feature","id":583,"geometry":{"type":"Point","coordinates":[14.268294253135538,57.771669641036766]},"properties":{"OBJECTID":583,"pointid":583,"grid_code":226.309204}},{"type":"Feature","id":584,"geometry":{"type":"Point","coordinates":[14.269134732860735,57.77167448999252]},"properties":{"OBJECTID":584,"pointid":584,"grid_code":225.137039}},{"type":"Feature","id":585,"geometry":{"type":"Point","coordinates":[14.269975212855908,57.77167933337585]},"properties":{"OBJECTID":585,"pointid":585,"grid_code":223.561325}},{"type":"Feature","id":586,"geometry":{"type":"Point","coordinates":[14.270815693120673,57.771684171186727]},"properties":{"OBJECTID":586,"pointid":586,"grid_code":223.79248}},{"type":"Feature","id":587,"geometry":{"type":"Point","coordinates":[14.27165617365468,57.771689003425131]},"properties":{"OBJECTID":587,"pointid":587,"grid_code":228.881958}},{"type":"Feature","id":588,"geometry":{"type":"Point","coordinates":[14.272496654457713,57.771693830091117]},"properties":{"OBJECTID":588,"pointid":588,"grid_code":233.274979}},{"type":"Feature","id":589,"geometry":{"type":"Point","coordinates":[14.273337135529388,57.771698651184643]},"properties":{"OBJECTID":589,"pointid":589,"grid_code":232.132889}},{"type":"Feature","id":590,"geometry":{"type":"Point","coordinates":[14.274177616869457,57.771703466705723]},"properties":{"OBJECTID":590,"pointid":590,"grid_code":225.938461}},{"type":"Feature","id":591,"geometry":{"type":"Point","coordinates":[14.275018098477547,57.771708276654316]},"properties":{"OBJECTID":591,"pointid":591,"grid_code":210.360001}},{"type":"Feature","id":592,"geometry":{"type":"Point","coordinates":[14.275858580353409,57.77171308103047]},"properties":{"OBJECTID":592,"pointid":592,"grid_code":197.930725}},{"type":"Feature","id":593,"geometry":{"type":"Point","coordinates":[14.276699062496668,57.771717879834142]},"properties":{"OBJECTID":593,"pointid":593,"grid_code":178.981506}},{"type":"Feature","id":594,"geometry":{"type":"Point","coordinates":[14.253174932424027,57.77113232609198]},"properties":{"OBJECTID":594,"pointid":594,"grid_code":236.181305}},{"type":"Feature","id":595,"geometry":{"type":"Point","coordinates":[14.254015396810289,57.771137275265467]},"properties":{"OBJECTID":595,"pointid":595,"grid_code":236.013748}},{"type":"Feature","id":596,"geometry":{"type":"Point","coordinates":[14.254855861471986,57.771142218866657]},"properties":{"OBJECTID":596,"pointid":596,"grid_code":236.894165}},{"type":"Feature","id":597,"geometry":{"type":"Point","coordinates":[14.255696326408907,57.771147156895594]},"properties":{"OBJECTID":597,"pointid":597,"grid_code":237.503815}},{"type":"Feature","id":598,"geometry":{"type":"Point","coordinates":[14.256536791620663,57.771152089352221]},"properties":{"OBJECTID":598,"pointid":598,"grid_code":236.03862}},{"type":"Feature","id":599,"geometry":{"type":"Point","coordinates":[14.257377257107001,57.771157016236593]},"properties":{"OBJECTID":599,"pointid":599,"grid_code":234.300232}},{"type":"Feature","id":600,"geometry":{"type":"Point","coordinates":[14.258217722867551,57.771161937548662]},"properties":{"OBJECTID":600,"pointid":600,"grid_code":236.712723}},{"type":"Feature","id":601,"geometry":{"type":"Point","coordinates":[14.259058188902072,57.771166853288435]},"properties":{"OBJECTID":601,"pointid":601,"grid_code":239.070694}},{"type":"Feature","id":602,"geometry":{"type":"Point","coordinates":[14.259898655210185,57.771171763455925]},"properties":{"OBJECTID":602,"pointid":602,"grid_code":238.322998}},{"type":"Feature","id":603,"geometry":{"type":"Point","coordinates":[14.260739121791643,57.771176668051098]},"properties":{"OBJECTID":603,"pointid":603,"grid_code":237.061005}},{"type":"Feature","id":604,"geometry":{"type":"Point","coordinates":[14.261579588646057,57.771181567073974]},"properties":{"OBJECTID":604,"pointid":604,"grid_code":237.111115}},{"type":"Feature","id":605,"geometry":{"type":"Point","coordinates":[14.262420055773212,57.771186460524525]},"properties":{"OBJECTID":605,"pointid":605,"grid_code":237.164871}},{"type":"Feature","id":606,"geometry":{"type":"Point","coordinates":[14.263260523172764,57.771191348402816]},"properties":{"OBJECTID":606,"pointid":606,"grid_code":235.523911}},{"type":"Feature","id":607,"geometry":{"type":"Point","coordinates":[14.26410099084433,57.771196230708725]},"properties":{"OBJECTID":607,"pointid":607,"grid_code":232.897675}},{"type":"Feature","id":608,"geometry":{"type":"Point","coordinates":[14.264941458787705,57.771201107442351]},"properties":{"OBJECTID":608,"pointid":608,"grid_code":230.568802}},{"type":"Feature","id":609,"geometry":{"type":"Point","coordinates":[14.265781927002505,57.77120597860366]},"properties":{"OBJECTID":609,"pointid":609,"grid_code":228.795715}},{"type":"Feature","id":610,"geometry":{"type":"Point","coordinates":[14.266622395488474,57.771210844192623]},"properties":{"OBJECTID":610,"pointid":610,"grid_code":228.079193}},{"type":"Feature","id":611,"geometry":{"type":"Point","coordinates":[14.267462864245244,57.771215704209261]},"properties":{"OBJECTID":611,"pointid":611,"grid_code":227.321564}},{"type":"Feature","id":612,"geometry":{"type":"Point","coordinates":[14.268303333272572,57.771220558653575]},"properties":{"OBJECTID":612,"pointid":612,"grid_code":226.734024}},{"type":"Feature","id":613,"geometry":{"type":"Point","coordinates":[14.26914380257006,57.771225407525542]},"properties":{"OBJECTID":613,"pointid":613,"grid_code":226.488068}},{"type":"Feature","id":614,"geometry":{"type":"Point","coordinates":[14.269984272137513,57.77123025082517]},"properties":{"OBJECTID":614,"pointid":614,"grid_code":226.094513}},{"type":"Feature","id":615,"geometry":{"type":"Point","coordinates":[14.270824741974545,57.771235088552459]},"properties":{"OBJECTID":615,"pointid":615,"grid_code":227.259048}},{"type":"Feature","id":616,"geometry":{"type":"Point","coordinates":[14.271665212080807,57.771239920707409]},"properties":{"OBJECTID":616,"pointid":616,"grid_code":231.650772}},{"type":"Feature","id":617,"geometry":{"type":"Point","coordinates":[14.272505682456092,57.771244747289984]},"properties":{"OBJECTID":617,"pointid":617,"grid_code":235.470551}},{"type":"Feature","id":618,"geometry":{"type":"Point","coordinates":[14.273346153100002,57.771249568300199]},"properties":{"OBJECTID":618,"pointid":618,"grid_code":235.413315}},{"type":"Feature","id":619,"geometry":{"type":"Point","coordinates":[14.274186624012296,57.771254383738075]},"properties":{"OBJECTID":619,"pointid":619,"grid_code":229.136444}},{"type":"Feature","id":620,"geometry":{"type":"Point","coordinates":[14.275027095192595,57.771259193603555]},"properties":{"OBJECTID":620,"pointid":620,"grid_code":212.21431}},{"type":"Feature","id":621,"geometry":{"type":"Point","coordinates":[14.275867566640661,57.771263997896703]},"properties":{"OBJECTID":621,"pointid":621,"grid_code":194.981308}},{"type":"Feature","id":622,"geometry":{"type":"Point","coordinates":[14.276708038356114,57.771268796617456]},"properties":{"OBJECTID":622,"pointid":622,"grid_code":174.351044}},{"type":"Feature","id":623,"geometry":{"type":"Point","coordinates":[14.253184199982101,57.770683245200367]},"properties":{"OBJECTID":623,"pointid":623,"grid_code":241.117737}},{"type":"Feature","id":624,"geometry":{"type":"Point","coordinates":[14.254024653941164,57.770688194288333]},"properties":{"OBJECTID":624,"pointid":624,"grid_code":240.357208}},{"type":"Feature","id":625,"geometry":{"type":"Point","coordinates":[14.254865108175656,57.770693137804123]},"properties":{"OBJECTID":625,"pointid":625,"grid_code":239.624405}},{"type":"Feature","id":626,"geometry":{"type":"Point","coordinates":[14.255705562685357,57.770698075747738]},"properties":{"OBJECTID":626,"pointid":626,"grid_code":239.389679}},{"type":"Feature","id":627,"geometry":{"type":"Point","coordinates":[14.256546017469882,57.770703008119163]},"properties":{"OBJECTID":627,"pointid":627,"grid_code":239.114853}},{"type":"Feature","id":628,"geometry":{"type":"Point","coordinates":[14.25738647252898,57.770707934918377]},"properties":{"OBJECTID":628,"pointid":628,"grid_code":238.172089}},{"type":"Feature","id":629,"geometry":{"type":"Point","coordinates":[14.25822692786228,57.770712856145423]},"properties":{"OBJECTID":629,"pointid":629,"grid_code":240.094162}},{"type":"Feature","id":630,"geometry":{"type":"Point","coordinates":[14.259067383469533,57.770717771800257]},"properties":{"OBJECTID":630,"pointid":630,"grid_code":242.27803}},{"type":"Feature","id":631,"geometry":{"type":"Point","coordinates":[14.259907839350371,57.77072268188288]},"properties":{"OBJECTID":631,"pointid":631,"grid_code":241.301453}},{"type":"Feature","id":632,"geometry":{"type":"Point","coordinates":[14.260748295504545,57.770727586393335]},"properties":{"OBJECTID":632,"pointid":632,"grid_code":239.850174}},{"type":"Feature","id":633,"geometry":{"type":"Point","coordinates":[14.261588751931662,57.770732485331564]},"properties":{"OBJECTID":633,"pointid":633,"grid_code":240.333237}},{"type":"Feature","id":634,"geometry":{"type":"Point","coordinates":[14.262429208631509,57.770737378697575]},"properties":{"OBJECTID":634,"pointid":634,"grid_code":241.575348}},{"type":"Feature","id":635,"geometry":{"type":"Point","coordinates":[14.263269665603744,57.770742266491375]},"properties":{"OBJECTID":635,"pointid":635,"grid_code":239.54689}},{"type":"Feature","id":636,"geometry":{"type":"Point","coordinates":[14.264110122847976,57.770747148712964]},"properties":{"OBJECTID":636,"pointid":636,"grid_code":235.764511}},{"type":"Feature","id":637,"geometry":{"type":"Point","coordinates":[14.26495058036401,57.77075202536232]},"properties":{"OBJECTID":637,"pointid":637,"grid_code":232.483261}},{"type":"Feature","id":638,"geometry":{"type":"Point","coordinates":[14.265791038151452,57.770756896439444]},"properties":{"OBJECTID":638,"pointid":638,"grid_code":229.783997}},{"type":"Feature","id":639,"geometry":{"type":"Point","coordinates":[14.266631496210058,57.770761761944364]},"properties":{"OBJECTID":639,"pointid":639,"grid_code":228.96524}},{"type":"Feature","id":640,"geometry":{"type":"Point","coordinates":[14.267471954539452,57.770766621877009]},"properties":{"OBJECTID":640,"pointid":640,"grid_code":228.249405}},{"type":"Feature","id":641,"geometry":{"type":"Point","coordinates":[14.268312413139391,57.770771476237442]},"properties":{"OBJECTID":641,"pointid":641,"grid_code":227.420349}},{"type":"Feature","id":642,"geometry":{"type":"Point","coordinates":[14.269152872009485,57.770776325025636]},"properties":{"OBJECTID":642,"pointid":642,"grid_code":227.674988}},{"type":"Feature","id":643,"geometry":{"type":"Point","coordinates":[14.269993331149527,57.770781168241577]},"properties":{"OBJECTID":643,"pointid":643,"grid_code":227.986755}},{"type":"Feature","id":644,"geometry":{"type":"Point","coordinates":[14.27083379055914,57.77078600588527]},"properties":{"OBJECTID":644,"pointid":644,"grid_code":230.296692}},{"type":"Feature","id":645,"geometry":{"type":"Point","coordinates":[14.27167425023797,57.77079083795671]},"properties":{"OBJECTID":645,"pointid":645,"grid_code":234.088501}},{"type":"Feature","id":646,"geometry":{"type":"Point","coordinates":[14.272514710185808,57.770795664455918]},"properties":{"OBJECTID":646,"pointid":646,"grid_code":237.632111}},{"type":"Feature","id":647,"geometry":{"type":"Point","coordinates":[14.273355170402265,57.770800485382807]},"properties":{"OBJECTID":647,"pointid":647,"grid_code":238.478683}},{"type":"Feature","id":648,"geometry":{"type":"Point","coordinates":[14.274195630887094,57.770805300737472]},"properties":{"OBJECTID":648,"pointid":648,"grid_code":231.018539}},{"type":"Feature","id":649,"geometry":{"type":"Point","coordinates":[14.275036091639921,57.770810110519875]},"properties":{"OBJECTID":649,"pointid":649,"grid_code":210.117722}},{"type":"Feature","id":650,"geometry":{"type":"Point","coordinates":[14.275876552660495,57.770814914730003]},"properties":{"OBJECTID":650,"pointid":650,"grid_code":188.93634}},{"type":"Feature","id":651,"geometry":{"type":"Point","coordinates":[14.276717013948449,57.770819713367828]},"properties":{"OBJECTID":651,"pointid":651,"grid_code":170.661163}},{"type":"Feature","id":652,"geometry":{"type":"Point","coordinates":[14.253193467264389,57.770234164275806]},"properties":{"OBJECTID":652,"pointid":652,"grid_code":246.002853}},{"type":"Feature","id":653,"geometry":{"type":"Point","coordinates":[14.254033910796565,57.770239113278237]},"properties":{"OBJECTID":653,"pointid":653,"grid_code":244.957047}},{"type":"Feature","id":654,"geometry":{"type":"Point","coordinates":[14.254874354604159,57.770244056708634]},"properties":{"OBJECTID":654,"pointid":654,"grid_code":243.566818}},{"type":"Feature","id":655,"geometry":{"type":"Point","coordinates":[14.255714798686951,57.770248994566899]},"properties":{"OBJECTID":655,"pointid":655,"grid_code":243.738678}},{"type":"Feature","id":656,"geometry":{"type":"Point","coordinates":[14.256555243044557,57.770253926853115]},"properties":{"OBJECTID":656,"pointid":656,"grid_code":243.294449}},{"type":"Feature","id":657,"geometry":{"type":"Point","coordinates":[14.257395687676723,57.770258853567213]},"properties":{"OBJECTID":657,"pointid":657,"grid_code":242.425461}},{"type":"Feature","id":658,"geometry":{"type":"Point","coordinates":[14.258236132583082,57.770263774709193]},"properties":{"OBJECTID":658,"pointid":658,"grid_code":243.331116}},{"type":"Feature","id":659,"geometry":{"type":"Point","coordinates":[14.259076577763386,57.770268690279124]},"properties":{"OBJECTID":659,"pointid":659,"grid_code":244.709122}},{"type":"Feature","id":660,"geometry":{"type":"Point","coordinates":[14.259917023217257,57.770273600276902]},"properties":{"OBJECTID":660,"pointid":660,"grid_code":243.915054}},{"type":"Feature","id":661,"geometry":{"type":"Point","coordinates":[14.260757468944451,57.770278504702603]},"properties":{"OBJECTID":661,"pointid":661,"grid_code":242.621933}},{"type":"Feature","id":662,"geometry":{"type":"Point","coordinates":[14.261597914944581,57.770283403556178]},"properties":{"OBJECTID":662,"pointid":662,"grid_code":243.076675}},{"type":"Feature","id":663,"geometry":{"type":"Point","coordinates":[14.262438361217432,57.770288296837656]},"properties":{"OBJECTID":663,"pointid":663,"grid_code":244.849747}},{"type":"Feature","id":664,"geometry":{"type":"Point","coordinates":[14.263278807762656,57.770293184547008]},"properties":{"OBJECTID":664,"pointid":664,"grid_code":243.097626}},{"type":"Feature","id":665,"geometry":{"type":"Point","coordinates":[14.264119254579869,57.770298066684227]},"properties":{"OBJECTID":665,"pointid":665,"grid_code":238.426971}},{"type":"Feature","id":666,"geometry":{"type":"Point","coordinates":[14.264959701668872,57.770302943249334]},"properties":{"OBJECTID":666,"pointid":666,"grid_code":234.777298}},{"type":"Feature","id":667,"geometry":{"type":"Point","coordinates":[14.265800149029268,57.77030781424228]},"properties":{"OBJECTID":667,"pointid":667,"grid_code":231.393295}},{"type":"Feature","id":668,"geometry":{"type":"Point","coordinates":[14.266640596660821,57.770312679663128]},"properties":{"OBJECTID":668,"pointid":668,"grid_code":229.855743}},{"type":"Feature","id":669,"geometry":{"type":"Point","coordinates":[14.267481044563148,57.770317539511801]},"properties":{"OBJECTID":669,"pointid":669,"grid_code":229.1147}},{"type":"Feature","id":670,"geometry":{"type":"Point","coordinates":[14.26832149273601,57.770322393788391]},"properties":{"OBJECTID":670,"pointid":670,"grid_code":228.275421}},{"type":"Feature","id":671,"geometry":{"type":"Point","coordinates":[14.269161941179012,57.770327242492769]},"properties":{"OBJECTID":671,"pointid":671,"grid_code":228.422791}},{"type":"Feature","id":672,"geometry":{"type":"Point","coordinates":[14.270002389891957,57.770332085625029]},"properties":{"OBJECTID":672,"pointid":672,"grid_code":229.650772}},{"type":"Feature","id":673,"geometry":{"type":"Point","coordinates":[14.270842838874458,57.770336923185141]},"properties":{"OBJECTID":673,"pointid":673,"grid_code":233.409653}},{"type":"Feature","id":674,"geometry":{"type":"Point","coordinates":[14.271683288126171,57.770341755173114]},"properties":{"OBJECTID":674,"pointid":674,"grid_code":236.677353}},{"type":"Feature","id":675,"geometry":{"type":"Point","coordinates":[14.272523737646875,57.770346581588889]},"properties":{"OBJECTID":675,"pointid":675,"grid_code":240.119156}},{"type":"Feature","id":676,"geometry":{"type":"Point","coordinates":[14.273364187436188,57.770351402432524]},"properties":{"OBJECTID":676,"pointid":676,"grid_code":239.928467}},{"type":"Feature","id":677,"geometry":{"type":"Point","coordinates":[14.27420463749386,57.77035621770397]},"properties":{"OBJECTID":677,"pointid":677,"grid_code":232.167404}},{"type":"Feature","id":678,"geometry":{"type":"Point","coordinates":[14.275045087819523,57.770361027403261]},"properties":{"OBJECTID":678,"pointid":678,"grid_code":212.048019}},{"type":"Feature","id":679,"geometry":{"type":"Point","coordinates":[14.27588553841292,57.770365831530363]},"properties":{"OBJECTID":679,"pointid":679,"grid_code":192.526627}},{"type":"Feature","id":680,"geometry":{"type":"Point","coordinates":[14.276725989273686,57.770370630085317]},"properties":{"OBJECTID":680,"pointid":680,"grid_code":172.640915}},{"type":"Feature","id":681,"geometry":{"type":"Point","coordinates":[14.253202734270898,57.769785083318276]},"properties":{"OBJECTID":681,"pointid":681,"grid_code":250.827469}},{"type":"Feature","id":682,"geometry":{"type":"Point","coordinates":[14.254043167376501,57.769790032235207]},"properties":{"OBJECTID":682,"pointid":682,"grid_code":248.937149}},{"type":"Feature","id":683,"geometry":{"type":"Point","coordinates":[14.254883600757509,57.769794975580169]},"properties":{"OBJECTID":683,"pointid":683,"grid_code":248.039474}},{"type":"Feature","id":684,"geometry":{"type":"Point","coordinates":[14.255724034413705,57.769799913353133]},"properties":{"OBJECTID":684,"pointid":684,"grid_code":247.824539}},{"type":"Feature","id":685,"geometry":{"type":"Point","coordinates":[14.256564468344701,57.769804845554106]},"properties":{"OBJECTID":685,"pointid":685,"grid_code":246.75502}},{"type":"Feature","id":686,"geometry":{"type":"Point","coordinates":[14.257404902550247,57.769809772183081]},"properties":{"OBJECTID":686,"pointid":686,"grid_code":246.070892}},{"type":"Feature","id":687,"geometry":{"type":"Point","coordinates":[14.258245337029974,57.769814693240058]},"properties":{"OBJECTID":687,"pointid":687,"grid_code":246.435623}},{"type":"Feature","id":688,"geometry":{"type":"Point","coordinates":[14.259085771783633,57.76981960872503]},"properties":{"OBJECTID":688,"pointid":688,"grid_code":247.22821}},{"type":"Feature","id":689,"geometry":{"type":"Point","coordinates":[14.259926206810853,57.769824518637996]},"properties":{"OBJECTID":689,"pointid":689,"grid_code":246.78299}},{"type":"Feature","id":690,"geometry":{"type":"Point","coordinates":[14.260766642111383,57.769829422978965]},"properties":{"OBJECTID":690,"pointid":690,"grid_code":245.646393}},{"type":"Feature","id":691,"geometry":{"type":"Point","coordinates":[14.261607077684834,57.769834321747901]},"properties":{"OBJECTID":691,"pointid":691,"grid_code":246.149506}},{"type":"Feature","id":692,"geometry":{"type":"Point","coordinates":[14.262447513530994,57.769839214944803]},"properties":{"OBJECTID":692,"pointid":692,"grid_code":247.916565}},{"type":"Feature","id":693,"geometry":{"type":"Point","coordinates":[14.26328794964952,57.769844102569706]},"properties":{"OBJECTID":693,"pointid":693,"grid_code":246.458084}},{"type":"Feature","id":694,"geometry":{"type":"Point","coordinates":[14.264128386040021,57.76984898462257]},"properties":{"OBJECTID":694,"pointid":694,"grid_code":241.863129}},{"type":"Feature","id":695,"geometry":{"type":"Point","coordinates":[14.264968822702301,57.769853861103421]},"properties":{"OBJECTID":695,"pointid":695,"grid_code":237.521057}},{"type":"Feature","id":696,"geometry":{"type":"Point","coordinates":[14.265809259635967,57.769858732012196]},"properties":{"OBJECTID":696,"pointid":696,"grid_code":233.648758}},{"type":"Feature","id":697,"geometry":{"type":"Point","coordinates":[14.266649696840773,57.769863597348994]},"properties":{"OBJECTID":697,"pointid":697,"grid_code":231.133331}},{"type":"Feature","id":698,"geometry":{"type":"Point","coordinates":[14.267490134316345,57.769868457113716]},"properties":{"OBJECTID":698,"pointid":698,"grid_code":230.133179}},{"type":"Feature","id":699,"geometry":{"type":"Point","coordinates":[14.268330572062439,57.769873311306384]},"properties":{"OBJECTID":699,"pointid":699,"grid_code":229.23262}},{"type":"Feature","id":700,"geometry":{"type":"Point","coordinates":[14.269171010078667,57.769878159927011]},"properties":{"OBJECTID":700,"pointid":700,"grid_code":229.070404}},{"type":"Feature","id":701,"geometry":{"type":"Point","coordinates":[14.270011448364823,57.76988300297559]},"properties":{"OBJECTID":701,"pointid":701,"grid_code":231.308472}},{"type":"Feature","id":702,"geometry":{"type":"Point","coordinates":[14.270851886920518,57.769887840452128]},"properties":{"OBJECTID":702,"pointid":702,"grid_code":235.465042}},{"type":"Feature","id":703,"geometry":{"type":"Point","coordinates":[14.27169232574542,57.769892672356576]},"properties":{"OBJECTID":703,"pointid":703,"grid_code":236.344147}},{"type":"Feature","id":704,"geometry":{"type":"Point","coordinates":[14.272532764839305,57.76989749868897]},"properties":{"OBJECTID":704,"pointid":704,"grid_code":238.931396}},{"type":"Feature","id":705,"geometry":{"type":"Point","coordinates":[14.273373204201782,57.769902319449315]},"properties":{"OBJECTID":705,"pointid":705,"grid_code":238.240021}},{"type":"Feature","id":706,"geometry":{"type":"Point","coordinates":[14.27421364383261,57.769907134637585]},"properties":{"OBJECTID":706,"pointid":706,"grid_code":231.867188}},{"type":"Feature","id":707,"geometry":{"type":"Point","coordinates":[14.275054083731415,57.769911944253742]},"properties":{"OBJECTID":707,"pointid":707,"grid_code":215.632797}},{"type":"Feature","id":708,"geometry":{"type":"Point","coordinates":[14.27589452389795,57.769916748297845]},"properties":{"OBJECTID":708,"pointid":708,"grid_code":194.622177}},{"type":"Feature","id":709,"geometry":{"type":"Point","coordinates":[14.276734964331835,57.769921546769879]},"properties":{"OBJECTID":709,"pointid":709,"grid_code":172.216797}},{"type":"Feature","id":710,"geometry":{"type":"Point","coordinates":[14.277575405032831,57.769926339669809]},"properties":{"OBJECTID":710,"pointid":710,"grid_code":157.441925}},{"type":"Feature","id":711,"geometry":{"type":"Point","coordinates":[14.252371578598066,57.769331047924361]},"properties":{"OBJECTID":711,"pointid":711,"grid_code":255.38269}},{"type":"Feature","id":712,"geometry":{"type":"Point","coordinates":[14.253212001001652,57.769336002327684]},"properties":{"OBJECTID":712,"pointid":712,"grid_code":254.692673}},{"type":"Feature","id":713,"geometry":{"type":"Point","coordinates":[14.25405242368099,57.769340951159116]},"properties":{"OBJECTID":713,"pointid":713,"grid_code":252.555603}},{"type":"Feature","id":714,"geometry":{"type":"Point","coordinates":[14.254892846635718,57.769345894418663]},"properties":{"OBJECTID":714,"pointid":714,"grid_code":251.850418}},{"type":"Feature","id":715,"geometry":{"type":"Point","coordinates":[14.255733269865626,57.769350832106298]},"properties":{"OBJECTID":715,"pointid":715,"grid_code":250.537613}},{"type":"Feature","id":716,"geometry":{"type":"Point","coordinates":[14.256573693370322,57.769355764222063]},"properties":{"OBJECTID":716,"pointid":716,"grid_code":249.20137}},{"type":"Feature","id":717,"geometry":{"type":"Point","coordinates":[14.257414117149558,57.769360690765929]},"properties":{"OBJECTID":717,"pointid":717,"grid_code":248.779907}},{"type":"Feature","id":718,"geometry":{"type":"Point","coordinates":[14.258254541202964,57.769365611737875]},"properties":{"OBJECTID":718,"pointid":718,"grid_code":249.315018}},{"type":"Feature","id":719,"geometry":{"type":"Point","coordinates":[14.259094965530293,57.769370527137916]},"properties":{"OBJECTID":719,"pointid":719,"grid_code":249.770813}},{"type":"Feature","id":720,"geometry":{"type":"Point","coordinates":[14.259935390131167,57.769375436966058]},"properties":{"OBJECTID":720,"pointid":720,"grid_code":249.08902}},{"type":"Feature","id":721,"geometry":{"type":"Point","coordinates":[14.26077581500534,57.769380341222266]},"properties":{"OBJECTID":721,"pointid":721,"grid_code":248.383926}},{"type":"Feature","id":722,"geometry":{"type":"Point","coordinates":[14.261616240152426,57.769385239906562]},"properties":{"OBJECTID":722,"pointid":722,"grid_code":249.66275}},{"type":"Feature","id":723,"geometry":{"type":"Point","coordinates":[14.262456665572209,57.769390133018923]},"properties":{"OBJECTID":723,"pointid":723,"grid_code":252.093353}},{"type":"Feature","id":724,"geometry":{"type":"Point","coordinates":[14.263297091264343,57.769395020559365]},"properties":{"OBJECTID":724,"pointid":724,"grid_code":250.115021}},{"type":"Feature","id":725,"geometry":{"type":"Point","coordinates":[14.264137517228443,57.769399902527894]},"properties":{"OBJECTID":725,"pointid":725,"grid_code":245.310852}},{"type":"Feature","id":726,"geometry":{"type":"Point","coordinates":[14.264977943464311,57.769404778924482]},"properties":{"OBJECTID":726,"pointid":726,"grid_code":240.587646}},{"type":"Feature","id":727,"geometry":{"type":"Point","coordinates":[14.265818369971555,57.769409649749115]},"properties":{"OBJECTID":727,"pointid":727,"grid_code":236.258316}},{"type":"Feature","id":728,"geometry":{"type":"Point","coordinates":[14.266658796749924,57.769414515001806]},"properties":{"OBJECTID":728,"pointid":728,"grid_code":233.504456}},{"type":"Feature","id":729,"geometry":{"type":"Point","coordinates":[14.267499223799055,57.76941937468257]},"properties":{"OBJECTID":729,"pointid":729,"grid_code":231.716537}},{"type":"Feature","id":730,"geometry":{"type":"Point","coordinates":[14.268339651118694,57.769424228791387]},"properties":{"OBJECTID":730,"pointid":730,"grid_code":230.421066}},{"type":"Feature","id":731,"geometry":{"type":"Point","coordinates":[14.269180078708446,57.76942907732824]},"properties":{"OBJECTID":731,"pointid":731,"grid_code":229.890778}},{"type":"Feature","id":732,"geometry":{"type":"Point","coordinates":[14.270020506568125,57.769433920293146]},"properties":{"OBJECTID":732,"pointid":732,"grid_code":230.855865}},{"type":"Feature","id":733,"geometry":{"type":"Point","coordinates":[14.270860934697334,57.769438757686082]},"properties":{"OBJECTID":733,"pointid":733,"grid_code":233.2621}},{"type":"Feature","id":734,"geometry":{"type":"Point","coordinates":[14.271701363095733,57.769443589507048]},"properties":{"OBJECTID":734,"pointid":734,"grid_code":232.681046}},{"type":"Feature","id":735,"geometry":{"type":"Point","coordinates":[14.272541791763102,57.769448415756052]},"properties":{"OBJECTID":735,"pointid":735,"grid_code":232.814026}},{"type":"Feature","id":736,"geometry":{"type":"Point","coordinates":[14.273382220699061,57.769453236433115]},"properties":{"OBJECTID":736,"pointid":736,"grid_code":231.821426}},{"type":"Feature","id":737,"geometry":{"type":"Point","coordinates":[14.274222649903354,57.769458051538152]},"properties":{"OBJECTID":737,"pointid":737,"grid_code":226.743698}},{"type":"Feature","id":738,"geometry":{"type":"Point","coordinates":[14.275063079375613,57.769462861071226]},"properties":{"OBJECTID":738,"pointid":738,"grid_code":212.882355}},{"type":"Feature","id":739,"geometry":{"type":"Point","coordinates":[14.275903509115588,57.769467665032344]},"properties":{"OBJECTID":739,"pointid":739,"grid_code":190.687042}},{"type":"Feature","id":740,"geometry":{"type":"Point","coordinates":[14.276743939122909,57.769472463421451]},"properties":{"OBJECTID":740,"pointid":740,"grid_code":169.148163}},{"type":"Feature","id":741,"geometry":{"type":"Point","coordinates":[14.277584369397326,57.769477256238602]},"properties":{"OBJECTID":741,"pointid":741,"grid_code":158.004181}},{"type":"Feature","id":742,"geometry":{"type":"Point","coordinates":[14.251540443777444,57.768877007096933]},"properties":{"OBJECTID":742,"pointid":742,"grid_code":258.736145}},{"type":"Feature","id":743,"geometry":{"type":"Point","coordinates":[14.252380855479009,57.768881966986427]},"properties":{"OBJECTID":743,"pointid":743,"grid_code":258.449829}},{"type":"Feature","id":744,"geometry":{"type":"Point","coordinates":[14.253221267456651,57.768886921304137]},"properties":{"OBJECTID":744,"pointid":744,"grid_code":257.396973}},{"type":"Feature","id":745,"geometry":{"type":"Point","coordinates":[14.254061679710034,57.768891870050069]},"properties":{"OBJECTID":745,"pointid":745,"grid_code":256.249298}},{"type":"Feature","id":746,"geometry":{"type":"Point","coordinates":[14.254902092238797,57.76889681322421]},"properties":{"OBJECTID":746,"pointid":746,"grid_code":254.755249}},{"type":"Feature","id":747,"geometry":{"type":"Point","coordinates":[14.255742505042729,57.768901750826544]},"properties":{"OBJECTID":747,"pointid":747,"grid_code":252.538147}},{"type":"Feature","id":748,"geometry":{"type":"Point","coordinates":[14.256582918121435,57.768906682857072]},"properties":{"OBJECTID":748,"pointid":748,"grid_code":251.204758}},{"type":"Feature","id":749,"geometry":{"type":"Point","coordinates":[14.257423331474675,57.768911609315808]},"properties":{"OBJECTID":749,"pointid":749,"grid_code":250.795013}},{"type":"Feature","id":750,"geometry":{"type":"Point","coordinates":[14.258263745102067,57.768916530202738]},"properties":{"OBJECTID":750,"pointid":750,"grid_code":251.242493}},{"type":"Feature","id":751,"geometry":{"type":"Point","coordinates":[14.259104159003371,57.76892144551784]},"properties":{"OBJECTID":751,"pointid":751,"grid_code":251.341614}},{"type":"Feature","id":752,"geometry":{"type":"Point","coordinates":[14.259944573178212,57.768926355261151]},"properties":{"OBJECTID":752,"pointid":752,"grid_code":249.952789}},{"type":"Feature","id":753,"geometry":{"type":"Point","coordinates":[14.260784987626337,57.76893125943262]},"properties":{"OBJECTID":753,"pointid":753,"grid_code":249.866791}},{"type":"Feature","id":754,"geometry":{"type":"Point","coordinates":[14.261625402347368,57.768936158032282]},"properties":{"OBJECTID":754,"pointid":754,"grid_code":252.466766}},{"type":"Feature","id":755,"geometry":{"type":"Point","coordinates":[14.262465817341081,57.768941051060111]},"properties":{"OBJECTID":755,"pointid":755,"grid_code":254.716644}},{"type":"Feature","id":756,"geometry":{"type":"Point","coordinates":[14.263306232607139,57.768945938516111]},"properties":{"OBJECTID":756,"pointid":756,"grid_code":253.254822}},{"type":"Feature","id":757,"geometry":{"type":"Point","coordinates":[14.264146648145152,57.768950820400278]},"properties":{"OBJECTID":757,"pointid":757,"grid_code":249.883026}},{"type":"Feature","id":758,"geometry":{"type":"Point","coordinates":[14.264987063954914,57.768955696712595]},"properties":{"OBJECTID":758,"pointid":758,"grid_code":244.324478}},{"type":"Feature","id":759,"geometry":{"type":"Point","coordinates":[14.265827480036045,57.768960567453078]},"properties":{"OBJECTID":759,"pointid":759,"grid_code":239.269714}},{"type":"Feature","id":760,"geometry":{"type":"Point","coordinates":[14.266667896388295,57.768965432621727]},"properties":{"OBJECTID":760,"pointid":760,"grid_code":236.838531}},{"type":"Feature","id":761,"geometry":{"type":"Point","coordinates":[14.267508313011286,57.768970292218526]},"properties":{"OBJECTID":761,"pointid":761,"grid_code":235.088333}},{"type":"Feature","id":762,"geometry":{"type":"Point","coordinates":[14.268348729904776,57.768975146243456]},"properties":{"OBJECTID":762,"pointid":762,"grid_code":232.839554}},{"type":"Feature","id":763,"geometry":{"type":"Point","coordinates":[14.269189147068376,57.768979994696529]},"properties":{"OBJECTID":763,"pointid":763,"grid_code":231.020126}},{"type":"Feature","id":764,"geometry":{"type":"Point","coordinates":[14.270029564501886,57.768984837577761]},"properties":{"OBJECTID":764,"pointid":764,"grid_code":230.228821}},{"type":"Feature","id":765,"geometry":{"type":"Point","coordinates":[14.270869982204914,57.768989674887116]},"properties":{"OBJECTID":765,"pointid":765,"grid_code":229.987289}},{"type":"Feature","id":766,"geometry":{"type":"Point","coordinates":[14.27171040017712,57.768994506624608]},"properties":{"OBJECTID":766,"pointid":766,"grid_code":229.766693}},{"type":"Feature","id":767,"geometry":{"type":"Point","coordinates":[14.272550818418289,57.768999332790216]},"properties":{"OBJECTID":767,"pointid":767,"grid_code":230.035294}},{"type":"Feature","id":768,"geometry":{"type":"Point","coordinates":[14.273391236928033,57.769004153383968]},"properties":{"OBJECTID":768,"pointid":768,"grid_code":229.195496}},{"type":"Feature","id":769,"geometry":{"type":"Point","coordinates":[14.274231655706103,57.769008968405842]},"properties":{"OBJECTID":769,"pointid":769,"grid_code":222.446869}},{"type":"Feature","id":770,"geometry":{"type":"Point","coordinates":[14.275072074752124,57.769013777855811]},"properties":{"OBJECTID":770,"pointid":770,"grid_code":203.103012}},{"type":"Feature","id":771,"geometry":{"type":"Point","coordinates":[14.275912494065853,57.76901858173391]},"properties":{"OBJECTID":771,"pointid":771,"grid_code":183.62468}},{"type":"Feature","id":772,"geometry":{"type":"Point","coordinates":[14.276752913646916,57.769023380040124]},"properties":{"OBJECTID":772,"pointid":772,"grid_code":167.63826}},{"type":"Feature","id":773,"geometry":{"type":"Point","coordinates":[14.277593333495064,57.769028172774441]},"properties":{"OBJECTID":773,"pointid":773,"grid_code":159.616821}},{"type":"Feature","id":774,"geometry":{"type":"Point","coordinates":[14.251549730807962,57.768427926211665]},"properties":{"OBJECTID":774,"pointid":774,"grid_code":260.767548}},{"type":"Feature","id":775,"geometry":{"type":"Point","coordinates":[14.252390132083903,57.768432886015468]},"properties":{"OBJECTID":775,"pointid":775,"grid_code":260.463379}},{"type":"Feature","id":776,"geometry":{"type":"Point","coordinates":[14.253230533635914,57.768437840247593]},"properties":{"OBJECTID":776,"pointid":776,"grid_code":259.499542}},{"type":"Feature","id":777,"geometry":{"type":"Point","coordinates":[14.25407093546365,57.768442788908004]},"properties":{"OBJECTID":777,"pointid":777,"grid_code":259.763824}},{"type":"Feature","id":778,"geometry":{"type":"Point","coordinates":[14.25491133756676,57.768447731996716]},"properties":{"OBJECTID":778,"pointid":778,"grid_code":257.637024}},{"type":"Feature","id":779,"geometry":{"type":"Point","coordinates":[14.255751739945023,57.768452669513763]},"properties":{"OBJECTID":779,"pointid":779,"grid_code":254.530716}},{"type":"Feature","id":780,"geometry":{"type":"Point","coordinates":[14.256592142598052,57.768457601459062]},"properties":{"OBJECTID":780,"pointid":780,"grid_code":252.869812}},{"type":"Feature","id":781,"geometry":{"type":"Point","coordinates":[14.257432545525598,57.768462527832696]},"properties":{"OBJECTID":781,"pointid":781,"grid_code":252.307739}},{"type":"Feature","id":782,"geometry":{"type":"Point","coordinates":[14.258272948727292,57.768467448634588]},"properties":{"OBJECTID":782,"pointid":782,"grid_code":252.507126}},{"type":"Feature","id":783,"geometry":{"type":"Point","coordinates":[14.259113352202881,57.768472363864774]},"properties":{"OBJECTID":783,"pointid":783,"grid_code":251.884521}},{"type":"Feature","id":784,"geometry":{"type":"Point","coordinates":[14.259953755951999,57.768477273523267]},"properties":{"OBJECTID":784,"pointid":784,"grid_code":249.839233}},{"type":"Feature","id":785,"geometry":{"type":"Point","coordinates":[14.260794159974392,57.768482177609997]},"properties":{"OBJECTID":785,"pointid":785,"grid_code":249.960495}},{"type":"Feature","id":786,"geometry":{"type":"Point","coordinates":[14.261634564269674,57.768487076125012]},"properties":{"OBJECTID":786,"pointid":786,"grid_code":252.185043}},{"type":"Feature","id":787,"geometry":{"type":"Point","coordinates":[14.262474968837632,57.768491969068315]},"properties":{"OBJECTID":787,"pointid":787,"grid_code":253.140289}},{"type":"Feature","id":788,"geometry":{"type":"Point","coordinates":[14.263315373677916,57.768496856439839]},"properties":{"OBJECTID":788,"pointid":788,"grid_code":253.13736}},{"type":"Feature","id":789,"geometry":{"type":"Point","coordinates":[14.264155778790146,57.768501738239685]},"properties":{"OBJECTID":789,"pointid":789,"grid_code":251.909378}},{"type":"Feature","id":790,"geometry":{"type":"Point","coordinates":[14.264996184174123,57.768506614467746]},"properties":{"OBJECTID":790,"pointid":790,"grid_code":247.683304}},{"type":"Feature","id":791,"geometry":{"type":"Point","coordinates":[14.265836589829449,57.768511485124087]},"properties":{"OBJECTID":791,"pointid":791,"grid_code":241.85257}},{"type":"Feature","id":792,"geometry":{"type":"Point","coordinates":[14.266676995755883,57.768516350208643]},"properties":{"OBJECTID":792,"pointid":792,"grid_code":238.973923}},{"type":"Feature","id":793,"geometry":{"type":"Point","coordinates":[14.26751740195305,57.768521209721484]},"properties":{"OBJECTID":793,"pointid":793,"grid_code":237.879135}},{"type":"Feature","id":794,"geometry":{"type":"Point","coordinates":[14.268357808420706,57.768526063662563]},"properties":{"OBJECTID":794,"pointid":794,"grid_code":235.79245}},{"type":"Feature","id":795,"geometry":{"type":"Point","coordinates":[14.269198215158458,57.768530912031871]},"properties":{"OBJECTID":795,"pointid":795,"grid_code":232.694458}},{"type":"Feature","id":796,"geometry":{"type":"Point","coordinates":[14.270038622166108,57.768535754829415]},"properties":{"OBJECTID":796,"pointid":796,"grid_code":230.42627}},{"type":"Feature","id":797,"geometry":{"type":"Point","coordinates":[14.270879029443265,57.768540592055203]},"properties":{"OBJECTID":797,"pointid":797,"grid_code":229.056061}},{"type":"Feature","id":798,"geometry":{"type":"Point","coordinates":[14.271719436989592,57.768545423709185]},"properties":{"OBJECTID":798,"pointid":798,"grid_code":228.347412}},{"type":"Feature","id":799,"geometry":{"type":"Point","coordinates":[14.272559844804867,57.768550249791453]},"properties":{"OBJECTID":799,"pointid":799,"grid_code":229.199478}},{"type":"Feature","id":800,"geometry":{"type":"Point","coordinates":[14.273400252888711,57.768555070301893]},"properties":{"OBJECTID":800,"pointid":800,"grid_code":228.876312}},{"type":"Feature","id":801,"geometry":{"type":"Point","coordinates":[14.274240661240864,57.768559885240563]},"properties":{"OBJECTID":801,"pointid":801,"grid_code":220.498154}},{"type":"Feature","id":802,"geometry":{"type":"Point","coordinates":[14.275081069860965,57.768564694607448]},"properties":{"OBJECTID":802,"pointid":802,"grid_code":198.294327}},{"type":"Feature","id":803,"geometry":{"type":"Point","coordinates":[14.275921478748756,57.768569498402549]},"properties":{"OBJECTID":803,"pointid":803,"grid_code":180.524063}},{"type":"Feature","id":804,"geometry":{"type":"Point","coordinates":[14.276761887903868,57.76857429662585]},"properties":{"OBJECTID":804,"pointid":804,"grid_code":168.058044}},{"type":"Feature","id":805,"geometry":{"type":"Point","coordinates":[14.277602297326062,57.768579089277353]},"properties":{"OBJECTID":805,"pointid":805,"grid_code":162.165558}},{"type":"Feature","id":806,"geometry":{"type":"Point","coordinates":[14.250718626987805,57.767973880003723]},"properties":{"OBJECTID":806,"pointid":806,"grid_code":261.605865}},{"type":"Feature","id":807,"geometry":{"type":"Point","coordinates":[14.25155901756213,57.76797884529342]},"properties":{"OBJECTID":807,"pointid":807,"grid_code":262.017151}},{"type":"Feature","id":808,"geometry":{"type":"Point","coordinates":[14.252399408412758,57.767983805011553]},"properties":{"OBJECTID":808,"pointid":808,"grid_code":261.506256}},{"type":"Feature","id":809,"geometry":{"type":"Point","coordinates":[14.253239799539447,57.767988759158065]},"properties":{"OBJECTID":809,"pointid":809,"grid_code":260.513367}},{"type":"Feature","id":810,"geometry":{"type":"Point","coordinates":[14.254080190941853,57.767993707732963]},"properties":{"OBJECTID":810,"pointid":810,"grid_code":260.656921}},{"type":"Feature","id":811,"geometry":{"type":"Point","coordinates":[14.254920582619617,57.767998650736288]},"properties":{"OBJECTID":811,"pointid":811,"grid_code":259.547913}},{"type":"Feature","id":812,"geometry":{"type":"Point","coordinates":[14.255760974572521,57.768003588168]},"properties":{"OBJECTID":812,"pointid":812,"grid_code":256.483673}},{"type":"Feature","id":813,"geometry":{"type":"Point","coordinates":[14.256601366800181,57.76800852002814]},"properties":{"OBJECTID":813,"pointid":813,"grid_code":254.436188}},{"type":"Feature","id":814,"geometry":{"type":"Point","coordinates":[14.257441759302347,57.768013446316601]},"properties":{"OBJECTID":814,"pointid":814,"grid_code":253.207733}},{"type":"Feature","id":815,"geometry":{"type":"Point","coordinates":[14.25828215207865,57.768018367033498]},"properties":{"OBJECTID":815,"pointid":815,"grid_code":252.42009}},{"type":"Feature","id":816,"geometry":{"type":"Point","coordinates":[14.259122545128836,57.76802328217876]},"properties":{"OBJECTID":816,"pointid":816,"grid_code":251.559952}},{"type":"Feature","id":817,"geometry":{"type":"Point","coordinates":[14.259962938452539,57.768028191752407]},"properties":{"OBJECTID":817,"pointid":817,"grid_code":249.514191}},{"type":"Feature","id":818,"geometry":{"type":"Point","coordinates":[14.260803332049505,57.768033095754433]},"properties":{"OBJECTID":818,"pointid":818,"grid_code":249.049789}},{"type":"Feature","id":819,"geometry":{"type":"Point","coordinates":[14.261643725919354,57.768037994184795]},"properties":{"OBJECTID":819,"pointid":819,"grid_code":250.300735}},{"type":"Feature","id":820,"geometry":{"type":"Point","coordinates":[14.262484120061862,57.768042887043542]},"properties":{"OBJECTID":820,"pointid":820,"grid_code":251.506256}},{"type":"Feature","id":821,"geometry":{"type":"Point","coordinates":[14.26332451447669,57.768047774330661]},"properties":{"OBJECTID":821,"pointid":821,"grid_code":252.549484}},{"type":"Feature","id":822,"geometry":{"type":"Point","coordinates":[14.264164909163448,57.768052656046144]},"properties":{"OBJECTID":822,"pointid":822,"grid_code":252.040924}},{"type":"Feature","id":823,"geometry":{"type":"Point","coordinates":[14.265005304121942,57.768057532189957]},"properties":{"OBJECTID":823,"pointid":823,"grid_code":249.18222}},{"type":"Feature","id":824,"geometry":{"type":"Point","coordinates":[14.265845699351777,57.768062402762126]},"properties":{"OBJECTID":824,"pointid":824,"grid_code":243.924423}},{"type":"Feature","id":825,"geometry":{"type":"Point","coordinates":[14.266686094852707,57.768067267762653]},"properties":{"OBJECTID":825,"pointid":825,"grid_code":239.945389}},{"type":"Feature","id":826,"geometry":{"type":"Point","coordinates":[14.267526490624359,57.768072127191516]},"properties":{"OBJECTID":826,"pointid":826,"grid_code":238.464233}},{"type":"Feature","id":827,"geometry":{"type":"Point","coordinates":[14.268366886666486,57.768076981048736]},"properties":{"OBJECTID":827,"pointid":827,"grid_code":237.528442}},{"type":"Feature","id":828,"geometry":{"type":"Point","coordinates":[14.269207282978705,57.768081829334278]},"properties":{"OBJECTID":828,"pointid":828,"grid_code":234.701523}},{"type":"Feature","id":829,"geometry":{"type":"Point","coordinates":[14.270047679560804,57.768086672048135]},"properties":{"OBJECTID":829,"pointid":829,"grid_code":231.703796}},{"type":"Feature","id":830,"geometry":{"type":"Point","coordinates":[14.270888076412403,57.768091509190356]},"properties":{"OBJECTID":830,"pointid":830,"grid_code":229.102554}},{"type":"Feature","id":831,"geometry":{"type":"Point","coordinates":[14.271728473533155,57.76809634076087]},"properties":{"OBJECTID":831,"pointid":831,"grid_code":226.95491}},{"type":"Feature","id":832,"geometry":{"type":"Point","coordinates":[14.272568870922854,57.768101166759706]},"properties":{"OBJECTID":832,"pointid":832,"grid_code":226.640594}},{"type":"Feature","id":833,"geometry":{"type":"Point","coordinates":[14.2734092685811,57.768105987186878]},"properties":{"OBJECTID":833,"pointid":833,"grid_code":225.625977}},{"type":"Feature","id":834,"geometry":{"type":"Point","coordinates":[14.274249666507652,57.768110802042372]},"properties":{"OBJECTID":834,"pointid":834,"grid_code":213.8638}},{"type":"Feature","id":835,"geometry":{"type":"Point","coordinates":[14.275090064702134,57.768115611326138]},"properties":{"OBJECTID":835,"pointid":835,"grid_code":195.465347}},{"type":"Feature","id":836,"geometry":{"type":"Point","coordinates":[14.275930463164302,57.768120415038226]},"properties":{"OBJECTID":836,"pointid":836,"grid_code":179.599594}},{"type":"Feature","id":837,"geometry":{"type":"Point","coordinates":[14.276770861893782,57.768125213178649]},"properties":{"OBJECTID":837,"pointid":837,"grid_code":170.482819}},{"type":"Feature","id":838,"geometry":{"type":"Point","coordinates":[14.277611260890319,57.768130005747345]},"properties":{"OBJECTID":838,"pointid":838,"grid_code":165.963837}},{"type":"Feature","id":839,"geometry":{"type":"Point","coordinates":[14.250727923890626,57.767524799138293]},"properties":{"OBJECTID":839,"pointid":839,"grid_code":261.924225}},{"type":"Feature","id":840,"geometry":{"type":"Point","coordinates":[14.25156830403996,57.767529764342207]},"properties":{"OBJECTID":840,"pointid":840,"grid_code":263.15976}},{"type":"Feature","id":841,"geometry":{"type":"Point","coordinates":[14.252408684465589,57.767534723974634]},"properties":{"OBJECTID":841,"pointid":841,"grid_code":263.129852}},{"type":"Feature","id":842,"geometry":{"type":"Point","coordinates":[14.253249065167267,57.767539678035568]},"properties":{"OBJECTID":842,"pointid":842,"grid_code":261.533875}},{"type":"Feature","id":843,"geometry":{"type":"Point","coordinates":[14.254089446144643,57.767544626524973]},"properties":{"OBJECTID":843,"pointid":843,"grid_code":260.91745}},{"type":"Feature","id":844,"geometry":{"type":"Point","coordinates":[14.254929827397373,57.76754956944292]},"properties":{"OBJECTID":844,"pointid":844,"grid_code":260.590027}},{"type":"Feature","id":845,"geometry":{"type":"Point","coordinates":[14.255770208925231,57.767554506789317]},"properties":{"OBJECTID":845,"pointid":845,"grid_code":257.987701}},{"type":"Feature","id":846,"geometry":{"type":"Point","coordinates":[14.256610590727831,57.767559438564199]},"properties":{"OBJECTID":846,"pointid":846,"grid_code":255.549454}},{"type":"Feature","id":847,"geometry":{"type":"Point","coordinates":[14.257450972804929,57.767564364767594]},"properties":{"OBJECTID":847,"pointid":847,"grid_code":253.630356}},{"type":"Feature","id":848,"geometry":{"type":"Point","coordinates":[14.25829135515615,57.767569285399453]},"properties":{"OBJECTID":848,"pointid":848,"grid_code":251.95018}},{"type":"Feature","id":849,"geometry":{"type":"Point","coordinates":[14.259131737781244,57.767574200459798]},"properties":{"OBJECTID":849,"pointid":849,"grid_code":250.86412}},{"type":"Feature","id":850,"geometry":{"type":"Point","coordinates":[14.259972120679842,57.767579109948606]},"properties":{"OBJECTID":850,"pointid":850,"grid_code":249.40213}},{"type":"Feature","id":851,"geometry":{"type":"Point","coordinates":[14.260812503851698,57.7675840138659]},"properties":{"OBJECTID":851,"pointid":851,"grid_code":248.686554}},{"type":"Feature","id":852,"geometry":{"type":"Point","coordinates":[14.261652887296417,57.767588912211629]},"properties":{"OBJECTID":852,"pointid":852,"grid_code":249.494537}},{"type":"Feature","id":853,"geometry":{"type":"Point","coordinates":[14.26249327101379,57.767593804985864]},"properties":{"OBJECTID":853,"pointid":853,"grid_code":251.527649}},{"type":"Feature","id":854,"geometry":{"type":"Point","coordinates":[14.263333655003464,57.767598692188514]},"properties":{"OBJECTID":854,"pointid":854,"grid_code":253.516785}},{"type":"Feature","id":855,"geometry":{"type":"Point","coordinates":[14.264174039265068,57.767603573819642]},"properties":{"OBJECTID":855,"pointid":855,"grid_code":254.493225}},{"type":"Feature","id":856,"geometry":{"type":"Point","coordinates":[14.265014423798389,57.767608449879219]},"properties":{"OBJECTID":856,"pointid":856,"grid_code":251.495407}},{"type":"Feature","id":857,"geometry":{"type":"Point","coordinates":[14.26585480860304,57.767613320367246]},"properties":{"OBJECTID":857,"pointid":857,"grid_code":247.364212}},{"type":"Feature","id":858,"geometry":{"type":"Point","coordinates":[14.266695193678776,57.767618185283709]},"properties":{"OBJECTID":858,"pointid":858,"grid_code":240.692062}},{"type":"Feature","id":859,"geometry":{"type":"Point","coordinates":[14.267535579025227,57.767623044628614]},"properties":{"OBJECTID":859,"pointid":859,"grid_code":238.246353}},{"type":"Feature","id":860,"geometry":{"type":"Point","coordinates":[14.268375964642141,57.767627898401955]},"properties":{"OBJECTID":860,"pointid":860,"grid_code":238.017609}},{"type":"Feature","id":861,"geometry":{"type":"Point","coordinates":[14.269216350529124,57.767632746603731]},"properties":{"OBJECTID":861,"pointid":861,"grid_code":237.311081}},{"type":"Feature","id":862,"geometry":{"type":"Point","coordinates":[14.270056736685987,57.767637589233935]},"properties":{"OBJECTID":862,"pointid":862,"grid_code":234.999191}},{"type":"Feature","id":863,"geometry":{"type":"Point","coordinates":[14.270897123112338,57.767642426292561]},"properties":{"OBJECTID":863,"pointid":863,"grid_code":230.613052}},{"type":"Feature","id":864,"geometry":{"type":"Point","coordinates":[14.271737509807831,57.767647257779608]},"properties":{"OBJECTID":864,"pointid":864,"grid_code":227.083588}},{"type":"Feature","id":865,"geometry":{"type":"Point","coordinates":[14.272577896772255,57.767652083695069]},"properties":{"OBJECTID":865,"pointid":865,"grid_code":222.726685}},{"type":"Feature","id":866,"geometry":{"type":"Point","coordinates":[14.273418284005221,57.767656904038965]},"properties":{"OBJECTID":866,"pointid":866,"grid_code":218.502625}},{"type":"Feature","id":867,"geometry":{"type":"Point","coordinates":[14.274258671506477,57.767661718811254]},"properties":{"OBJECTID":867,"pointid":867,"grid_code":209.601181}},{"type":"Feature","id":868,"geometry":{"type":"Point","coordinates":[14.275099059275655,57.767666528011951]},"properties":{"OBJECTID":868,"pointid":868,"grid_code":197.782806}},{"type":"Feature","id":869,"geometry":{"type":"Point","coordinates":[14.275939447312508,57.767671331641047]},"properties":{"OBJECTID":869,"pointid":869,"grid_code":184.39502}},{"type":"Feature","id":870,"geometry":{"type":"Point","coordinates":[14.276779835616658,57.767676129698543]},"properties":{"OBJECTID":870,"pointid":870,"grid_code":175.677155}},{"type":"Feature","id":871,"geometry":{"type":"Point","coordinates":[14.250737220516816,57.767075718239838]},"properties":{"OBJECTID":871,"pointid":871,"grid_code":262.72937}},{"type":"Feature","id":872,"geometry":{"type":"Point","coordinates":[14.251577590241469,57.767080683357989]},"properties":{"OBJECTID":872,"pointid":872,"grid_code":264.556824}},{"type":"Feature","id":873,"geometry":{"type":"Point","coordinates":[14.252417960242406,57.767085642904682]},"properties":{"OBJECTID":873,"pointid":873,"grid_code":265.482635}},{"type":"Feature","id":874,"geometry":{"type":"Point","coordinates":[14.25325833051938,57.767090596880031]},"properties":{"OBJECTID":874,"pointid":874,"grid_code":263.663849}},{"type":"Feature","id":875,"geometry":{"type":"Point","coordinates":[14.25409870107204,57.767095545283937]},"properties":{"OBJECTID":875,"pointid":875,"grid_code":261.85022}},{"type":"Feature","id":876,"geometry":{"type":"Point","coordinates":[14.261662048400876,57.767139830205473]},"properties":{"OBJECTID":876,"pointid":876,"grid_code":249.361115}},{"type":"Feature","id":877,"geometry":{"type":"Point","coordinates":[14.262502421693421,57.767144722895139]},"properties":{"OBJECTID":877,"pointid":877,"grid_code":252.144424}},{"type":"Feature","id":878,"geometry":{"type":"Point","coordinates":[14.263342795258261,57.767149610013384]},"properties":{"OBJECTID":878,"pointid":878,"grid_code":252.412933}},{"type":"Feature","id":879,"geometry":{"type":"Point","coordinates":[14.264183169095014,57.767154491560156]},"properties":{"OBJECTID":879,"pointid":879,"grid_code":254.60144}},{"type":"Feature","id":880,"geometry":{"type":"Point","coordinates":[14.265023543203471,57.767159367535477]},"properties":{"OBJECTID":880,"pointid":880,"grid_code":254.239441}},{"type":"Feature","id":881,"geometry":{"type":"Point","coordinates":[14.26586391758325,57.767164237939348]},"properties":{"OBJECTID":881,"pointid":881,"grid_code":252.749283}},{"type":"Feature","id":882,"geometry":{"type":"Point","coordinates":[14.266704292234104,57.76716910277176]},"properties":{"OBJECTID":882,"pointid":882,"grid_code":243.249695}},{"type":"Feature","id":883,"geometry":{"type":"Point","coordinates":[14.26754466715566,57.767173962032729]},"properties":{"OBJECTID":883,"pointid":883,"grid_code":238.366501}},{"type":"Feature","id":884,"geometry":{"type":"Point","coordinates":[14.268385042347665,57.767178815722211]},"properties":{"OBJECTID":884,"pointid":884,"grid_code":238.189087}},{"type":"Feature","id":885,"geometry":{"type":"Point","coordinates":[14.269225417809734,57.767183663840207]},"properties":{"OBJECTID":885,"pointid":885,"grid_code":238.411957}},{"type":"Feature","id":886,"geometry":{"type":"Point","coordinates":[14.270065793541669,57.767188506386738]},"properties":{"OBJECTID":886,"pointid":886,"grid_code":236.981979}},{"type":"Feature","id":887,"geometry":{"type":"Point","coordinates":[14.27090616954308,57.767193343361782]},"properties":{"OBJECTID":887,"pointid":887,"grid_code":233.115097}},{"type":"Feature","id":888,"geometry":{"type":"Point","coordinates":[14.271746545813624,57.767198174765355]},"properties":{"OBJECTID":888,"pointid":888,"grid_code":229.820374}},{"type":"Feature","id":889,"geometry":{"type":"Point","coordinates":[14.272586922353087,57.767203000597448]},"properties":{"OBJECTID":889,"pointid":889,"grid_code":224.900803}},{"type":"Feature","id":890,"geometry":{"type":"Point","coordinates":[14.273427299161078,57.767207820858054]},"properties":{"OBJECTID":890,"pointid":890,"grid_code":218.854187}},{"type":"Feature","id":891,"geometry":{"type":"Point","coordinates":[14.274267676237352,57.767212635547139]},"properties":{"OBJECTID":891,"pointid":891,"grid_code":209.873337}},{"type":"Feature","id":892,"geometry":{"type":"Point","coordinates":[14.275108053581535,57.767217444664759]},"properties":{"OBJECTID":892,"pointid":892,"grid_code":199.526611}},{"type":"Feature","id":893,"geometry":{"type":"Point","coordinates":[14.275948431193378,57.767222248210842]},"properties":{"OBJECTID":893,"pointid":893,"grid_code":187.021362}},{"type":"Feature","id":894,"geometry":{"type":"Point","coordinates":[14.276788809072514,57.767227046185454]},"properties":{"OBJECTID":894,"pointid":894,"grid_code":178.83139}},{"type":"Feature","id":895,"geometry":{"type":"Point","coordinates":[14.262511572100774,57.766695640771445]},"properties":{"OBJECTID":895,"pointid":895,"grid_code":249.787003}},{"type":"Feature","id":896,"geometry":{"type":"Point","coordinates":[14.263351935241085,57.766700527805263]},"properties":{"OBJECTID":896,"pointid":896,"grid_code":248.912659}},{"type":"Feature","id":897,"geometry":{"type":"Point","coordinates":[14.264192298653295,57.766705409267686]},"properties":{"OBJECTID":897,"pointid":897,"grid_code":249.545731}},{"type":"Feature","id":898,"geometry":{"type":"Point","coordinates":[14.265032662337203,57.766710285158773]},"properties":{"OBJECTID":898,"pointid":898,"grid_code":252.186508}},{"type":"Feature","id":899,"geometry":{"type":"Point","coordinates":[14.265873026292423,57.766715155478494]},"properties":{"OBJECTID":899,"pointid":899,"grid_code":252.223648}},{"type":"Feature","id":900,"geometry":{"type":"Point","coordinates":[14.266713390518705,57.766720020226856]},"properties":{"OBJECTID":900,"pointid":900,"grid_code":244.33075}},{"type":"Feature","id":901,"geometry":{"type":"Point","coordinates":[14.267553755015671,57.766724879403867]},"properties":{"OBJECTID":901,"pointid":901,"grid_code":238.434509}},{"type":"Feature","id":902,"geometry":{"type":"Point","coordinates":[14.26839411978308,57.766729733009484]},"properties":{"OBJECTID":902,"pointid":902,"grid_code":238.047516}},{"type":"Feature","id":903,"geometry":{"type":"Point","coordinates":[14.269234484820547,57.766734581043707]},"properties":{"OBJECTID":903,"pointid":903,"grid_code":238.765411}},{"type":"Feature","id":904,"geometry":{"type":"Point","coordinates":[14.270074850127862,57.766739423506579]},"properties":{"OBJECTID":904,"pointid":904,"grid_code":237.968185}},{"type":"Feature","id":905,"geometry":{"type":"Point","coordinates":[14.270915215704642,57.766744260398085]},"properties":{"OBJECTID":905,"pointid":905,"grid_code":234.57901}},{"type":"Feature","id":906,"geometry":{"type":"Point","coordinates":[14.271755581550547,57.766749091718175]},"properties":{"OBJECTID":906,"pointid":906,"grid_code":232.189575}},{"type":"Feature","id":907,"geometry":{"type":"Point","coordinates":[14.272595947665359,57.766753917466893]},"properties":{"OBJECTID":907,"pointid":907,"grid_code":226.174286}},{"type":"Feature","id":908,"geometry":{"type":"Point","coordinates":[14.273436314048686,57.766758737644189]},"properties":{"OBJECTID":908,"pointid":908,"grid_code":216.884827}},{"type":"Feature","id":909,"geometry":{"type":"Point","coordinates":[14.274276680700286,57.766763552250119]},"properties":{"OBJECTID":909,"pointid":909,"grid_code":208.417023}},{"type":"Feature","id":910,"geometry":{"type":"Point","coordinates":[14.275117047619784,57.76676836128464]},"properties":{"OBJECTID":910,"pointid":910,"grid_code":198.066025}},{"type":"Feature","id":911,"geometry":{"type":"Point","coordinates":[14.275957414806934,57.76677316474774]},"properties":{"OBJECTID":911,"pointid":911,"grid_code":186.677994}},{"type":"Feature","id":912,"geometry":{"type":"Point","coordinates":[14.262520722235854,57.766246558614824]},"properties":{"OBJECTID":912,"pointid":912,"grid_code":247.899887}},{"type":"Feature","id":913,"geometry":{"type":"Point","coordinates":[14.263361074951947,57.76625144556418]},"properties":{"OBJECTID":913,"pointid":913,"grid_code":247.366989}},{"type":"Feature","id":914,"geometry":{"type":"Point","coordinates":[14.264201427939927,57.766256326942276]},"properties":{"OBJECTID":914,"pointid":914,"grid_code":246.600098}},{"type":"Feature","id":915,"geometry":{"type":"Point","coordinates":[14.265041781199596,57.766261202749121]},"properties":{"OBJECTID":915,"pointid":915,"grid_code":245.689178}},{"type":"Feature","id":916,"geometry":{"type":"Point","coordinates":[14.26588213473056,57.766266072984706]},"properties":{"OBJECTID":916,"pointid":916,"grid_code":243.420822}},{"type":"Feature","id":917,"geometry":{"type":"Point","coordinates":[14.266722488532579,57.766270937649026]},"properties":{"OBJECTID":917,"pointid":917,"grid_code":240.315201}},{"type":"Feature","id":918,"geometry":{"type":"Point","coordinates":[14.267562842605273,57.766275796742065]},"properties":{"OBJECTID":918,"pointid":918,"grid_code":238.140717}},{"type":"Feature","id":919,"geometry":{"type":"Point","coordinates":[14.268403196948395,57.766280650263809]},"properties":{"OBJECTID":919,"pointid":919,"grid_code":237.799255}},{"type":"Feature","id":920,"geometry":{"type":"Point","coordinates":[14.269243551561562,57.766285498214295]},"properties":{"OBJECTID":920,"pointid":920,"grid_code":238.240662}},{"type":"Feature","id":921,"geometry":{"type":"Point","coordinates":[14.270083906444574,57.766290340593507]},"properties":{"OBJECTID":921,"pointid":921,"grid_code":237.323715}},{"type":"Feature","id":922,"geometry":{"type":"Point","coordinates":[14.270924261597035,57.766295177401418]},"properties":{"OBJECTID":922,"pointid":922,"grid_code":234.183365}},{"type":"Feature","id":923,"geometry":{"type":"Point","coordinates":[14.271764617018606,57.766300008638034]},"properties":{"OBJECTID":923,"pointid":923,"grid_code":231.730728}},{"type":"Feature","id":924,"geometry":{"type":"Point","coordinates":[14.272604972709079,57.766304834303398]},"properties":{"OBJECTID":924,"pointid":924,"grid_code":226.512024}},{"type":"Feature","id":925,"geometry":{"type":"Point","coordinates":[14.273445328668052,57.766309654397425]},"properties":{"OBJECTID":925,"pointid":925,"grid_code":216.179916}},{"type":"Feature","id":926,"geometry":{"type":"Point","coordinates":[14.27428568489529,57.766314468920157]},"properties":{"OBJECTID":926,"pointid":926,"grid_code":207.276215}},{"type":"Feature","id":927,"geometry":{"type":"Point","coordinates":[14.27512604139041,57.766319277871581]},"properties":{"OBJECTID":927,"pointid":927,"grid_code":195.821869}},{"type":"Feature","id":928,"geometry":{"type":"Point","coordinates":[14.275966398153177,57.766324081251682]},"properties":{"OBJECTID":928,"pointid":928,"grid_code":186.642059}},{"type":"Feature","id":929,"geometry":{"type":"Point","coordinates":[14.263370214390859,57.765802363290163]},"properties":{"OBJECTID":929,"pointid":929,"grid_code":247.271973}},{"type":"Feature","id":930,"geometry":{"type":"Point","coordinates":[14.264210556954922,57.765807244583932]},"properties":{"OBJECTID":930,"pointid":930,"grid_code":246.546387}},{"type":"Feature","id":931,"geometry":{"type":"Point","coordinates":[14.265050899790655,57.765812120306556]},"properties":{"OBJECTID":931,"pointid":931,"grid_code":244.525024}},{"type":"Feature","id":932,"geometry":{"type":"Point","coordinates":[14.265891242897679,57.765816990457971]},"properties":{"OBJECTID":932,"pointid":932,"grid_code":239.80838}},{"type":"Feature","id":933,"geometry":{"type":"Point","coordinates":[14.266731586275744,57.76582185503824]},"properties":{"OBJECTID":933,"pointid":933,"grid_code":237.786011}},{"type":"Feature","id":934,"geometry":{"type":"Point","coordinates":[14.267571929924474,57.765826714047343]},"properties":{"OBJECTID":934,"pointid":934,"grid_code":237.175446}},{"type":"Feature","id":935,"geometry":{"type":"Point","coordinates":[14.268412273843621,57.76583156748525]},"properties":{"OBJECTID":935,"pointid":935,"grid_code":237.038834}},{"type":"Feature","id":936,"geometry":{"type":"Point","coordinates":[14.269252618032803,57.765836415351963]},"properties":{"OBJECTID":936,"pointid":936,"grid_code":236.829391}},{"type":"Feature","id":937,"geometry":{"type":"Point","coordinates":[14.270092962491814,57.765841257647494]},"properties":{"OBJECTID":937,"pointid":937,"grid_code":235.065689}},{"type":"Feature","id":938,"geometry":{"type":"Point","coordinates":[14.270933307220266,57.765846094371874]},"properties":{"OBJECTID":938,"pointid":938,"grid_code":232.029434}},{"type":"Feature","id":939,"geometry":{"type":"Point","coordinates":[14.271773652217819,57.765850925525008]},"properties":{"OBJECTID":939,"pointid":939,"grid_code":229.257477}},{"type":"Feature","id":940,"geometry":{"type":"Point","coordinates":[14.272613997484259,57.765855751106976]},"properties":{"OBJECTID":940,"pointid":940,"grid_code":225.120056}},{"type":"Feature","id":941,"geometry":{"type":"Point","coordinates":[14.273454343019189,57.765860571117734]},"properties":{"OBJECTID":941,"pointid":941,"grid_code":213.82489}},{"type":"Feature","id":942,"geometry":{"type":"Point","coordinates":[14.274294688822373,57.765865385557277]},"properties":{"OBJECTID":942,"pointid":942,"grid_code":203.549698}},{"type":"Feature","id":943,"geometry":{"type":"Point","coordinates":[14.275135034893433,57.765870194425624]},"properties":{"OBJECTID":943,"pointid":943,"grid_code":193.284058}},{"type":"Feature","id":944,"geometry":{"type":"Point","coordinates":[14.275975381232119,57.765874997722754]},"properties":{"OBJECTID":944,"pointid":944,"grid_code":186.736252}},{"type":"Feature","id":945,"geometry":{"type":"Point","coordinates":[14.265060018110402,57.765363037830959]},"properties":{"OBJECTID":945,"pointid":945,"grid_code":241.549759}},{"type":"Feature","id":946,"geometry":{"type":"Point","coordinates":[14.265900350793791,57.765367907898245]},"properties":{"OBJECTID":946,"pointid":946,"grid_code":238.766678}},{"type":"Feature","id":947,"geometry":{"type":"Point","coordinates":[14.266740683748214,57.765372772394471]},"properties":{"OBJECTID":947,"pointid":947,"grid_code":236.503632}},{"type":"Feature","id":948,"geometry":{"type":"Point","coordinates":[14.267581016973288,57.765377631319595]},"properties":{"OBJECTID":948,"pointid":948,"grid_code":234.27301}},{"type":"Feature","id":949,"geometry":{"type":"Point","coordinates":[14.26842135046877,57.765382484673651]},"properties":{"OBJECTID":949,"pointid":949,"grid_code":233.846527}},{"type":"Feature","id":950,"geometry":{"type":"Point","coordinates":[14.269261684234271,57.765387332456619]},"properties":{"OBJECTID":950,"pointid":950,"grid_code":233.248077}},{"type":"Feature","id":951,"geometry":{"type":"Point","coordinates":[14.270102018269599,57.765392174668499]},"properties":{"OBJECTID":951,"pointid":951,"grid_code":231.327713}},{"type":"Feature","id":952,"geometry":{"type":"Point","coordinates":[14.27094235257435,57.76539701130929]},"properties":{"OBJECTID":952,"pointid":952,"grid_code":229.148117}},{"type":"Feature","id":953,"geometry":{"type":"Point","coordinates":[14.271782687148198,57.765401842378992]},"properties":{"OBJECTID":953,"pointid":953,"grid_code":223.910278}},{"type":"Feature","id":954,"geometry":{"type":"Point","coordinates":[14.272623021990912,57.765406667877564]},"properties":{"OBJECTID":954,"pointid":954,"grid_code":220.480835}},{"type":"Feature","id":955,"geometry":{"type":"Point","coordinates":[14.273463357102111,57.765411487805061]},"properties":{"OBJECTID":955,"pointid":955,"grid_code":208.88205}},{"type":"Feature","id":956,"geometry":{"type":"Point","coordinates":[14.274303692481553,57.765416302161405]},"properties":{"OBJECTID":956,"pointid":956,"grid_code":197.776886}},{"type":"Feature","id":957,"geometry":{"type":"Point","coordinates":[14.275144028128855,57.765421110946669]},"properties":{"OBJECTID":957,"pointid":957,"grid_code":190.807816}},{"type":"Feature","id":958,"geometry":{"type":"Point","coordinates":[14.265909458418903,57.764918825305571]},"properties":{"OBJECTID":958,"pointid":958,"grid_code":238.753998}},{"type":"Feature","id":959,"geometry":{"type":"Point","coordinates":[14.266749780949995,57.764923689717754]},"properties":{"OBJECTID":959,"pointid":959,"grid_code":235.406937}},{"type":"Feature","id":960,"geometry":{"type":"Point","coordinates":[14.267590103751726,57.764928548558935]},"properties":{"OBJECTID":960,"pointid":960,"grid_code":232.815994}},{"type":"Feature","id":961,"geometry":{"type":"Point","coordinates":[14.268430426823853,57.76493340182914]},"properties":{"OBJECTID":961,"pointid":961,"grid_code":231.540009}},{"type":"Feature","id":962,"geometry":{"type":"Point","coordinates":[14.269270750165987,57.764938249528349]},"properties":{"OBJECTID":962,"pointid":962,"grid_code":230.27655}},{"type":"Feature","id":963,"geometry":{"type":"Point","coordinates":[14.270111073777933,57.764943091656576]},"properties":{"OBJECTID":963,"pointid":963,"grid_code":229.11261}},{"type":"Feature","id":964,"geometry":{"type":"Point","coordinates":[14.270951397659299,57.764947928213793]},"properties":{"OBJECTID":964,"pointid":964,"grid_code":228.018677}},{"type":"Feature","id":965,"geometry":{"type":"Point","coordinates":[14.272632046229047,57.764957584615225]},"properties":{"OBJECTID":965,"pointid":965,"grid_code":213.088181}},{"type":"Feature","id":966,"geometry":{"type":"Point","coordinates":[14.27347237091683,57.764962404459446]},"properties":{"OBJECTID":966,"pointid":966,"grid_code":203.089828}},{"type":"Feature","id":967,"geometry":{"type":"Point","coordinates":[14.274312695872837,57.764967218732629]},"properties":{"OBJECTID":967,"pointid":967,"grid_code":194.039719}},{"type":"Feature","id":968,"geometry":{"type":"Point","coordinates":[14.265078253935979,57.764464872780884]},"properties":{"OBJECTID":968,"pointid":968,"grid_code":252.781509}},{"type":"Feature","id":969,"geometry":{"type":"Point","coordinates":[14.265918565773033,57.764469742679907]},"properties":{"OBJECTID":969,"pointid":969,"grid_code":244.316391}},{"type":"Feature","id":970,"geometry":{"type":"Point","coordinates":[14.266758877881099,57.764474607008033]},"properties":{"OBJECTID":970,"pointid":970,"grid_code":238.023758}},{"type":"Feature","id":971,"geometry":{"type":"Point","coordinates":[14.267599190259798,57.764479465765298]},"properties":{"OBJECTID":971,"pointid":971,"grid_code":234.126984}},{"type":"Feature","id":972,"geometry":{"type":"Point","coordinates":[14.268439502908882,57.764484318951645]},"properties":{"OBJECTID":972,"pointid":972,"grid_code":231.810028}},{"type":"Feature","id":973,"geometry":{"type":"Point","coordinates":[14.269279815827957,57.76448916656711]},"properties":{"OBJECTID":973,"pointid":973,"grid_code":230.744202}},{"type":"Feature","id":974,"geometry":{"type":"Point","coordinates":[14.270120129016838,57.76449400861167]},"properties":{"OBJECTID":974,"pointid":974,"grid_code":229.762939}},{"type":"Feature","id":975,"geometry":{"type":"Point","coordinates":[14.265087371441835,57.764015790206422]},"properties":{"OBJECTID":975,"pointid":975,"grid_code":263.71701}},{"type":"Feature","id":976,"geometry":{"type":"Point","coordinates":[14.26592767285619,57.764020660021288]},"properties":{"OBJECTID":976,"pointid":976,"grid_code":251.031647}},{"type":"Feature","id":977,"geometry":{"type":"Point","coordinates":[14.266767974541541,57.764025524265399]},"properties":{"OBJECTID":977,"pointid":977,"grid_code":242.099411}},{"type":"Feature","id":978,"geometry":{"type":"Point","coordinates":[14.267608276497512,57.764030382938707]},"properties":{"OBJECTID":978,"pointid":978,"grid_code":237.416138}},{"type":"Feature","id":979,"geometry":{"type":"Point","coordinates":[14.268448578723861,57.764035236041209]},"properties":{"OBJECTID":979,"pointid":979,"grid_code":234.221375}},{"type":"Feature","id":980,"geometry":{"type":"Point","coordinates":[14.269288881220197,57.76404008357293]},"properties":{"OBJECTID":980,"pointid":980,"grid_code":232.158798}},{"type":"Feature","id":981,"geometry":{"type":"Point","coordinates":[14.270129183986313,57.764044925533824]},"properties":{"OBJECTID":981,"pointid":981,"grid_code":230.959351}},{"type":"Feature","id":982,"geometry":{"type":"Point","coordinates":[14.265936779668381,57.763571577329763]},"properties":{"OBJECTID":982,"pointid":982,"grid_code":259.579498}},{"type":"Feature","id":983,"geometry":{"type":"Point","coordinates":[14.266777070931326,57.763576441489818]},"properties":{"OBJECTID":983,"pointid":983,"grid_code":251.304504}},{"type":"Feature","id":984,"geometry":{"type":"Point","coordinates":[14.267617362464888,57.763581300079167]},"properties":{"OBJECTID":984,"pointid":984,"grid_code":240.640228}},{"type":"Feature","id":985,"geometry":{"type":"Point","coordinates":[14.26845765426881,57.763586153097833]},"properties":{"OBJECTID":985,"pointid":985,"grid_code":236.832138}},{"type":"Feature","id":986,"geometry":{"type":"Point","coordinates":[14.269297946342705,57.763591000545787]},"properties":{"OBJECTID":986,"pointid":986,"grid_code":234.856064}},{"type":"Feature","id":987,"geometry":{"type":"Point","coordinates":[14.270138238686382,57.763595842423058]},"properties":{"OBJECTID":987,"pointid":987,"grid_code":232.287628}},{"type":"Feature","id":988,"geometry":{"type":"Point","coordinates":[14.266786167050475,57.763127358681231]},"properties":{"OBJECTID":988,"pointid":988,"grid_code":256.201996}},{"type":"Feature","id":989,"geometry":{"type":"Point","coordinates":[14.267626448161927,57.763132217186666]},"properties":{"OBJECTID":989,"pointid":989,"grid_code":243.227386}},{"type":"Feature","id":990,"geometry":{"type":"Point","coordinates":[14.268466729543736,57.763137070121481]},"properties":{"OBJECTID":990,"pointid":990,"grid_code":240.112076}}]}